insert into codetube.country (id, country_name) values (1, 'Afghanistan');
insert into codetube.country (id, country_name) values (2, 'Albania');
insert into codetube.country (id, country_name) values (3, 'Algeria');
insert into codetube.country (id, country_name) values (4, 'Andorra');
insert into codetube.country (id, country_name) values (5, 'Angola');
insert into codetube.country (id, country_name) values (6, 'Antigua and Barbuda');
insert into codetube.country (id, country_name) values (7, 'Argentina');
insert into codetube.country (id, country_name) values (8, 'Armenia');
insert into codetube.country (id, country_name) values (9, 'Australia');
insert into codetube.country (id, country_name) values (10, 'Austria');
insert into codetube.country (id, country_name) values (11, 'Azerbaijan');
insert into codetube.country (id, country_name) values (12, 'Bahamas');
insert into codetube.country (id, country_name) values (13, 'Bahrain');
insert into codetube.country (id, country_name) values (14, 'Bangladesh');
insert into codetube.country (id, country_name) values (15, 'Barbados');
insert into codetube.country (id, country_name) values (16, 'Belarus');
insert into codetube.country (id, country_name) values (17, 'Belgium');
insert into codetube.country (id, country_name) values (18, 'Belize');
insert into codetube.country (id, country_name) values (19, 'Benin');
insert into codetube.country (id, country_name) values (20, 'Bhutan');
insert into codetube.country (id, country_name) values (21, 'Bolivia');
insert into codetube.country (id, country_name) values (22, 'Bosnia and Herzegovina');
insert into codetube.country (id, country_name) values (23, 'Botswana');
insert into codetube.country (id, country_name) values (24, 'Brazil');
insert into codetube.country (id, country_name) values (25, 'Brunei Darussalam');
insert into codetube.country (id, country_name) values (26, 'Bulgaria');
insert into codetube.country (id, country_name) values (27, 'Burkina Faso');
insert into codetube.country (id, country_name) values (28, 'Burundi');
insert into codetube.country (id, country_name) values (29, 'Cabo Verde');
insert into codetube.country (id, country_name) values (30, 'Cambodia');
insert into codetube.country (id, country_name) values (31, 'Cameroon');
insert into codetube.country (id, country_name) values (32, 'Canada');
insert into codetube.country (id, country_name) values (33, 'Central African Republic');
insert into codetube.country (id, country_name) values (34, 'Chad');
insert into codetube.country (id, country_name) values (35, 'Chile');
insert into codetube.country (id, country_name) values (36, 'China');
insert into codetube.country (id, country_name) values (37, 'Colombia');
insert into codetube.country (id, country_name) values (38, 'Comoros');
insert into codetube.country (id, country_name) values (39, 'Congo');
insert into codetube.country (id, country_name) values (40, 'Costa Rica');
insert into codetube.country (id, country_name) values (41, 'Ivory Coast');
insert into codetube.country (id, country_name) values (42, 'Croatia');
insert into codetube.country (id, country_name) values (43, 'Cuba');
insert into codetube.country (id, country_name) values (44, 'Cyprus');
insert into codetube.country (id, country_name) values (45, 'Czech Republic');
insert into codetube.country (id, country_name) values (46, 'DPR of Korea');
insert into codetube.country (id, country_name) values (47, 'DR Congo');
insert into codetube.country (id, country_name) values (48, 'Denmark');
insert into codetube.country (id, country_name) values (49, 'Djibouti');
insert into codetube.country (id, country_name) values (50, 'Dominica');
insert into codetube.country (id, country_name) values (51, 'Dominican Republic');
insert into codetube.country (id, country_name) values (52, 'Ecuador');
insert into codetube.country (id, country_name) values (53, 'Egypt');
insert into codetube.country (id, country_name) values (54, 'El Salvador');
insert into codetube.country (id, country_name) values (55, 'Equatorial Guinea');
insert into codetube.country (id, country_name) values (56, 'Eritrea');
insert into codetube.country (id, country_name) values (57, 'Estonia');
insert into codetube.country (id, country_name) values (58, 'Ethiopia');
insert into codetube.country (id, country_name) values (59, 'Fiji');
insert into codetube.country (id, country_name) values (60, 'Finland');
insert into codetube.country (id, country_name) values (61, 'France');
insert into codetube.country (id, country_name) values (62, 'Gabon');
insert into codetube.country (id, country_name) values (63, 'Gambia');
insert into codetube.country (id, country_name) values (64, 'Georgia');
insert into codetube.country (id, country_name) values (65, 'Germany');
insert into codetube.country (id, country_name) values (66, 'Ghana');
insert into codetube.country (id, country_name) values (67, 'Greece');
insert into codetube.country (id, country_name) values (68, 'Grenada');
insert into codetube.country (id, country_name) values (69, 'Guatemala');
insert into codetube.country (id, country_name) values (70, 'Guinea');
insert into codetube.country (id, country_name) values (71, 'Guinea Bissau');
insert into codetube.country (id, country_name) values (72, 'Guyana');
insert into codetube.country (id, country_name) values (73, 'Haiti');
insert into codetube.country (id, country_name) values (74, 'Honduras');
insert into codetube.country (id, country_name) values (75, 'Hungary');
insert into codetube.country (id, country_name) values (76, 'Iceland');
insert into codetube.country (id, country_name) values (77, 'India');
insert into codetube.country (id, country_name) values (78, 'Indonesia');
insert into codetube.country (id, country_name) values (79, 'Iran');
insert into codetube.country (id, country_name) values (80, 'Iraq');
insert into codetube.country (id, country_name) values (81, 'Ireland');
insert into codetube.country (id, country_name) values (82, 'Israel');
insert into codetube.country (id, country_name) values (83, 'Italy');
insert into codetube.country (id, country_name) values (84, 'Jamaica');
insert into codetube.country (id, country_name) values (85, 'Japan');
insert into codetube.country (id, country_name) values (86, 'Jordan');
insert into codetube.country (id, country_name) values (87, 'Kazakhstan');
insert into codetube.country (id, country_name) values (88, 'Kenya');
insert into codetube.country (id, country_name) values (89, 'Kiribati');
insert into codetube.country (id, country_name) values (90, 'Kuwait');
insert into codetube.country (id, country_name) values (91, 'Kyrgyzstan');
insert into codetube.country (id, country_name) values (92, 'Laos');
insert into codetube.country (id, country_name) values (93, 'Latvia');
insert into codetube.country (id, country_name) values (94, 'Lebanon');
insert into codetube.country (id, country_name) values (95, 'Lesotho');
insert into codetube.country (id, country_name) values (96, 'Liberia');
insert into codetube.country (id, country_name) values (97, 'Libya');
insert into codetube.country (id, country_name) values (98, 'Liechtenstein');
insert into codetube.country (id, country_name) values (99, 'Lithuania');
insert into codetube.country (id, country_name) values (100, 'Luxembourg');
insert into codetube.country (id, country_name) values (101, 'Madagascar');
insert into codetube.country (id, country_name) values (102, 'Malawi');
insert into codetube.country (id, country_name) values (103, 'Malaysia');
insert into codetube.country (id, country_name) values (104, 'Maldives');
insert into codetube.country (id, country_name) values (105, 'Mali');
insert into codetube.country (id, country_name) values (106, 'Malta');
insert into codetube.country (id, country_name) values (107, 'Marshall Islands');
insert into codetube.country (id, country_name) values (108, 'Mauritania');
insert into codetube.country (id, country_name) values (109, 'Mauritius');
insert into codetube.country (id, country_name) values (110, 'Mexico');
insert into codetube.country (id, country_name) values (111, 'Micronesia');
insert into codetube.country (id, country_name) values (112, 'Monaco');
insert into codetube.country (id, country_name) values (113, 'Mongolia');
insert into codetube.country (id, country_name) values (114, 'Montenegro');
insert into codetube.country (id, country_name) values (115, 'Morocco');
insert into codetube.country (id, country_name) values (116, 'Mozambique');
insert into codetube.country (id, country_name) values (117, 'Myanmar');
insert into codetube.country (id, country_name) values (118, 'Namibia');
insert into codetube.country (id, country_name) values (119, 'Nauru');
insert into codetube.country (id, country_name) values (120, 'Nepal');
insert into codetube.country (id, country_name) values (121, 'Netherlands');
insert into codetube.country (id, country_name) values (122, 'New Zealand');
insert into codetube.country (id, country_name) values (123, 'Nicaragua');
insert into codetube.country (id, country_name) values (124, 'Niger');
insert into codetube.country (id, country_name) values (125, 'Nigeria');
insert into codetube.country (id, country_name) values (126, 'Norway');
insert into codetube.country (id, country_name) values (127, 'Oman');
insert into codetube.country (id, country_name) values (128, 'Pakistan');
insert into codetube.country (id, country_name) values (129, 'Palau');
insert into codetube.country (id, country_name) values (130, 'Panama');
insert into codetube.country (id, country_name) values (131, 'Papua New Guinea');
insert into codetube.country (id, country_name) values (132, 'Paraguay');
insert into codetube.country (id, country_name) values (133, 'Peru');
insert into codetube.country (id, country_name) values (134, 'Philippines');
insert into codetube.country (id, country_name) values (135, 'Poland');
insert into codetube.country (id, country_name) values (136, 'Portugal');
insert into codetube.country (id, country_name) values (137, 'Qatar');
insert into codetube.country (id, country_name) values (138, 'Republic of Korea');
insert into codetube.country (id, country_name) values (139, 'Republic of Moldova');
insert into codetube.country (id, country_name) values (140, 'Romania');
insert into codetube.country (id, country_name) values (141, 'Russian Federation');
insert into codetube.country (id, country_name) values (142, 'Rwanda');
insert into codetube.country (id, country_name) values (143, 'Saint Kitts and Nevis');
insert into codetube.country (id, country_name) values (144, 'Saint Lucia');
insert into codetube.country (id, country_name) values (145, 'Saint Vincent and the Grenadines');
insert into codetube.country (id, country_name) values (146, 'Samoa');
insert into codetube.country (id, country_name) values (147, 'San Marino');
insert into codetube.country (id, country_name) values (148, 'Sao Tome and Principe');
insert into codetube.country (id, country_name) values (149, 'Saudi Arabia');
insert into codetube.country (id, country_name) values (150, 'Senegal');
insert into codetube.country (id, country_name) values (151, 'Serbia');
insert into codetube.country (id, country_name) values (152, 'Seychelles');
insert into codetube.country (id, country_name) values (153, 'Sierra Leone');
insert into codetube.country (id, country_name) values (154, 'Singapore');
insert into codetube.country (id, country_name) values (155, 'Slovakia');
insert into codetube.country (id, country_name) values (156, 'Slovenia');
insert into codetube.country (id, country_name) values (157, 'Solomon Islands');
insert into codetube.country (id, country_name) values (158, 'Somalia');
insert into codetube.country (id, country_name) values (159, 'South Africa');
insert into codetube.country (id, country_name) values (160, 'South Sudan');
insert into codetube.country (id, country_name) values (161, 'Spain');
insert into codetube.country (id, country_name) values (162, 'Sri Lanka');
insert into codetube.country (id, country_name) values (163, 'Sudan');
insert into codetube.country (id, country_name) values (164, 'Suriname');
insert into codetube.country (id, country_name) values (165, 'Swaziland');
insert into codetube.country (id, country_name) values (166, 'Sweden');
insert into codetube.country (id, country_name) values (167, 'Switzerland');
insert into codetube.country (id, country_name) values (168, 'Syrian Arab Republic');
insert into codetube.country (id, country_name) values (169, 'Tajikistan');
insert into codetube.country (id, country_name) values (170, 'Thailand');
insert into codetube.country (id, country_name) values (171, 'FYR Macedonia');
insert into codetube.country (id, country_name) values (172, 'Timor-Leste');
insert into codetube.country (id, country_name) values (173, 'Togo');
insert into codetube.country (id, country_name) values (174, 'Tonga');
insert into codetube.country (id, country_name) values (175, 'Trinidad and Tobago');
insert into codetube.country (id, country_name) values (176, 'Tunisia');
insert into codetube.country (id, country_name) values (177, 'Turkey');
insert into codetube.country (id, country_name) values (178, 'Turkmenistan');
insert into codetube.country (id, country_name) values (179, 'Tuvalu');
insert into codetube.country (id, country_name) values (180, 'Uganda');
insert into codetube.country (id, country_name) values (181, 'Ukraine');
insert into codetube.country (id, country_name) values (182, 'United Arab Emirates');
insert into codetube.country (id, country_name) values (183, 'United Kingdom');
insert into codetube.country (id, country_name) values (184, 'United Republic of Tanzania');
insert into codetube.country (id, country_name) values (185, 'Uruguay');
insert into codetube.country (id, country_name) values (186, 'United States of America');
insert into codetube.country (id, country_name) values (187, 'Uzbekistan');
insert into codetube.country (id, country_name) values (188, 'Vanuatu');
insert into codetube.country (id, country_name) values (189, 'Venezuela');
insert into codetube.country (id, country_name) values (190, 'Viet Nam');
insert into codetube.country (id, country_name) values (191, 'Yemen');
insert into codetube.country (id, country_name) values (192, 'Zambia');
insert into codetube.country (id, country_name) values (193, 'Zimbabwe');
insert into codetube.country (id, country_name) values (194, 'Radom');

insert into codetube.user_data (id, country_id, user_name, channel_id) values (1, 38, 'wlamberth0', 1);
insert into codetube.user_data (id, country_id, user_name, channel_id) values (2, 137, 'mducroe1', 2);
insert into codetube.user_data (id, country_id, user_name, channel_id) values (3, 177, 'bwolsey2', 3);
insert into codetube.user_data (id, country_id, user_name, channel_id) values (4, 70, 'sscrauniage3', 4);
insert into codetube.user_data (id, country_id, user_name, channel_id) values (5, 186, 'dbebb4', 5);
insert into codetube.user_data (id, country_id, user_name, channel_id) values (6, 115, 'fiannelli5', 6);
insert into codetube.user_data (id, country_id, user_name, channel_id) values (7, 82, 'omortell6', 7);
insert into codetube.user_data (id, country_id, user_name, channel_id) values (8, 108, 'dlyosik7', 8);
insert into codetube.user_data (id, country_id, user_name, channel_id) values (9, 4, 'aberecloth8', 9);
insert into codetube.user_data (id, country_id, user_name, channel_id) values (10, 165, 'fkilmaster9', 10);
insert into codetube.user_data (id, country_id, user_name, channel_id) values (11, 71, 'lgiannazzia', 11);
insert into codetube.user_data (id, country_id, user_name, channel_id) values (12, 126, 'lbarrarb', 12);
insert into codetube.user_data (id, country_id, user_name, channel_id) values (13, 144, 'lstegerc', 13);
insert into codetube.user_data (id, country_id, user_name, channel_id) values (14, 18, 'gffrenchd', 14);
insert into codetube.user_data (id, country_id, user_name, channel_id) values (15, 159, 'jsmethurste', 15);
insert into codetube.user_data (id, country_id, user_name, channel_id) values (16, 38, 'jgyenesf', 16);
insert into codetube.user_data (id, country_id, user_name, channel_id) values (17, 144, 'adacheyg', 17);
insert into codetube.user_data (id, country_id, user_name, channel_id) values (18, 162, 'craecrofth', 18);
insert into codetube.user_data (id, country_id, user_name, channel_id) values (19, 79, 'jbraunrothi', 19);
insert into codetube.user_data (id, country_id, user_name, channel_id) values (20, 108, 'fbertsonj', 20);
insert into codetube.user_data (id, country_id, user_name, channel_id) values (21, 39, 'swhealk', 21);
insert into codetube.user_data (id, country_id, user_name, channel_id) values (22, 181, 'csprittl', 22);
insert into codetube.user_data (id, country_id, user_name, channel_id) values (23, 123, 'dwardropm', 23);
insert into codetube.user_data (id, country_id, user_name, channel_id) values (24, 36, 'mcroysdalen', 24);
insert into codetube.user_data (id, country_id, user_name, channel_id) values (25, 134, 'lvezeyo', 25);
insert into codetube.user_data (id, country_id, user_name, channel_id) values (26, 57, 'eheavysidep', 26);
insert into codetube.user_data (id, country_id, user_name, channel_id) values (27, 109, 'tyeudeq', 27);
insert into codetube.user_data (id, country_id, user_name, channel_id) values (28, 124, 'kragborner', 28);
insert into codetube.user_data (id, country_id, user_name, channel_id) values (29, 73, 'blowers', 29);
insert into codetube.user_data (id, country_id, user_name, channel_id) values (30, 147, 'dsiggenst', 30);
insert into codetube.user_data (id, country_id, user_name, channel_id) values (31, 73, 'pcheekeu', 31);
insert into codetube.user_data (id, country_id, user_name, channel_id) values (32, 155, 'gasburyv', 32);
insert into codetube.user_data (id, country_id, user_name, channel_id) values (33, 174, 'rfurmongerw', 33);
insert into codetube.user_data (id, country_id, user_name, channel_id) values (34, 175, 'equiddihyx', 34);
insert into codetube.user_data (id, country_id, user_name, channel_id) values (35, 8, 'nhowroydy', 35);
insert into codetube.user_data (id, country_id, user_name, channel_id) values (36, 191, 'jdurantz', 36);
insert into codetube.user_data (id, country_id, user_name, channel_id) values (37, 138, 'rwerendell10', 37);
insert into codetube.user_data (id, country_id, user_name, channel_id) values (38, 89, 'mparriss11', 38);
insert into codetube.user_data (id, country_id, user_name, channel_id) values (39, 166, 'telgram12', 39);
insert into codetube.user_data (id, country_id, user_name, channel_id) values (40, 4, 'hmelladew13', 40);
insert into codetube.user_data (id, country_id, user_name, channel_id) values (41, 15, 'nanders14', 41);
insert into codetube.user_data (id, country_id, user_name, channel_id) values (42, 74, 'gtuminini15', 42);
insert into codetube.user_data (id, country_id, user_name, channel_id) values (43, 2, 'jrounsefull16', 43);
insert into codetube.user_data (id, country_id, user_name, channel_id) values (44, 182, 'kbrave17', 44);
insert into codetube.user_data (id, country_id, user_name, channel_id) values (45, 173, 'icrolly18', 45);
insert into codetube.user_data (id, country_id, user_name, channel_id) values (46, 84, 'vbrownhill19', 46);
insert into codetube.user_data (id, country_id, user_name, channel_id) values (47, 30, 'isturmey1a', 47);
insert into codetube.user_data (id, country_id, user_name, channel_id) values (48, 103, 'bingraham1b', 48);
insert into codetube.user_data (id, country_id, user_name, channel_id) values (49, 93, 'cgladding1c', 49);
insert into codetube.user_data (id, country_id, user_name, channel_id) values (50, 174, 'dhurcombe1d', 50);
insert into codetube.user_data (id, country_id, user_name, channel_id) values (51, 110, 'rscoggins1e', 51);
insert into codetube.user_data (id, country_id, user_name, channel_id) values (52, 51, 'acumpton1f', 52);
insert into codetube.user_data (id, country_id, user_name, channel_id) values (53, 157, 'dbullivant1g', 53);
insert into codetube.user_data (id, country_id, user_name, channel_id) values (54, 129, 'cjezard1h', 54);
insert into codetube.user_data (id, country_id, user_name, channel_id) values (55, 25, 'ccufflin1i', 55);
insert into codetube.user_data (id, country_id, user_name, channel_id) values (56, 134, 'omeachem1j', 56);
insert into codetube.user_data (id, country_id, user_name, channel_id) values (57, 129, 'shaddon1k', 57);
insert into codetube.user_data (id, country_id, user_name, channel_id) values (58, 60, 'lcartmail1l', 58);
insert into codetube.user_data (id, country_id, user_name, channel_id) values (59, 158, 'ldominguez1m', 59);
insert into codetube.user_data (id, country_id, user_name, channel_id) values (60, 78, 'dharbidge1n', 60);
insert into codetube.user_data (id, country_id, user_name, channel_id) values (61, 40, 'jgreensides1o', 61);
insert into codetube.user_data (id, country_id, user_name, channel_id) values (62, 20, 'cwindous1p', 62);
insert into codetube.user_data (id, country_id, user_name, channel_id) values (63, 149, 'khumburton1q', 63);
insert into codetube.user_data (id, country_id, user_name, channel_id) values (64, 21, 'lbogies1r', 64);
insert into codetube.user_data (id, country_id, user_name, channel_id) values (65, 146, 'cferrie1s', 65);
insert into codetube.user_data (id, country_id, user_name, channel_id) values (66, 101, 'nrakes1t', 66);
insert into codetube.user_data (id, country_id, user_name, channel_id) values (67, 160, 'iyegorev1u', 67);
insert into codetube.user_data (id, country_id, user_name, channel_id) values (68, 151, 'nnajara1v', 68);
insert into codetube.user_data (id, country_id, user_name, channel_id) values (69, 48, 'aallsopp1w', 69);
insert into codetube.user_data (id, country_id, user_name, channel_id) values (70, 179, 'jjaze1x', 70);
insert into codetube.user_data (id, country_id, user_name, channel_id) values (71, 38, 'rtwydell1y', 71);
insert into codetube.user_data (id, country_id, user_name, channel_id) values (72, 146, 'crosterne1z', 72);
insert into codetube.user_data (id, country_id, user_name, channel_id) values (73, 94, 'criglar20', 73);
insert into codetube.user_data (id, country_id, user_name, channel_id) values (74, 89, 'tterzi21', 74);
insert into codetube.user_data (id, country_id, user_name, channel_id) values (75, 183, 'mbranford22', 75);
insert into codetube.user_data (id, country_id, user_name, channel_id) values (76, 16, 'rsperwell23', 76);
insert into codetube.user_data (id, country_id, user_name, channel_id) values (77, 194, 'scubbini24', 77);
insert into codetube.user_data (id, country_id, user_name, channel_id) values (78, 185, 'gdyment25', 78);
insert into codetube.user_data (id, country_id, user_name, channel_id) values (79, 49, 'tsudran26', 79);
insert into codetube.user_data (id, country_id, user_name, channel_id) values (80, 39, 'ebanbrick27', 80);
insert into codetube.user_data (id, country_id, user_name, channel_id) values (81, 30, 'eswynley28', 81);
insert into codetube.user_data (id, country_id, user_name, channel_id) values (82, 54, 'zibbitt29', 82);
insert into codetube.user_data (id, country_id, user_name, channel_id) values (83, 164, 'storresi2a', 83);
insert into codetube.user_data (id, country_id, user_name, channel_id) values (84, 54, 'wbradlaugh2b', 84);
insert into codetube.user_data (id, country_id, user_name, channel_id) values (85, 13, 'ecrowley2c', 85);
insert into codetube.user_data (id, country_id, user_name, channel_id) values (86, 28, 'bsimms2d', 86);
insert into codetube.user_data (id, country_id, user_name, channel_id) values (87, 150, 'rleckie2e', 87);
insert into codetube.user_data (id, country_id, user_name, channel_id) values (88, 175, 'kbuer2f', 88);
insert into codetube.user_data (id, country_id, user_name, channel_id) values (89, 60, 'sfeighry2g', 89);
insert into codetube.user_data (id, country_id, user_name, channel_id) values (90, 70, 'kcurnick2h', 90);
insert into codetube.user_data (id, country_id, user_name, channel_id) values (91, 66, 'gwainscot2i', 91);
insert into codetube.user_data (id, country_id, user_name, channel_id) values (92, 90, 'erate2j', 92);
insert into codetube.user_data (id, country_id, user_name, channel_id) values (93, 35, 'rminard2k', 93);
insert into codetube.user_data (id, country_id, user_name, channel_id) values (94, 66, 'ebonefant2l', 94);
insert into codetube.user_data (id, country_id, user_name, channel_id) values (95, 177, 'avondruska2m', 95);
insert into codetube.user_data (id, country_id, user_name, channel_id) values (96, 134, 'hchesney2n', 96);
insert into codetube.user_data (id, country_id, user_name, channel_id) values (97, 175, 'dsheather2o', 97);
insert into codetube.user_data (id, country_id, user_name, channel_id) values (98, 18, 'nbeare2p', 98);
insert into codetube.user_data (id, country_id, user_name, channel_id) values (99, 71, 'tgiovannelli2q', 99);
insert into codetube.user_data (id, country_id, user_name, channel_id) values (100, 125, 'vsmiz2r', 100);

insert into codetube.login_info (id, user_data_id, email, password_hash, salt) values (1, 1, 'tjalland0@tripod.com', '6lqXolSvNm', '5OuLOU2pj');
insert into codetube.login_info (id, user_data_id, email, password_hash, salt) values (2, 2, 'hpardey1@hibu.com', 'DGWTvyqeLb2', 'Eom8nSh');
insert into codetube.login_info (id, user_data_id, email, password_hash, salt) values (3, 3, 'eallan2@exblog.jp', 'zmoruQRXi', 'pq8FLn');
insert into codetube.login_info (id, user_data_id, email, password_hash, salt) values (4, 4, 'ndielhenn3@wikimedia.org', 'Vg89F8B3', 'zhnnQW9Zk4x');
insert into codetube.login_info (id, user_data_id, email, password_hash, salt) values (5, 5, 'zhundell4@craigslist.org', '7u8JZeVPQ', 'PcwqJJZ2');
insert into codetube.login_info (id, user_data_id, email, password_hash, salt) values (6, 6, 'epierton5@edublogs.org', 'stciHPrANuLF', 'rzRlqY4G');
insert into codetube.login_info (id, user_data_id, email, password_hash, salt) values (7, 7, 'scode6@phoca.cz', 'QOHYdf', 'bzQBux1IjgJ');
insert into codetube.login_info (id, user_data_id, email, password_hash, salt) values (8, 8, 'ipantecost7@wikispaces.com', 'uZXq1ACvq', 'frYSvh');
insert into codetube.login_info (id, user_data_id, email, password_hash, salt) values (9, 9, 'adonaway8@census.gov', 'PnB7v8', 'C0EFyVs');
insert into codetube.login_info (id, user_data_id, email, password_hash, salt) values (10, 10, 'boaten9@newyorker.com', 'f7EmbNo4tCCc', 'tze4Eb9');
insert into codetube.login_info (id, user_data_id, email, password_hash, salt) values (11, 11, 'peyreea@zdnet.com', 'DAht09', 'U19GwKpUq');
insert into codetube.login_info (id, user_data_id, email, password_hash, salt) values (12, 12, 'ezuenellib@squarespace.com', 'ixsTeYkZ8', 'sTfdJb');
insert into codetube.login_info (id, user_data_id, email, password_hash, salt) values (13, 13, 'tgoalbyc@angelfire.com', 'iv6Lsftk7o2H', 'dWE9Lz9i');
insert into codetube.login_info (id, user_data_id, email, password_hash, salt) values (14, 14, 'rthyerd@ask.com', 'Slrjb82jFFF', 'gujlNsaMy1ww');
insert into codetube.login_info (id, user_data_id, email, password_hash, salt) values (15, 15, 'lrichtene@sitemeter.com', '0gwlwsB1rr6', 'J1N0shQBPiR');
insert into codetube.login_info (id, user_data_id, email, password_hash, salt) values (16, 16, 'cstopforthf@usgs.gov', 'YG6eTNbdp8', 'LBwnthr3S');
insert into codetube.login_info (id, user_data_id, email, password_hash, salt) values (17, 17, 'byappg@comcast.net', 'b7oUfYN3YJiy', 'oIqPbiy2FJJH');
insert into codetube.login_info (id, user_data_id, email, password_hash, salt) values (18, 18, 'wbuskh@github.io', 'aaQfKZ6qa', 'xFaErxxKeEyv');
insert into codetube.login_info (id, user_data_id, email, password_hash, salt) values (19, 19, 'kpumfretti@about.com', 'BEk0taHq', 'XPk9dXbJA');
insert into codetube.login_info (id, user_data_id, email, password_hash, salt) values (20, 20, 'lgoadsbyj@java.com', 'RdgyQBU73M', 'zRpHCcXhG');
insert into codetube.login_info (id, user_data_id, email, password_hash, salt) values (21, 21, 'wredbornk@marketwatch.com', 'LwuTp2ON', 'Gsw61Fw6Sv');
insert into codetube.login_info (id, user_data_id, email, password_hash, salt) values (22, 22, 'ideekl@jugem.jp', 'lXDLOnlo3', '53jQVy49');
insert into codetube.login_info (id, user_data_id, email, password_hash, salt) values (23, 23, 'agrigoriscum@amazon.co.uk', '6tAi6ocAB', 'ITZ7xXA2LQ');
insert into codetube.login_info (id, user_data_id, email, password_hash, salt) values (24, 24, 'rkittn@psu.edu', '1Ps0Xp0j3Cli', 'd77ZLHgOCmh');
insert into codetube.login_info (id, user_data_id, email, password_hash, salt) values (25, 25, 'cgadieo@i2i.jp', 'KvTRJWf8Qf', 'hYDzZOkLJn');
insert into codetube.login_info (id, user_data_id, email, password_hash, salt) values (26, 26, 'toultramp@redcross.org', '6owDPK11y', 'ZQ2gm9ekVyn');
insert into codetube.login_info (id, user_data_id, email, password_hash, salt) values (27, 27, 'taleksidzeq@umn.edu', 'Oyyr9IDtKW', 'DlhBLpImlLD');
insert into codetube.login_info (id, user_data_id, email, password_hash, salt) values (28, 28, 'ecuttinr@shinystat.com', 'sT7llG8AGO', 'SqcI2ZzlTcH');
insert into codetube.login_info (id, user_data_id, email, password_hash, salt) values (29, 29, 'vdoxseys@bbc.co.uk', '2aDBmz', 'ae2BMtmnUM8C');
insert into codetube.login_info (id, user_data_id, email, password_hash, salt) values (30, 30, 'akelseyt@comcast.net', 'mTz5Kvhdthl', 'x6yuNFQU6');
insert into codetube.login_info (id, user_data_id, email, password_hash, salt) values (31, 31, 'btreherneu@example.com', 'sOz4tvL', 'RqVoq3jy');
insert into codetube.login_info (id, user_data_id, email, password_hash, salt) values (32, 32, 'dcurnnokkv@desdev.cn', 'oqMyGIIfMc8V', 'iYfL1BQ');
insert into codetube.login_info (id, user_data_id, email, password_hash, salt) values (33, 33, 'nryallw@livejournal.com', 'KcqCj9DMt', 'OmULFSXOL3O');
insert into codetube.login_info (id, user_data_id, email, password_hash, salt) values (34, 34, 'awatchornx@cdbaby.com', '1x7AhX', 'OEAJsGJ6p0T9');
insert into codetube.login_info (id, user_data_id, email, password_hash, salt) values (35, 35, 'dpietzy@house.gov', 'NHHSFMrpWfZg', 'BFcV0704');
insert into codetube.login_info (id, user_data_id, email, password_hash, salt) values (36, 36, 'cseiterz@live.com', 'WWyX9k', 'lcM8sbj');
insert into codetube.login_info (id, user_data_id, email, password_hash, salt) values (37, 37, 'fshanks10@hubpages.com', 'rhqq7CkUe', 'QKa4Wim4UgVQ');
insert into codetube.login_info (id, user_data_id, email, password_hash, salt) values (38, 38, 'rmckeand11@reddit.com', 'apxYWn', 'IouYriampITo');
insert into codetube.login_info (id, user_data_id, email, password_hash, salt) values (39, 39, 'bsherlock12@unicef.org', 'E8mllti', 'PXY33W4l');
insert into codetube.login_info (id, user_data_id, email, password_hash, salt) values (40, 40, 'sravenscroftt13@blogspot.com', 'dd2IX1c60', 'N7DMAO7cZ57w');
insert into codetube.login_info (id, user_data_id, email, password_hash, salt) values (41, 41, 'nivimey14@merriam-webster.com', 'ntEvmoGZR', 'i2FIlElBy');
insert into codetube.login_info (id, user_data_id, email, password_hash, salt) values (42, 42, 'sosborne15@google.com.br', '9uBEfll2yZ', 'XHANyz6');
insert into codetube.login_info (id, user_data_id, email, password_hash, salt) values (43, 43, 'mimesen16@ed.gov', 'TSaI19zR', 'SXEAk99pBi5');
insert into codetube.login_info (id, user_data_id, email, password_hash, salt) values (44, 44, 'lcocks17@paginegialle.it', 'oTmpLpsQ8mh', 'cYTeeZ7x');
insert into codetube.login_info (id, user_data_id, email, password_hash, salt) values (45, 45, 'kespy18@forbes.com', '38WRT1uI', 'PLav2ZlB');
insert into codetube.login_info (id, user_data_id, email, password_hash, salt) values (46, 46, 'smcniff19@dagondesign.com', '80N2Mh', 'phvUP68uEKZ');
insert into codetube.login_info (id, user_data_id, email, password_hash, salt) values (47, 47, 'ctrevena1a@posterous.com', 'VYNVMY', 'XYkoocGXPo');
insert into codetube.login_info (id, user_data_id, email, password_hash, salt) values (48, 48, 'wsich1b@storify.com', 'BAsUghhR', 'QGUFZTfC590');
insert into codetube.login_info (id, user_data_id, email, password_hash, salt) values (49, 49, 'lmongain1c@mozilla.org', 'iMcVyx', 'gw2mKv2uDqhR');
insert into codetube.login_info (id, user_data_id, email, password_hash, salt) values (50, 50, 'kfagence1d@deliciousdays.com', 'e4qn931xH', '6lYSSE1pI');
insert into codetube.login_info (id, user_data_id, email, password_hash, salt) values (51, 51, 'jjukubczak1e@last.fm', 'xKOyP0', '3TPIOj7tdrZ');
insert into codetube.login_info (id, user_data_id, email, password_hash, salt) values (52, 52, 'bwhannel1f@go.com', 'MGoyDO', 'clK75O');
insert into codetube.login_info (id, user_data_id, email, password_hash, salt) values (53, 53, 'hlawless1g@github.io', 'nzj5jGyX', 'OigJCxm');
insert into codetube.login_info (id, user_data_id, email, password_hash, salt) values (54, 54, 'bguillet1h@live.com', 'AVubceT', 'h0UblFyVVPZV');
insert into codetube.login_info (id, user_data_id, email, password_hash, salt) values (55, 55, 'asymington1i@bing.com', 'EnkzYv4Y', 'xK8gMy');
insert into codetube.login_info (id, user_data_id, email, password_hash, salt) values (56, 56, 'gmchirrie1j@multiply.com', '9LO9iy', '66gzl9dbAU5v');
insert into codetube.login_info (id, user_data_id, email, password_hash, salt) values (57, 57, 'amortlock1k@cpanel.net', 'olqNt9YI', 'Awey5ggctz');
insert into codetube.login_info (id, user_data_id, email, password_hash, salt) values (58, 58, 'fwashington1l@stumbleupon.com', '72aHs6Bn', 'x8dgp8dXR6');
insert into codetube.login_info (id, user_data_id, email, password_hash, salt) values (59, 59, 'awallen1m@sphinn.com', 'h2MMB934H', 'RFZ6bz');
insert into codetube.login_info (id, user_data_id, email, password_hash, salt) values (60, 60, 'hives1n@tiny.cc', 'mkB8AY', 'GISL25');
insert into codetube.login_info (id, user_data_id, email, password_hash, salt) values (61, 61, 'scranny1o@time.com', 'f5NcnclOH', 'ITpYESHfhG8T');
insert into codetube.login_info (id, user_data_id, email, password_hash, salt) values (62, 62, 'cocassidy1p@fda.gov', 'ZozR7G', 'Nxmj0bp');
insert into codetube.login_info (id, user_data_id, email, password_hash, salt) values (63, 63, 'eponter1q@foxnews.com', 'qUUFGw', 'TeGFGq6kg');
insert into codetube.login_info (id, user_data_id, email, password_hash, salt) values (64, 64, 'ksidwick1r@quantcast.com', 'OjrfIF', 'Xx59g93ptT1');
insert into codetube.login_info (id, user_data_id, email, password_hash, salt) values (65, 65, 'gfraczek1s@sphinn.com', '5wWOF2', '1GRxifN');
insert into codetube.login_info (id, user_data_id, email, password_hash, salt) values (66, 66, 'ewhytock1t@ameblo.jp', 'N8BheCJzt', '78KJbnHwB7C');
insert into codetube.login_info (id, user_data_id, email, password_hash, salt) values (67, 67, 'gmacgrath1u@google.co.jp', 'YwnQjfQU', 'vd32sQG');
insert into codetube.login_info (id, user_data_id, email, password_hash, salt) values (68, 68, 'kredparth1v@dot.gov', 'mtCNWPKcNL', 'kzMsjMXC');
insert into codetube.login_info (id, user_data_id, email, password_hash, salt) values (69, 69, 'lmeates1w@amazonaws.com', 'UREMqc9tBB', 'Fm5ENpGB');
insert into codetube.login_info (id, user_data_id, email, password_hash, salt) values (70, 70, 'jkinlock1x@gizmodo.com', 'kUnd0Lanat6B', 'PmcdW6h0x');
insert into codetube.login_info (id, user_data_id, email, password_hash, salt) values (71, 71, 'bwicklin1y@people.com.cn', '0OXQL2', 'gI6dxzGrrKs');
insert into codetube.login_info (id, user_data_id, email, password_hash, salt) values (72, 72, 'tdelloyd1z@wufoo.com', 'ynQjk39', 'pTCfPob5t40');
insert into codetube.login_info (id, user_data_id, email, password_hash, salt) values (73, 73, 'cedelston20@mapy.cz', '2If7jjU46vd', 'AYaw4bih');
insert into codetube.login_info (id, user_data_id, email, password_hash, salt) values (74, 74, 'redgehill21@usda.gov', '6YZ1gKVaw', 'Lhfbxn');
insert into codetube.login_info (id, user_data_id, email, password_hash, salt) values (75, 75, 'ltout22@theatlantic.com', 'ubn9rSrCP0h4', 'DKjfZ8');
insert into codetube.login_info (id, user_data_id, email, password_hash, salt) values (76, 76, 'ldewinton23@devhub.com', 'zvCkwSUke7D6', 'zeNb1kgKD');
insert into codetube.login_info (id, user_data_id, email, password_hash, salt) values (77, 77, 'cterbeck24@umich.edu', '0KHuISUH', 'IA1TRD3w');
insert into codetube.login_info (id, user_data_id, email, password_hash, salt) values (78, 78, 'hclemas25@usgs.gov', '8duNjdQy5', 'WvVj7w');
insert into codetube.login_info (id, user_data_id, email, password_hash, salt) values (79, 79, 'kkort26@google.fr', 'p5FtGM9b0F', 'xAtoMbsVu');
insert into codetube.login_info (id, user_data_id, email, password_hash, salt) values (80, 80, 'mroughley27@geocities.jp', 'aKlDve', 'vyBtwe');
insert into codetube.login_info (id, user_data_id, email, password_hash, salt) values (81, 81, 'wriseley28@cbsnews.com', 'yJpm1dbZDNKO', 'j5hLFDLkXKru');
insert into codetube.login_info (id, user_data_id, email, password_hash, salt) values (82, 82, 'nleffek29@360.cn', '7YHLbKZfN', '6JGcjoR');
insert into codetube.login_info (id, user_data_id, email, password_hash, salt) values (83, 83, 'ibims2a@rediff.com', '1GW9On', 'HZk2FYj');
insert into codetube.login_info (id, user_data_id, email, password_hash, salt) values (84, 84, 'gbellward2b@gmpg.org', 'Bt5KgJK8', '3cuuCFYenu');
insert into codetube.login_info (id, user_data_id, email, password_hash, salt) values (85, 85, 'lberthod2c@multiply.com', 'OloOirmTO', 'VXkVxarDO');
insert into codetube.login_info (id, user_data_id, email, password_hash, salt) values (86, 86, 'aevensden2d@yolasite.com', 'wlAdqxH2mZk', 'jbgsINNRua');
insert into codetube.login_info (id, user_data_id, email, password_hash, salt) values (87, 87, 'ashemmin2e@mysql.com', 'FnQp9k6sK', 'kiDvE1bmFd');
insert into codetube.login_info (id, user_data_id, email, password_hash, salt) values (88, 88, 'mralston2f@chicagotribune.com', 'TmLNWmLE', 'MP8QRXN');
insert into codetube.login_info (id, user_data_id, email, password_hash, salt) values (89, 89, 'gmullord2g@house.gov', 'Y5m0zTE', 'Ky4fzqN');
insert into codetube.login_info (id, user_data_id, email, password_hash, salt) values (90, 90, 'dbruckent2h@msu.edu', '17WKeeL43IY', '3H5TNj4sjT');
insert into codetube.login_info (id, user_data_id, email, password_hash, salt) values (91, 91, 'dharnor2i@ocn.ne.jp', 'yFGOcAm', 'aO0BTzQ');
insert into codetube.login_info (id, user_data_id, email, password_hash, salt) values (92, 92, 'ndraco2j@shinystat.com', 'k8JR2xt', '3t3G6nBG');
insert into codetube.login_info (id, user_data_id, email, password_hash, salt) values (93, 93, 'tcrier2k@oaic.gov.au', 'gsmbFAb', 'RRv5YQzX0W1');
insert into codetube.login_info (id, user_data_id, email, password_hash, salt) values (94, 94, 'smccurt2l@nydailynews.com', 'aZVfLRNO', 'Szd8FlD1');
insert into codetube.login_info (id, user_data_id, email, password_hash, salt) values (95, 95, 'stanzig2m@loc.gov', 'W25Vj0', 'nSsjXBqP0crU');
insert into codetube.login_info (id, user_data_id, email, password_hash, salt) values (96, 96, 'hsummerlee2n@networksolutions.com', 'nXWnvbuKHj4I', 'WgVRI4vlY');
insert into codetube.login_info (id, user_data_id, email, password_hash, salt) values (97, 97, 'pbrownsett2o@gizmodo.com', 'wYK44QtyfhSo', 'HhxstUR3');
insert into codetube.login_info (id, user_data_id, email, password_hash, salt) values (98, 98, 'mgiff2p@miitbeian.gov.cn', 'rsS2Naizo8', '579zoEW6gt');
insert into codetube.login_info (id, user_data_id, email, password_hash, salt) values (99, 99, 'fbaptiste2q@hp.com', 'iGsGPaMFy', 'pC2Sdu0Zw');
insert into codetube.login_info (id, user_data_id, email, password_hash, salt) values (100, 100, 'cdunthorn2r@mozilla.org', '3bKHdvN0', 'ktOKPTt2poy');

insert into codetube.region (region_name) values ('Clappertonia Meissner');
insert into codetube.region (region_name) values ('Ligusticum scoticum L. ssp. scoticum');
insert into codetube.region (region_name) values ('Vaccinium elliottii Chapm.');
insert into codetube.region (region_name) values ('Opuntia engelmannii Salm-Dyck ex Engelm. var. cuija Griffiths & Hare');
insert into codetube.region (region_name) values ('Crataegus macrosperma Ashe');
insert into codetube.region (region_name) values ('Artemisia cana Pursh ssp. bolanderi (A. Gray) G.H. Ward');
insert into codetube.region (region_name) values ('Phoradendron leucarpum (Raf.) Reveal & M.C. Johnst.');
insert into codetube.region (region_name) values ('Scorzonera L.');
insert into codetube.region (region_name) values ('Parmotrema perforatum (Jacq.) A. Massal.');
insert into codetube.region (region_name) values ('Helianthus grosseserratus M. Martens');

insert into codetube.region_country (region_id, country_id) values (2, 83);
insert into codetube.region_country (region_id, country_id) values (2, 56);
insert into codetube.region_country (region_id, country_id) values (3, 17);
insert into codetube.region_country (region_id, country_id) values (2, 53);
insert into codetube.region_country (region_id, country_id) values (2, 9);
insert into codetube.region_country (region_id, country_id) values (2, 90);
insert into codetube.region_country (region_id, country_id) values (3, 9);
insert into codetube.region_country (region_id, country_id) values (1, 82);
insert into codetube.region_country (region_id, country_id) values (2, 50);
insert into codetube.region_country (region_id, country_id) values (2, 19);
insert into codetube.region_country (region_id, country_id) values (1, 12);
insert into codetube.region_country (region_id, country_id) values (1, 44);
insert into codetube.region_country (region_id, country_id) values (2, 96);
insert into codetube.region_country (region_id, country_id) values (1, 24);
insert into codetube.region_country (region_id, country_id) values (2, 52);
insert into codetube.region_country (region_id, country_id) values (3, 80);
insert into codetube.region_country (region_id, country_id) values (1, 27);
insert into codetube.region_country (region_id, country_id) values (1, 65);
insert into codetube.region_country (region_id, country_id) values (1, 24);
insert into codetube.region_country (region_id, country_id) values (1, 88);
insert into codetube.region_country (region_id, country_id) values (3, 47);
insert into codetube.region_country (region_id, country_id) values (3, 15);
insert into codetube.region_country (region_id, country_id) values (3, 100);
insert into codetube.region_country (region_id, country_id) values (2, 50);
insert into codetube.region_country (region_id, country_id) values (3, 6);
insert into codetube.region_country (region_id, country_id) values (1, 2);
insert into codetube.region_country (region_id, country_id) values (2, 1);
insert into codetube.region_country (region_id, country_id) values (1, 88);
insert into codetube.region_country (region_id, country_id) values (2, 42);
insert into codetube.region_country (region_id, country_id) values (2, 10);
insert into codetube.region_country (region_id, country_id) values (1, 19);
insert into codetube.region_country (region_id, country_id) values (1, 69);
insert into codetube.region_country (region_id, country_id) values (2, 20);
insert into codetube.region_country (region_id, country_id) values (2, 2);
insert into codetube.region_country (region_id, country_id) values (2, 36);
insert into codetube.region_country (region_id, country_id) values (1, 46);
insert into codetube.region_country (region_id, country_id) values (1, 35);
insert into codetube.region_country (region_id, country_id) values (1, 12);
insert into codetube.region_country (region_id, country_id) values (1, 26);
insert into codetube.region_country (region_id, country_id) values (3, 76);
insert into codetube.region_country (region_id, country_id) values (1, 97);
insert into codetube.region_country (region_id, country_id) values (1, 7);
insert into codetube.region_country (region_id, country_id) values (1, 75);
insert into codetube.region_country (region_id, country_id) values (2, 12);
insert into codetube.region_country (region_id, country_id) values (1, 85);
insert into codetube.region_country (region_id, country_id) values (1, 11);
insert into codetube.region_country (region_id, country_id) values (1, 86);
insert into codetube.region_country (region_id, country_id) values (1, 57);
insert into codetube.region_country (region_id, country_id) values (1, 17);
insert into codetube.region_country (region_id, country_id) values (1, 19);
insert into codetube.region_country (region_id, country_id) values (2, 16);
insert into codetube.region_country (region_id, country_id) values (3, 55);
insert into codetube.region_country (region_id, country_id) values (3, 51);
insert into codetube.region_country (region_id, country_id) values (3, 72);
insert into codetube.region_country (region_id, country_id) values (1, 54);
insert into codetube.region_country (region_id, country_id) values (1, 2);
insert into codetube.region_country (region_id, country_id) values (1, 36);
insert into codetube.region_country (region_id, country_id) values (2, 38);
insert into codetube.region_country (region_id, country_id) values (1, 77);
insert into codetube.region_country (region_id, country_id) values (1, 36);
insert into codetube.region_country (region_id, country_id) values (3, 25);
insert into codetube.region_country (region_id, country_id) values (2, 92);
insert into codetube.region_country (region_id, country_id) values (2, 59);
insert into codetube.region_country (region_id, country_id) values (3, 75);
insert into codetube.region_country (region_id, country_id) values (1, 8);
insert into codetube.region_country (region_id, country_id) values (1, 51);
insert into codetube.region_country (region_id, country_id) values (3, 43);
insert into codetube.region_country (region_id, country_id) values (1, 15);
insert into codetube.region_country (region_id, country_id) values (2, 89);
insert into codetube.region_country (region_id, country_id) values (3, 67);
insert into codetube.region_country (region_id, country_id) values (3, 43);
insert into codetube.region_country (region_id, country_id) values (2, 98);
insert into codetube.region_country (region_id, country_id) values (2, 35);
insert into codetube.region_country (region_id, country_id) values (3, 5);
insert into codetube.region_country (region_id, country_id) values (1, 94);
insert into codetube.region_country (region_id, country_id) values (1, 29);
insert into codetube.region_country (region_id, country_id) values (1, 71);
insert into codetube.region_country (region_id, country_id) values (3, 62);
insert into codetube.region_country (region_id, country_id) values (3, 85);
insert into codetube.region_country (region_id, country_id) values (3, 72);
insert into codetube.region_country (region_id, country_id) values (2, 14);
insert into codetube.region_country (region_id, country_id) values (2, 6);
insert into codetube.region_country (region_id, country_id) values (1, 81);
insert into codetube.region_country (region_id, country_id) values (3, 3);
insert into codetube.region_country (region_id, country_id) values (1, 35);
insert into codetube.region_country (region_id, country_id) values (3, 17);
insert into codetube.region_country (region_id, country_id) values (3, 90);
insert into codetube.region_country (region_id, country_id) values (3, 49);
insert into codetube.region_country (region_id, country_id) values (3, 79);
insert into codetube.region_country (region_id, country_id) values (2, 18);
insert into codetube.region_country (region_id, country_id) values (2, 42);
insert into codetube.region_country (region_id, country_id) values (2, 38);
insert into codetube.region_country (region_id, country_id) values (2, 58);
insert into codetube.region_country (region_id, country_id) values (3, 1);
insert into codetube.region_country (region_id, country_id) values (1, 92);
insert into codetube.region_country (region_id, country_id) values (2, 63);
insert into codetube.region_country (region_id, country_id) values (2, 65);
insert into codetube.region_country (region_id, country_id) values (1, 13);
insert into codetube.region_country (region_id, country_id) values (2, 28);
insert into codetube.region_country (region_id, country_id) values (1, 89);
insert into codetube.region_country (region_id, country_id) values (1, 46);
insert into codetube.region_country (region_id, country_id) values (1, 45);
insert into codetube.region_country (region_id, country_id) values (1, 1);
insert into codetube.region_country (region_id, country_id) values (3, 7);
insert into codetube.region_country (region_id, country_id) values (1, 44);
insert into codetube.region_country (region_id, country_id) values (1, 32);
insert into codetube.region_country (region_id, country_id) values (1, 19);
insert into codetube.region_country (region_id, country_id) values (3, 68);
insert into codetube.region_country (region_id, country_id) values (2, 28);
insert into codetube.region_country (region_id, country_id) values (2, 33);
insert into codetube.region_country (region_id, country_id) values (2, 52);
insert into codetube.region_country (region_id, country_id) values (3, 27);
insert into codetube.region_country (region_id, country_id) values (2, 35);
insert into codetube.region_country (region_id, country_id) values (3, 49);
insert into codetube.region_country (region_id, country_id) values (3, 84);
insert into codetube.region_country (region_id, country_id) values (3, 99);
insert into codetube.region_country (region_id, country_id) values (1, 20);
insert into codetube.region_country (region_id, country_id) values (3, 37);
insert into codetube.region_country (region_id, country_id) values (3, 54);
insert into codetube.region_country (region_id, country_id) values (3, 22);
insert into codetube.region_country (region_id, country_id) values (2, 2);
insert into codetube.region_country (region_id, country_id) values (1, 87);
insert into codetube.region_country (region_id, country_id) values (3, 81);
insert into codetube.region_country (region_id, country_id) values (3, 66);
insert into codetube.region_country (region_id, country_id) values (2, 53);
insert into codetube.region_country (region_id, country_id) values (1, 71);
insert into codetube.region_country (region_id, country_id) values (1, 97);
insert into codetube.region_country (region_id, country_id) values (3, 63);
insert into codetube.region_country (region_id, country_id) values (3, 98);
insert into codetube.region_country (region_id, country_id) values (3, 59);
insert into codetube.region_country (region_id, country_id) values (2, 3);
insert into codetube.region_country (region_id, country_id) values (3, 59);
insert into codetube.region_country (region_id, country_id) values (3, 75);
insert into codetube.region_country (region_id, country_id) values (3, 78);
insert into codetube.region_country (region_id, country_id) values (3, 81);
insert into codetube.region_country (region_id, country_id) values (3, 90);
insert into codetube.region_country (region_id, country_id) values (3, 76);
insert into codetube.region_country (region_id, country_id) values (3, 57);
insert into codetube.region_country (region_id, country_id) values (2, 6);
insert into codetube.region_country (region_id, country_id) values (2, 54);
insert into codetube.region_country (region_id, country_id) values (3, 45);
insert into codetube.region_country (region_id, country_id) values (2, 13);
insert into codetube.region_country (region_id, country_id) values (1, 75);
insert into codetube.region_country (region_id, country_id) values (2, 4);
insert into codetube.region_country (region_id, country_id) values (1, 29);
insert into codetube.region_country (region_id, country_id) values (3, 69);
insert into codetube.region_country (region_id, country_id) values (3, 81);
insert into codetube.region_country (region_id, country_id) values (2, 80);
insert into codetube.region_country (region_id, country_id) values (3, 69);
insert into codetube.region_country (region_id, country_id) values (1, 48);
insert into codetube.region_country (region_id, country_id) values (3, 61);
insert into codetube.region_country (region_id, country_id) values (2, 95);
insert into codetube.region_country (region_id, country_id) values (2, 32);
insert into codetube.region_country (region_id, country_id) values (3, 65);
insert into codetube.region_country (region_id, country_id) values (2, 37);
insert into codetube.region_country (region_id, country_id) values (1, 31);
insert into codetube.region_country (region_id, country_id) values (2, 77);
insert into codetube.region_country (region_id, country_id) values (2, 35);
insert into codetube.region_country (region_id, country_id) values (3, 43);
insert into codetube.region_country (region_id, country_id) values (3, 89);
insert into codetube.region_country (region_id, country_id) values (2, 63);
insert into codetube.region_country (region_id, country_id) values (2, 83);
insert into codetube.region_country (region_id, country_id) values (3, 14);
insert into codetube.region_country (region_id, country_id) values (3, 90);
insert into codetube.region_country (region_id, country_id) values (2, 86);
insert into codetube.region_country (region_id, country_id) values (3, 88);
insert into codetube.region_country (region_id, country_id) values (3, 62);
insert into codetube.region_country (region_id, country_id) values (3, 91);
insert into codetube.region_country (region_id, country_id) values (3, 85);
insert into codetube.region_country (region_id, country_id) values (3, 33);
insert into codetube.region_country (region_id, country_id) values (2, 46);
insert into codetube.region_country (region_id, country_id) values (1, 9);
insert into codetube.region_country (region_id, country_id) values (3, 49);
insert into codetube.region_country (region_id, country_id) values (3, 26);
insert into codetube.region_country (region_id, country_id) values (1, 62);
insert into codetube.region_country (region_id, country_id) values (2, 77);
insert into codetube.region_country (region_id, country_id) values (3, 9);
insert into codetube.region_country (region_id, country_id) values (2, 100);
insert into codetube.region_country (region_id, country_id) values (2, 17);
insert into codetube.region_country (region_id, country_id) values (2, 53);
insert into codetube.region_country (region_id, country_id) values (3, 54);
insert into codetube.region_country (region_id, country_id) values (1, 36);
insert into codetube.region_country (region_id, country_id) values (3, 95);
insert into codetube.region_country (region_id, country_id) values (2, 76);
insert into codetube.region_country (region_id, country_id) values (3, 53);
insert into codetube.region_country (region_id, country_id) values (2, 80);
insert into codetube.region_country (region_id, country_id) values (3, 92);
insert into codetube.region_country (region_id, country_id) values (1, 96);
insert into codetube.region_country (region_id, country_id) values (3, 92);
insert into codetube.region_country (region_id, country_id) values (1, 8);
insert into codetube.region_country (region_id, country_id) values (1, 50);
insert into codetube.region_country (region_id, country_id) values (3, 42);
insert into codetube.region_country (region_id, country_id) values (2, 85);
insert into codetube.region_country (region_id, country_id) values (3, 98);
insert into codetube.region_country (region_id, country_id) values (2, 89);
insert into codetube.region_country (region_id, country_id) values (3, 44);
insert into codetube.region_country (region_id, country_id) values (1, 76);
insert into codetube.region_country (region_id, country_id) values (3, 74);
insert into codetube.region_country (region_id, country_id) values (2, 76);
insert into codetube.region_country (region_id, country_id) values (3, 13);

insert into codetube.video (id, channel_id, title, length, views_count, lajks_count, dislajks_count, url, description, privacy_settings, region) values (1, 19, 'ALCOHOL', 9771, 0, 0, 0, 'https://purevolume.com/venenatis/tristique/fusce/congue/diam/id.xml?duis=sagittis&bibendum=dui', 'Praesent id massa id nisl venenatis lacinia. Aenean sit amet justo. Morbi ut odio.', false, 5);
insert into codetube.video (id, channel_id, title, length, views_count, lajks_count, dislajks_count, url, description, privacy_settings, region) values (2, 91, 'Titanium Dioxide, Zinc Oxide', 1120, 0, 0, 0, 'https://alexa.com/sociis/natoque/penatibus/et/magnis/dis/parturient.html?venenatis=pede&turpis=justo&enim=eu&blandit=massa&mi=donec&in=dapibus&porttitor=duis&pede=at&justo=velit&eu=eu', 'Morbi non lectus. Aliquam sit amet diam in magna bibendum imperdiet. Nullam orci pede, venenatis non, sodales sed, tincidunt eu, felis.', true, 5);
insert into codetube.video (id, channel_id, title, length, views_count, lajks_count, dislajks_count, url, description, privacy_settings, region) values (3, 46, 'Terbinafine Hydrochloride', 3942, 0, 0, 0, 'http://networksolutions.com/penatibus.jsp?ligula=posuere&sit=metus&amet=vitae&eleifend=ipsum&pede=aliquam&libero=non&quis=mauris&orci=morbi&nullam=non&molestie=lectus&nibh=aliquam&in=sit&lectus=amet&pellentesque=diam&at=in&nulla=magna&suspendisse=bibendum&potenti=imperdiet&cras=nullam&in=orci&purus=pede&eu=venenatis&magna=non&vulputate=sodales&luctus=sed&cum=tincidunt&sociis=eu&natoque=felis&penatibus=fusce&et=posuere&magnis=felis&dis=sed&parturient=lacus&montes=morbi&nascetur=sem&ridiculus=mauris&mus=laoreet&vivamus=ut&vestibulum=rhoncus&sagittis=aliquet&sapien=pulvinar&cum=sed&sociis=nisl&natoque=nunc&penatibus=rhoncus&et=dui&magnis=vel&dis=sem&parturient=sed&montes=sagittis&nascetur=nam&ridiculus=congue&mus=risus&etiam=semper&vel=porta&augue=volutpat&vestibulum=quam&rutrum=pede&rutrum=lobortis&neque=ligula&aenean=sit&auctor=amet&gravida=eleifend&sem=pede&praesent=libero', 'Nullam sit amet turpis elementum ligula vehicula consequat. Morbi a ipsum. Integer a nibh.', true, 6);
insert into codetube.video (id, channel_id, title, length, views_count, lajks_count, dislajks_count, url, description, privacy_settings, region) values (4, 64, 'atenolol', 9230, 0, 0, 0, 'https://imgur.com/molestie.json?cras=et&mi=tempus&pede=semper&malesuada=est&in=quam&imperdiet=pharetra&et=magna&commodo=ac&vulputate=consequat&justo=metus&in=sapien&blandit=ut&ultrices=nunc&enim=vestibulum&lorem=ante&ipsum=ipsum&dolor=primis&sit=in&amet=faucibus&consectetuer=orci&adipiscing=luctus&elit=et&proin=ultrices&interdum=posuere&mauris=cubilia&non=curae&ligula=mauris&pellentesque=viverra&ultrices=diam&phasellus=vitae&id=quam&sapien=suspendisse&in=potenti&sapien=nullam&iaculis=porttitor&congue=lacus&vivamus=at&metus=turpis&arcu=donec&adipiscing=posuere&molestie=metus&hendrerit=vitae&at=ipsum&vulputate=aliquam&vitae=non&nisl=mauris&aenean=morbi&lectus=non&pellentesque=lectus&eget=aliquam&nunc=sit&donec=amet&quis=diam&orci=in&eget=magna&orci=bibendum&vehicula=imperdiet&condimentum=nullam&curabitur=orci&in=pede&libero=venenatis&ut=non&massa=sodales&volutpat=sed&convallis=tincidunt&morbi=eu&odio=felis&odio=fusce&elementum=posuere&eu=felis&interdum=sed&eu=lacus&tincidunt=morbi&in=sem&leo=mauris&maecenas=laoreet&pulvinar=ut&lobortis=rhoncus&est=aliquet&phasellus=pulvinar&sit=sed&amet=nisl&erat=nunc&nulla=rhoncus&tempus=dui&vivamus=vel&in=sem&felis=sed&eu=sagittis&sapien=nam&cursus=congue&vestibulum=risus', 'Nam ultrices, libero non mattis pulvinar, nulla pede ullamcorper augue, a suscipit nulla elit ac nulla. Sed vel enim sit amet nunc viverra dapibus. Nulla suscipit ligula in lacus.', false, 2);
insert into codetube.video (id, channel_id, title, length, views_count, lajks_count, dislajks_count, url, description, privacy_settings, region) values (5, 91, 'AVOBENZONE, OCTOCRYLENE, OXYBENZONE', 131, 0, 0, 0, 'http://ameblo.jp/ac/est/lacinia/nisi.html?maecenas=ut&ut=erat&massa=id&quis=mauris&augue=vulputate&luctus=elementum&tincidunt=nullam&nulla=varius&mollis=nulla&molestie=facilisi&lorem=cras&quisque=non&ut=velit', 'Quisque porta volutpat erat. Quisque erat eros, viverra eget, congue eget, semper rutrum, nulla. Nunc purus.', true, 5);
insert into codetube.video (id, channel_id, title, length, views_count, lajks_count, dislajks_count, url, description, privacy_settings, region) values (6, 34, 'Butalbital, Acetaminophen and Caffeine', 6450, 0, 0, 0, 'https://csmonitor.com/in/blandit/ultrices.xml?semper=risus&rutrum=dapibus&nulla=augue&nunc=vel&purus=accumsan&phasellus=tellus&in=nisi&felis=eu&donec=orci&semper=mauris&sapien=lacinia&a=sapien&libero=quis&nam=libero&dui=nullam&proin=sit&leo=amet&odio=turpis&porttitor=elementum&id=ligula&consequat=vehicula&in=consequat&consequat=morbi&ut=a&nulla=ipsum&sed=integer&accumsan=a&felis=nibh&ut=in&at=quis&dolor=justo&quis=maecenas&odio=rhoncus&consequat=aliquam&varius=lacus&integer=morbi&ac=quis&leo=tortor&pellentesque=id&ultrices=nulla&mattis=ultrices&odio=aliquet&donec=maecenas&vitae=leo&nisi=odio&nam=condimentum&ultrices=id&libero=luctus&non=nec&mattis=molestie&pulvinar=sed&nulla=justo&pede=pellentesque&ullamcorper=viverra&augue=pede&a=ac&suscipit=diam&nulla=cras&elit=pellentesque&ac=volutpat&nulla=dui&sed=maecenas&vel=tristique', 'Cras non velit nec nisi vulputate nonummy. Maecenas tincidunt lacus at velit. Vivamus vel nulla eget eros elementum pellentesque.', true, 6);
insert into codetube.video (id, channel_id, title, length, views_count, lajks_count, dislajks_count, url, description, privacy_settings, region) values (7, 13, 'Phenylephrine Hydrochloride, Acetaminophen, Dextromethorphan Hydrobromide, and Guaifenesin', 5274, 0, 0, 0, 'https://chron.com/eget.json?massa=mauris&quis=laoreet&augue=ut&luctus=rhoncus&tincidunt=aliquet&nulla=pulvinar&mollis=sed&molestie=nisl&lorem=nunc&quisque=rhoncus&ut=dui&erat=vel&curabitur=sem&gravida=sed&nisi=sagittis&at=nam&nibh=congue&in=risus&hac=semper&habitasse=porta&platea=volutpat&dictumst=quam&aliquam=pede&augue=lobortis&quam=ligula&sollicitudin=sit&vitae=amet&consectetuer=eleifend&eget=pede&rutrum=libero&at=quis&lorem=orci&integer=nullam&tincidunt=molestie&ante=nibh&vel=in&ipsum=lectus&praesent=pellentesque&blandit=at&lacinia=nulla&erat=suspendisse&vestibulum=potenti&sed=cras&magna=in&at=purus&nunc=eu&commodo=magna&placerat=vulputate&praesent=luctus', 'Proin eu mi. Nulla ac enim. In tempor, turpis nec euismod scelerisque, quam turpis adipiscing lorem, vitae mattis nibh ligula nec sem.', true, 7);
insert into codetube.video (id, channel_id, title, length, views_count, lajks_count, dislajks_count, url, description, privacy_settings, region) values (8, 87, 'SELENICEREUS GRANDIFLORUS STEM', 7388, 0, 0, 0, 'http://psu.edu/eu/mi.js?et=quisque&ultrices=porta&posuere=volutpat&cubilia=erat&curae=quisque&duis=erat&faucibus=eros&accumsan=viverra&odio=eget&curabitur=congue&convallis=eget&duis=semper&consequat=rutrum&dui=nulla&nec=nunc&nisi=purus&volutpat=phasellus&eleifend=in&donec=felis&ut=donec&dolor=semper&morbi=sapien&vel=a&lectus=libero&in=nam&quam=dui&fringilla=proin&rhoncus=leo&mauris=odio&enim=porttitor&leo=id&rhoncus=consequat&sed=in&vestibulum=consequat&sit=ut&amet=nulla&cursus=sed&id=accumsan&turpis=felis&integer=ut&aliquet=at&massa=dolor&id=quis&lobortis=odio&convallis=consequat&tortor=varius', 'Suspendisse potenti. In eleifend quam a odio. In hac habitasse platea dictumst.', false, 6);
insert into codetube.video (id, channel_id, title, length, views_count, lajks_count, dislajks_count, url, description, privacy_settings, region) values (9, 52, 'TITANIUM DIOXIDE', 274, 0, 0, 0, 'https://earthlink.net/faucibus.json?in=tellus&lectus=nisi&pellentesque=eu&at=orci&nulla=mauris&suspendisse=lacinia&potenti=sapien&cras=quis&in=libero&purus=nullam&eu=sit&magna=amet&vulputate=turpis&luctus=elementum&cum=ligula&sociis=vehicula&natoque=consequat&penatibus=morbi&et=a&magnis=ipsum&dis=integer&parturient=a&montes=nibh&nascetur=in&ridiculus=quis&mus=justo&vivamus=maecenas&vestibulum=rhoncus&sagittis=aliquam&sapien=lacus&cum=morbi&sociis=quis&natoque=tortor&penatibus=id&et=nulla&magnis=ultrices&dis=aliquet&parturient=maecenas&montes=leo&nascetur=odio&ridiculus=condimentum&mus=id&etiam=luctus&vel=nec&augue=molestie&vestibulum=sed&rutrum=justo&rutrum=pellentesque&neque=viverra&aenean=pede&auctor=ac&gravida=diam&sem=cras&praesent=pellentesque&id=volutpat&massa=dui&id=maecenas&nisl=tristique&venenatis=est&lacinia=et&aenean=tempus&sit=semper&amet=est&justo=quam&morbi=pharetra&ut=magna&odio=ac&cras=consequat&mi=metus&pede=sapien&malesuada=ut&in=nunc&imperdiet=vestibulum&et=ante&commodo=ipsum&vulputate=primis&justo=in', 'Proin eu mi. Nulla ac enim. In tempor, turpis nec euismod scelerisque, quam turpis adipiscing lorem, vitae mattis nibh ligula nec sem.', false, 7);
insert into codetube.video (id, channel_id, title, length, views_count, lajks_count, dislajks_count, url, description, privacy_settings, region) values (10, 74, 'Simvastatin', 4952, 0, 0, 0, 'http://parallels.com/pulvinar/sed/nisl/nunc.aspx?quis=eu&libero=felis&nullam=fusce&sit=posuere&amet=felis&turpis=sed&elementum=lacus&ligula=morbi&vehicula=sem&consequat=mauris&morbi=laoreet&a=ut&ipsum=rhoncus&integer=aliquet&a=pulvinar&nibh=sed&in=nisl&quis=nunc&justo=rhoncus&maecenas=dui&rhoncus=vel&aliquam=sem&lacus=sed&morbi=sagittis&quis=nam&tortor=congue&id=risus&nulla=semper&ultrices=porta&aliquet=volutpat&maecenas=quam&leo=pede&odio=lobortis&condimentum=ligula&id=sit&luctus=amet&nec=eleifend&molestie=pede&sed=libero&justo=quis&pellentesque=orci&viverra=nullam&pede=molestie&ac=nibh&diam=in&cras=lectus&pellentesque=pellentesque&volutpat=at&dui=nulla&maecenas=suspendisse&tristique=potenti&est=cras&et=in&tempus=purus&semper=eu&est=magna&quam=vulputate&pharetra=luctus&magna=cum&ac=sociis&consequat=natoque&metus=penatibus&sapien=et&ut=magnis&nunc=dis&vestibulum=parturient&ante=montes&ipsum=nascetur&primis=ridiculus&in=mus&faucibus=vivamus&orci=vestibulum&luctus=sagittis&et=sapien&ultrices=cum&posuere=sociis&cubilia=natoque&curae=penatibus&mauris=et&viverra=magnis&diam=dis&vitae=parturient&quam=montes&suspendisse=nascetur&potenti=ridiculus&nullam=mus&porttitor=etiam&lacus=vel', 'Fusce posuere felis sed lacus. Morbi sem mauris, laoreet ut, rhoncus aliquet, pulvinar sed, nisl. Nunc rhoncus dui vel sem.', false, 6);
insert into codetube.video (id, channel_id, title, length, views_count, lajks_count, dislajks_count, url, description, privacy_settings, region) values (11, 28, 'LIDOCAINE HYDROCHLORIDE', 2511, 0, 0, 0, 'https://feedburner.com/mattis/nibh/ligula/nec/sem.aspx?vitae=vel&consectetuer=accumsan&eget=tellus&rutrum=nisi&at=eu&lorem=orci&integer=mauris&tincidunt=lacinia&ante=sapien&vel=quis&ipsum=libero&praesent=nullam&blandit=sit&lacinia=amet&erat=turpis&vestibulum=elementum&sed=ligula&magna=vehicula&at=consequat&nunc=morbi&commodo=a&placerat=ipsum&praesent=integer&blandit=a&nam=nibh&nulla=in&integer=quis&pede=justo&justo=maecenas&lacinia=rhoncus&eget=aliquam&tincidunt=lacus&eget=morbi&tempus=quis&vel=tortor&pede=id&morbi=nulla&porttitor=ultrices&lorem=aliquet&id=maecenas&ligula=leo&suspendisse=odio&ornare=condimentum&consequat=id&lectus=luctus&in=nec&est=molestie&risus=sed&auctor=justo&sed=pellentesque&tristique=viverra&in=pede&tempus=ac&sit=diam&amet=cras&sem=pellentesque&fusce=volutpat&consequat=dui&nulla=maecenas&nisl=tristique&nunc=est&nisl=et&duis=tempus&bibendum=semper&felis=est&sed=quam&interdum=pharetra&venenatis=magna&turpis=ac&enim=consequat&blandit=metus&mi=sapien&in=ut&porttitor=nunc&pede=vestibulum&justo=ante&eu=ipsum&massa=primis&donec=in&dapibus=faucibus&duis=orci&at=luctus&velit=et&eu=ultrices&est=posuere&congue=cubilia', 'Phasellus in felis. Donec semper sapien a libero. Nam dui.', false, 7);
insert into codetube.video (id, channel_id, title, length, views_count, lajks_count, dislajks_count, url, description, privacy_settings, region) values (12, 78, 'Avobenzone, Homosalate, Octisalate, Octocrylene, and Oxybenzone', 5444, 0, 0, 0, 'https://mtv.com/ante.xml?phasellus=nullam&in=sit&felis=amet&donec=turpis&semper=elementum&sapien=ligula&a=vehicula&libero=consequat&nam=morbi&dui=a&proin=ipsum&leo=integer&odio=a&porttitor=nibh', 'Fusce consequat. Nulla nisl. Nunc nisl.', false, 7);
insert into codetube.video (id, channel_id, title, length, views_count, lajks_count, dislajks_count, url, description, privacy_settings, region) values (13, 81, 'Acyclovir', 7461, 0, 0, 0, 'http://ow.ly/libero/non/mattis/pulvinar.html?convallis=faucibus&morbi=orci&odio=luctus&odio=et&elementum=ultrices&eu=posuere&interdum=cubilia&eu=curae&tincidunt=nulla&in=dapibus&leo=dolor&maecenas=vel&pulvinar=est&lobortis=donec&est=odio&phasellus=justo&sit=sollicitudin&amet=ut&erat=suscipit&nulla=a&tempus=feugiat&vivamus=et&in=eros&felis=vestibulum&eu=ac&sapien=est&cursus=lacinia&vestibulum=nisi&proin=venenatis&eu=tristique&mi=fusce&nulla=congue&ac=diam&enim=id&in=ornare&tempor=imperdiet&turpis=sapien&nec=urna&euismod=pretium&scelerisque=nisl&quam=ut&turpis=volutpat&adipiscing=sapien&lorem=arcu&vitae=sed&mattis=augue&nibh=aliquam&ligula=erat&nec=volutpat&sem=in&duis=congue&aliquam=etiam&convallis=justo&nunc=etiam&proin=pretium&at=iaculis&turpis=justo&a=in&pede=hac&posuere=habitasse&nonummy=platea&integer=dictumst&non=etiam&velit=faucibus&donec=cursus&diam=urna&neque=ut&vestibulum=tellus&eget=nulla&vulputate=ut&ut=erat&ultrices=id&vel=mauris&augue=vulputate&vestibulum=elementum&ante=nullam&ipsum=varius&primis=nulla&in=facilisi&faucibus=cras&orci=non&luctus=velit&et=nec&ultrices=nisi&posuere=vulputate&cubilia=nonummy&curae=maecenas&donec=tincidunt&pharetra=lacus&magna=at&vestibulum=velit', 'Proin leo odio, porttitor id, consequat in, consequat ut, nulla. Sed accumsan felis. Ut at dolor quis odio consequat varius.', false, 7);
insert into codetube.video (id, channel_id, title, length, views_count, lajks_count, dislajks_count, url, description, privacy_settings, region) values (14, 24, 'Atomoxetine hydrochloride', 9674, 0, 0, 0, 'http://fda.gov/mus/etiam/vel/augue/vestibulum.png?nulla=in&justo=faucibus&aliquam=orci&quis=luctus&turpis=et&eget=ultrices&elit=posuere&sodales=cubilia&scelerisque=curae&mauris=nulla&sit=dapibus', 'In quis justo. Maecenas rhoncus aliquam lacus. Morbi quis tortor id nulla ultrices aliquet.', false, 6);
insert into codetube.video (id, channel_id, title, length, views_count, lajks_count, dislajks_count, url, description, privacy_settings, region) values (15, 82, 'norethindrone acetate and ethinyl estradiol, and ferrous fumarate', 3387, 0, 0, 0, 'http://zimbio.com/eget/vulputate/ut.png?nisi=lobortis&vulputate=ligula&nonummy=sit&maecenas=amet&tincidunt=eleifend&lacus=pede&at=libero&velit=quis&vivamus=orci&vel=nullam&nulla=molestie&eget=nibh&eros=in&elementum=lectus&pellentesque=pellentesque&quisque=at&porta=nulla&volutpat=suspendisse&erat=potenti&quisque=cras&erat=in&eros=purus&viverra=eu&eget=magna&congue=vulputate&eget=luctus&semper=cum&rutrum=sociis&nulla=natoque&nunc=penatibus&purus=et&phasellus=magnis&in=dis&felis=parturient&donec=montes&semper=nascetur&sapien=ridiculus&a=mus&libero=vivamus', 'In congue. Etiam justo. Etiam pretium iaculis justo.', false, 2);
insert into codetube.video (id, channel_id, title, length, views_count, lajks_count, dislajks_count, url, description, privacy_settings, region) values (16, 38, 'Carbamazepine', 1423, 0, 0, 0, 'http://macromedia.com/in/faucibus/orci.js?id=sem&sapien=duis&in=aliquam&sapien=convallis&iaculis=nunc&congue=proin&vivamus=at&metus=turpis&arcu=a&adipiscing=pede&molestie=posuere&hendrerit=nonummy&at=integer&vulputate=non&vitae=velit&nisl=donec&aenean=diam&lectus=neque&pellentesque=vestibulum&eget=eget&nunc=vulputate&donec=ut&quis=ultrices&orci=vel&eget=augue&orci=vestibulum&vehicula=ante&condimentum=ipsum&curabitur=primis&in=in&libero=faucibus&ut=orci&massa=luctus&volutpat=et&convallis=ultrices&morbi=posuere&odio=cubilia&odio=curae&elementum=donec&eu=pharetra&interdum=magna&eu=vestibulum&tincidunt=aliquet&in=ultrices&leo=erat&maecenas=tortor&pulvinar=sollicitudin&lobortis=mi&est=sit&phasellus=amet&sit=lobortis&amet=sapien&erat=sapien&nulla=non&tempus=mi&vivamus=integer&in=ac&felis=neque&eu=duis&sapien=bibendum&cursus=morbi&vestibulum=non&proin=quam&eu=nec&mi=dui&nulla=luctus&ac=rutrum&enim=nulla&in=tellus&tempor=in&turpis=sagittis&nec=dui&euismod=vel&scelerisque=nisl&quam=duis&turpis=ac&adipiscing=nibh&lorem=fusce&vitae=lacus&mattis=purus&nibh=aliquet&ligula=at&nec=feugiat', 'In hac habitasse platea dictumst. Morbi vestibulum, velit id pretium iaculis, diam erat fermentum justo, nec condimentum neque sapien placerat ante. Nulla justo.', false, 3);
insert into codetube.video (id, channel_id, title, length, views_count, lajks_count, dislajks_count, url, description, privacy_settings, region) values (17, 16, 'Cetirizine hydrochloride', 6151, 0, 0, 0, 'http://bbb.org/sociis/natoque/penatibus.xml?lacus=sapien&morbi=arcu&quis=sed&tortor=augue&id=aliquam&nulla=erat&ultrices=volutpat&aliquet=in&maecenas=congue&leo=etiam&odio=justo&condimentum=etiam&id=pretium&luctus=iaculis&nec=justo&molestie=in&sed=hac&justo=habitasse&pellentesque=platea&viverra=dictumst&pede=etiam&ac=faucibus&diam=cursus&cras=urna&pellentesque=ut&volutpat=tellus&dui=nulla&maecenas=ut&tristique=erat&est=id&et=mauris&tempus=vulputate&semper=elementum&est=nullam&quam=varius&pharetra=nulla&magna=facilisi&ac=cras&consequat=non&metus=velit&sapien=nec&ut=nisi&nunc=vulputate&vestibulum=nonummy&ante=maecenas&ipsum=tincidunt&primis=lacus&in=at&faucibus=velit&orci=vivamus&luctus=vel&et=nulla&ultrices=eget&posuere=eros&cubilia=elementum&curae=pellentesque&mauris=quisque&viverra=porta&diam=volutpat&vitae=erat&quam=quisque&suspendisse=erat&potenti=eros&nullam=viverra&porttitor=eget&lacus=congue&at=eget&turpis=semper&donec=rutrum&posuere=nulla&metus=nunc&vitae=purus&ipsum=phasellus&aliquam=in&non=felis&mauris=donec&morbi=semper&non=sapien&lectus=a&aliquam=libero&sit=nam&amet=dui&diam=proin&in=leo&magna=odio', 'Cras non velit nec nisi vulputate nonummy. Maecenas tincidunt lacus at velit. Vivamus vel nulla eget eros elementum pellentesque.', false, 3);
insert into codetube.video (id, channel_id, title, length, views_count, lajks_count, dislajks_count, url, description, privacy_settings, region) values (18, 17, 'RALTEGRAVIR', 2142, 0, 0, 0, 'https://jugem.jp/tristique.html?ligula=in', 'Fusce consequat. Nulla nisl. Nunc nisl.', false, 6);
insert into codetube.video (id, channel_id, title, length, views_count, lajks_count, dislajks_count, url, description, privacy_settings, region) values (19, 49, 'Potassium Chloride', 3664, 0, 0, 0, 'https://hexun.com/nisl/venenatis/lacinia/aenean.json?pede=convallis&venenatis=duis&non=consequat&sodales=dui&sed=nec&tincidunt=nisi&eu=volutpat&felis=eleifend&fusce=donec&posuere=ut&felis=dolor&sed=morbi&lacus=vel&morbi=lectus&sem=in&mauris=quam&laoreet=fringilla&ut=rhoncus&rhoncus=mauris&aliquet=enim&pulvinar=leo&sed=rhoncus&nisl=sed&nunc=vestibulum&rhoncus=sit&dui=amet&vel=cursus', 'In hac habitasse platea dictumst. Morbi vestibulum, velit id pretium iaculis, diam erat fermentum justo, nec condimentum neque sapien placerat ante. Nulla justo.', false, 7);
insert into codetube.video (id, channel_id, title, length, views_count, lajks_count, dislajks_count, url, description, privacy_settings, region) values (20, 48, 'OCTINOXATE, Titanium Dioxide', 797, 0, 0, 0, 'http://privacy.gov.au/libero/convallis/eget/eleifend.jpg?in=nulla', 'Maecenas tristique, est et tempus semper, est quam pharetra magna, ac consequat metus sapien ut nunc. Vestibulum ante ipsum primis in faucibus orci luctus et ultrices posuere cubilia Curae; Mauris viverra diam vitae quam. Suspendisse potenti.', true, 3);
insert into codetube.video (id, channel_id, title, length, views_count, lajks_count, dislajks_count, url, description, privacy_settings, region) values (21, 99, 'Eszopiclone', 7926, 0, 0, 0, 'http://uol.com.br/nullam.jsp?eleifend=felis&quam=donec&a=semper&odio=sapien&in=a&hac=libero&habitasse=nam&platea=dui&dictumst=proin&maecenas=leo&ut=odio&massa=porttitor&quis=id&augue=consequat&luctus=in&tincidunt=consequat&nulla=ut&mollis=nulla&molestie=sed&lorem=accumsan&quisque=felis&ut=ut&erat=at&curabitur=dolor&gravida=quis&nisi=odio&at=consequat&nibh=varius&in=integer&hac=ac&habitasse=leo&platea=pellentesque&dictumst=ultrices&aliquam=mattis&augue=odio&quam=donec&sollicitudin=vitae&vitae=nisi&consectetuer=nam&eget=ultrices&rutrum=libero&at=non&lorem=mattis&integer=pulvinar&tincidunt=nulla&ante=pede&vel=ullamcorper&ipsum=augue&praesent=a&blandit=suscipit&lacinia=nulla&erat=elit&vestibulum=ac&sed=nulla&magna=sed&at=vel&nunc=enim&commodo=sit&placerat=amet&praesent=nunc', 'Maecenas tristique, est et tempus semper, est quam pharetra magna, ac consequat metus sapien ut nunc. Vestibulum ante ipsum primis in faucibus orci luctus et ultrices posuere cubilia Curae; Mauris viverra diam vitae quam. Suspendisse potenti.', false, 2);
insert into codetube.video (id, channel_id, title, length, views_count, lajks_count, dislajks_count, url, description, privacy_settings, region) values (22, 97, 'Ropinirole', 7695, 0, 0, 0, 'http://phpbb.com/justo.png?lorem=blandit&ipsum=lacinia&dolor=erat&sit=vestibulum&amet=sed&consectetuer=magna&adipiscing=at&elit=nunc&proin=commodo&interdum=placerat&mauris=praesent&non=blandit&ligula=nam', 'Duis bibendum, felis sed interdum venenatis, turpis enim blandit mi, in porttitor pede justo eu massa. Donec dapibus. Duis at velit eu est congue elementum.', true, 6);
insert into codetube.video (id, channel_id, title, length, views_count, lajks_count, dislajks_count, url, description, privacy_settings, region) values (23, 54, 'Ibuprofen', 8244, 0, 0, 0, 'https://nsw.gov.au/pellentesque/quisque/porta/volutpat/erat.html?convallis=ultrices&eget=enim&eleifend=lorem&luctus=ipsum&ultricies=dolor&eu=sit&nibh=amet&quisque=consectetuer&id=adipiscing&justo=elit&sit=proin&amet=interdum&sapien=mauris&dignissim=non&vestibulum=ligula&vestibulum=pellentesque&ante=ultrices&ipsum=phasellus&primis=id&in=sapien&faucibus=in&orci=sapien&luctus=iaculis&et=congue&ultrices=vivamus&posuere=metus&cubilia=arcu&curae=adipiscing&nulla=molestie&dapibus=hendrerit&dolor=at&vel=vulputate&est=vitae&donec=nisl&odio=aenean&justo=lectus&sollicitudin=pellentesque&ut=eget&suscipit=nunc&a=donec&feugiat=quis&et=orci&eros=eget&vestibulum=orci&ac=vehicula&est=condimentum&lacinia=curabitur&nisi=in&venenatis=libero&tristique=ut&fusce=massa&congue=volutpat&diam=convallis&id=morbi&ornare=odio&imperdiet=odio&sapien=elementum&urna=eu&pretium=interdum&nisl=eu&ut=tincidunt&volutpat=in&sapien=leo&arcu=maecenas&sed=pulvinar&augue=lobortis&aliquam=est&erat=phasellus&volutpat=sit&in=amet&congue=erat&etiam=nulla&justo=tempus&etiam=vivamus&pretium=in&iaculis=felis&justo=eu&in=sapien&hac=cursus&habitasse=vestibulum&platea=proin&dictumst=eu&etiam=mi&faucibus=nulla&cursus=ac&urna=enim&ut=in&tellus=tempor', 'Duis consequat dui nec nisi volutpat eleifend. Donec ut dolor. Morbi vel lectus in quam fringilla rhoncus.', false, 4);
insert into codetube.video (id, channel_id, title, length, views_count, lajks_count, dislajks_count, url, description, privacy_settings, region) values (24, 49, 'Serotonin', 7906, 0, 0, 0, 'http://phoca.cz/dictumst.xml?primis=neque&in=aenean&faucibus=auctor&orci=gravida&luctus=sem&et=praesent&ultrices=id&posuere=massa&cubilia=id&curae=nisl&nulla=venenatis&dapibus=lacinia&dolor=aenean&vel=sit&est=amet&donec=justo&odio=morbi&justo=ut&sollicitudin=odio&ut=cras&suscipit=mi&a=pede&feugiat=malesuada&et=in&eros=imperdiet&vestibulum=et&ac=commodo&est=vulputate&lacinia=justo&nisi=in&venenatis=blandit&tristique=ultrices&fusce=enim&congue=lorem&diam=ipsum&id=dolor&ornare=sit&imperdiet=amet&sapien=consectetuer&urna=adipiscing&pretium=elit&nisl=proin&ut=interdum&volutpat=mauris&sapien=non&arcu=ligula&sed=pellentesque&augue=ultrices&aliquam=phasellus&erat=id&volutpat=sapien&in=in&congue=sapien&etiam=iaculis&justo=congue&etiam=vivamus&pretium=metus&iaculis=arcu&justo=adipiscing&in=molestie&hac=hendrerit&habitasse=at&platea=vulputate&dictumst=vitae&etiam=nisl&faucibus=aenean&cursus=lectus&urna=pellentesque&ut=eget&tellus=nunc&nulla=donec&ut=quis&erat=orci&id=eget&mauris=orci&vulputate=vehicula&elementum=condimentum&nullam=curabitur&varius=in&nulla=libero&facilisi=ut&cras=massa', 'Nulla ut erat id mauris vulputate elementum. Nullam varius. Nulla facilisi.', false, 7);
insert into codetube.video (id, channel_id, title, length, views_count, lajks_count, dislajks_count, url, description, privacy_settings, region) values (25, 86, 'Nitroglycerin Sustained-release capsules', 9119, 0, 0, 0, 'http://apache.org/nam/nulla/integer.png?integer=turpis&ac=sed&leo=ante&pellentesque=vivamus&ultrices=tortor&mattis=duis&odio=mattis&donec=egestas&vitae=metus&nisi=aenean&nam=fermentum&ultrices=donec&libero=ut&non=mauris&mattis=eget&pulvinar=massa&nulla=tempor&pede=convallis&ullamcorper=nulla&augue=neque&a=libero&suscipit=convallis&nulla=eget&elit=eleifend&ac=luctus&nulla=ultricies&sed=eu&vel=nibh&enim=quisque&sit=id&amet=justo&nunc=sit&viverra=amet&dapibus=sapien&nulla=dignissim&suscipit=vestibulum&ligula=vestibulum&in=ante&lacus=ipsum&curabitur=primis&at=in&ipsum=faucibus&ac=orci&tellus=luctus&semper=et&interdum=ultrices&mauris=posuere&ullamcorper=cubilia&purus=curae&sit=nulla&amet=dapibus&nulla=dolor&quisque=vel&arcu=est&libero=donec&rutrum=odio&ac=justo&lobortis=sollicitudin&vel=ut&dapibus=suscipit&at=a', 'Duis bibendum, felis sed interdum venenatis, turpis enim blandit mi, in porttitor pede justo eu massa. Donec dapibus. Duis at velit eu est congue elementum.', false, 4);
insert into codetube.video (id, channel_id, title, length, views_count, lajks_count, dislajks_count, url, description, privacy_settings, region) values (26, 56, 'Povidone Iodine', 8367, 0, 0, 0, 'http://economist.com/turpis/donec/posuere.aspx?convallis=vulputate&duis=luctus&consequat=cum&dui=sociis&nec=natoque&nisi=penatibus&volutpat=et&eleifend=magnis&donec=dis&ut=parturient&dolor=montes&morbi=nascetur&vel=ridiculus&lectus=mus&in=vivamus&quam=vestibulum&fringilla=sagittis&rhoncus=sapien&mauris=cum&enim=sociis&leo=natoque&rhoncus=penatibus&sed=et&vestibulum=magnis&sit=dis&amet=parturient&cursus=montes&id=nascetur&turpis=ridiculus&integer=mus&aliquet=etiam&massa=vel&id=augue&lobortis=vestibulum&convallis=rutrum&tortor=rutrum&risus=neque&dapibus=aenean&augue=auctor&vel=gravida&accumsan=sem&tellus=praesent&nisi=id&eu=massa&orci=id&mauris=nisl&lacinia=venenatis&sapien=lacinia&quis=aenean&libero=sit&nullam=amet&sit=justo&amet=morbi&turpis=ut&elementum=odio&ligula=cras&vehicula=mi&consequat=pede&morbi=malesuada&a=in&ipsum=imperdiet&integer=et&a=commodo&nibh=vulputate&in=justo&quis=in&justo=blandit&maecenas=ultrices&rhoncus=enim&aliquam=lorem&lacus=ipsum&morbi=dolor&quis=sit&tortor=amet&id=consectetuer&nulla=adipiscing&ultrices=elit&aliquet=proin&maecenas=interdum&leo=mauris&odio=non&condimentum=ligula&id=pellentesque&luctus=ultrices&nec=phasellus&molestie=id&sed=sapien&justo=in&pellentesque=sapien&viverra=iaculis&pede=congue&ac=vivamus&diam=metus&cras=arcu', 'Aenean lectus. Pellentesque eget nunc. Donec quis orci eget orci vehicula condimentum.', true, 2);
insert into codetube.video (id, channel_id, title, length, views_count, lajks_count, dislajks_count, url, description, privacy_settings, region) values (27, 21, 'Pantoprazole Sodium', 2574, 0, 0, 0, 'https://shop-pro.jp/ut/massa/quis/augue/luctus/tincidunt.json?turpis=consectetuer&a=adipiscing&pede=elit&posuere=proin&nonummy=risus&integer=praesent&non=lectus&velit=vestibulum&donec=quam&diam=sapien&neque=varius', 'Phasellus in felis. Donec semper sapien a libero. Nam dui.', false, 1);
insert into codetube.video (id, channel_id, title, length, views_count, lajks_count, dislajks_count, url, description, privacy_settings, region) values (28, 69, 'Nitrogen', 1402, 0, 0, 0, 'http://chron.com/duis/aliquam.html?duis=sem&mattis=sed&egestas=sagittis&metus=nam&aenean=congue&fermentum=risus&donec=semper&ut=porta&mauris=volutpat&eget=quam&massa=pede&tempor=lobortis&convallis=ligula&nulla=sit&neque=amet&libero=eleifend&convallis=pede&eget=libero&eleifend=quis&luctus=orci&ultricies=nullam&eu=molestie&nibh=nibh&quisque=in&id=lectus&justo=pellentesque&sit=at&amet=nulla&sapien=suspendisse&dignissim=potenti&vestibulum=cras&vestibulum=in&ante=purus&ipsum=eu&primis=magna&in=vulputate&faucibus=luctus&orci=cum&luctus=sociis&et=natoque&ultrices=penatibus&posuere=et&cubilia=magnis&curae=dis&nulla=parturient&dapibus=montes&dolor=nascetur&vel=ridiculus&est=mus&donec=vivamus&odio=vestibulum&justo=sagittis&sollicitudin=sapien&ut=cum&suscipit=sociis&a=natoque&feugiat=penatibus&et=et&eros=magnis&vestibulum=dis&ac=parturient', 'Curabitur in libero ut massa volutpat convallis. Morbi odio odio, elementum eu, interdum eu, tincidunt in, leo. Maecenas pulvinar lobortis est.', true, 5);
insert into codetube.video (id, channel_id, title, length, views_count, lajks_count, dislajks_count, url, description, privacy_settings, region) values (29, 77, 'Octinoxate', 1397, 0, 0, 0, 'https://howstuffworks.com/proin/leo/odio/porttitor/id/consequat/in.jsp?arcu=ultrices&adipiscing=phasellus&molestie=id&hendrerit=sapien&at=in&vulputate=sapien&vitae=iaculis&nisl=congue&aenean=vivamus&lectus=metus&pellentesque=arcu&eget=adipiscing&nunc=molestie&donec=hendrerit&quis=at&orci=vulputate&eget=vitae&orci=nisl', 'Duis bibendum, felis sed interdum venenatis, turpis enim blandit mi, in porttitor pede justo eu massa. Donec dapibus. Duis at velit eu est congue elementum.', true, 7);
insert into codetube.video (id, channel_id, title, length, views_count, lajks_count, dislajks_count, url, description, privacy_settings, region) values (30, 74, 'Dextroamphetamine Saccharate, Amphetamine Aspartate Monohydrate, Dextroamphetamine Sulfate and Amphetamine Sulfate', 8960, 0, 0, 0, 'http://netvibes.com/massa/volutpat/convallis/morbi/odio/odio.jpg?erat=lacus&id=purus&mauris=aliquet&vulputate=at&elementum=feugiat&nullam=non&varius=pretium&nulla=quis&facilisi=lectus&cras=suspendisse&non=potenti&velit=in&nec=eleifend&nisi=quam&vulputate=a&nonummy=odio&maecenas=in&tincidunt=hac&lacus=habitasse&at=platea&velit=dictumst&vivamus=maecenas&vel=ut&nulla=massa&eget=quis&eros=augue&elementum=luctus&pellentesque=tincidunt&quisque=nulla&porta=mollis&volutpat=molestie&erat=lorem&quisque=quisque&erat=ut&eros=erat&viverra=curabitur&eget=gravida&congue=nisi&eget=at&semper=nibh&rutrum=in&nulla=hac&nunc=habitasse&purus=platea&phasellus=dictumst&in=aliquam&felis=augue&donec=quam&semper=sollicitudin&sapien=vitae&a=consectetuer&libero=eget&nam=rutrum&dui=at&proin=lorem&leo=integer&odio=tincidunt&porttitor=ante&id=vel&consequat=ipsum&in=praesent&consequat=blandit&ut=lacinia&nulla=erat&sed=vestibulum&accumsan=sed&felis=magna&ut=at&at=nunc&dolor=commodo&quis=placerat&odio=praesent&consequat=blandit&varius=nam&integer=nulla&ac=integer&leo=pede&pellentesque=justo&ultrices=lacinia&mattis=eget&odio=tincidunt&donec=eget&vitae=tempus&nisi=vel&nam=pede&ultrices=morbi&libero=porttitor', 'Maecenas ut massa quis augue luctus tincidunt. Nulla mollis molestie lorem. Quisque ut erat.', true, 4);
insert into codetube.video (id, channel_id, title, length, views_count, lajks_count, dislajks_count, url, description, privacy_settings, region) values (31, 96, 'Levonorgestrel', 150, 0, 0, 0, 'https://icio.us/nulla/neque/libero.js?nibh=mauris&quisque=enim&id=leo&justo=rhoncus&sit=sed&amet=vestibulum&sapien=sit&dignissim=amet&vestibulum=cursus&vestibulum=id&ante=turpis&ipsum=integer&primis=aliquet&in=massa&faucibus=id&orci=lobortis&luctus=convallis&et=tortor&ultrices=risus&posuere=dapibus&cubilia=augue&curae=vel&nulla=accumsan&dapibus=tellus&dolor=nisi&vel=eu&est=orci&donec=mauris&odio=lacinia&justo=sapien&sollicitudin=quis', 'Praesent blandit. Nam nulla. Integer pede justo, lacinia eget, tincidunt eget, tempus vel, pede.', true, 1);
insert into codetube.video (id, channel_id, title, length, views_count, lajks_count, dislajks_count, url, description, privacy_settings, region) values (32, 73, 'Darkleaves Mugwort', 2066, 0, 0, 0, 'https://bigcartel.com/morbi.xml?dis=sociis&parturient=natoque&montes=penatibus&nascetur=et&ridiculus=magnis&mus=dis&etiam=parturient&vel=montes&augue=nascetur&vestibulum=ridiculus&rutrum=mus&rutrum=etiam&neque=vel&aenean=augue&auctor=vestibulum&gravida=rutrum&sem=rutrum&praesent=neque&id=aenean&massa=auctor&id=gravida&nisl=sem&venenatis=praesent&lacinia=id&aenean=massa&sit=id&amet=nisl&justo=venenatis&morbi=lacinia&ut=aenean&odio=sit&cras=amet&mi=justo&pede=morbi&malesuada=ut&in=odio&imperdiet=cras&et=mi&commodo=pede&vulputate=malesuada&justo=in&in=imperdiet&blandit=et&ultrices=commodo&enim=vulputate&lorem=justo&ipsum=in', 'Morbi non lectus. Aliquam sit amet diam in magna bibendum imperdiet. Nullam orci pede, venenatis non, sodales sed, tincidunt eu, felis.', false, 1);
insert into codetube.video (id, channel_id, title, length, views_count, lajks_count, dislajks_count, url, description, privacy_settings, region) values (33, 74, 'Doxycycline Hyclate', 8470, 0, 0, 0, 'http://google.com.hk/aliquet/at/feugiat/non/pretium/quis.xml?odio=vestibulum&condimentum=proin&id=eu&luctus=mi&nec=nulla&molestie=ac&sed=enim&justo=in&pellentesque=tempor&viverra=turpis&pede=nec&ac=euismod&diam=scelerisque&cras=quam&pellentesque=turpis&volutpat=adipiscing&dui=lorem&maecenas=vitae&tristique=mattis&est=nibh&et=ligula&tempus=nec&semper=sem&est=duis&quam=aliquam&pharetra=convallis&magna=nunc&ac=proin&consequat=at&metus=turpis&sapien=a&ut=pede&nunc=posuere&vestibulum=nonummy&ante=integer&ipsum=non&primis=velit&in=donec&faucibus=diam&orci=neque&luctus=vestibulum&et=eget&ultrices=vulputate', 'Donec diam neque, vestibulum eget, vulputate ut, ultrices vel, augue. Vestibulum ante ipsum primis in faucibus orci luctus et ultrices posuere cubilia Curae; Donec pharetra, magna vestibulum aliquet ultrices, erat tortor sollicitudin mi, sit amet lobortis sapien sapien non mi. Integer ac neque.', true, 5);
insert into codetube.video (id, channel_id, title, length, views_count, lajks_count, dislajks_count, url, description, privacy_settings, region) values (34, 29, 'Sodium Fluoride', 9984, 0, 0, 0, 'http://mozilla.com/sit/amet.aspx?condimentum=primis&id=in&luctus=faucibus&nec=orci&molestie=luctus&sed=et&justo=ultrices&pellentesque=posuere&viverra=cubilia&pede=curae&ac=nulla&diam=dapibus&cras=dolor&pellentesque=vel&volutpat=est&dui=donec&maecenas=odio&tristique=justo&est=sollicitudin&et=ut&tempus=suscipit&semper=a&est=feugiat&quam=et&pharetra=eros&magna=vestibulum&ac=ac&consequat=est&metus=lacinia&sapien=nisi&ut=venenatis&nunc=tristique&vestibulum=fusce&ante=congue&ipsum=diam&primis=id&in=ornare&faucibus=imperdiet&orci=sapien&luctus=urna&et=pretium&ultrices=nisl&posuere=ut&cubilia=volutpat&curae=sapien&mauris=arcu&viverra=sed&diam=augue&vitae=aliquam&quam=erat&suspendisse=volutpat&potenti=in&nullam=congue&porttitor=etiam&lacus=justo&at=etiam&turpis=pretium&donec=iaculis&posuere=justo&metus=in&vitae=hac&ipsum=habitasse&aliquam=platea&non=dictumst&mauris=etiam&morbi=faucibus&non=cursus&lectus=urna&aliquam=ut&sit=tellus&amet=nulla&diam=ut&in=erat&magna=id&bibendum=mauris&imperdiet=vulputate&nullam=elementum&orci=nullam&pede=varius&venenatis=nulla&non=facilisi&sodales=cras', 'Aliquam quis turpis eget elit sodales scelerisque. Mauris sit amet eros. Suspendisse accumsan tortor quis turpis.', true, 3);
insert into codetube.video (id, channel_id, title, length, views_count, lajks_count, dislajks_count, url, description, privacy_settings, region) values (35, 77, 'Baptisia tinctoria, Borax, Candida albicans, Candida parasilosis, Echinacea, Kreosotum, Mercurius cyanatus,', 1245, 0, 0, 0, 'https://cbc.ca/porta/volutpat/erat/quisque/erat/eros/viverra.aspx?eget=cras&rutrum=in&at=purus&lorem=eu&integer=magna&tincidunt=vulputate&ante=luctus&vel=cum&ipsum=sociis&praesent=natoque&blandit=penatibus&lacinia=et&erat=magnis&vestibulum=dis&sed=parturient&magna=montes&at=nascetur&nunc=ridiculus&commodo=mus&placerat=vivamus&praesent=vestibulum&blandit=sagittis&nam=sapien&nulla=cum&integer=sociis&pede=natoque&justo=penatibus&lacinia=et&eget=magnis&tincidunt=dis&eget=parturient&tempus=montes', 'Duis bibendum. Morbi non quam nec dui luctus rutrum. Nulla tellus.', false, 4);
insert into codetube.video (id, channel_id, title, length, views_count, lajks_count, dislajks_count, url, description, privacy_settings, region) values (36, 58, 'SILICA', 2188, 0, 0, 0, 'http://zimbio.com/duis.json?morbi=erat&quis=quisque&tortor=erat&id=eros&nulla=viverra&ultrices=eget&aliquet=congue&maecenas=eget&leo=semper&odio=rutrum&condimentum=nulla&id=nunc&luctus=purus&nec=phasellus&molestie=in&sed=felis&justo=donec&pellentesque=semper&viverra=sapien&pede=a&ac=libero&diam=nam&cras=dui&pellentesque=proin&volutpat=leo&dui=odio&maecenas=porttitor&tristique=id&est=consequat&et=in&tempus=consequat&semper=ut&est=nulla&quam=sed&pharetra=accumsan&magna=felis&ac=ut&consequat=at&metus=dolor&sapien=quis&ut=odio&nunc=consequat&vestibulum=varius&ante=integer&ipsum=ac&primis=leo&in=pellentesque&faucibus=ultrices&orci=mattis&luctus=odio&et=donec&ultrices=vitae&posuere=nisi&cubilia=nam&curae=ultrices&mauris=libero&viverra=non&diam=mattis&vitae=pulvinar&quam=nulla&suspendisse=pede&potenti=ullamcorper&nullam=augue&porttitor=a&lacus=suscipit&at=nulla&turpis=elit&donec=ac&posuere=nulla', 'Morbi porttitor lorem id ligula. Suspendisse ornare consequat lectus. In est risus, auctor sed, tristique in, tempus sit amet, sem.', false, 3);
insert into codetube.video (id, channel_id, title, length, views_count, lajks_count, dislajks_count, url, description, privacy_settings, region) values (37, 13, 'Hydrocortisone', 3945, 0, 0, 0, 'https://cam.ac.uk/in.json?justo=ut&in=tellus&hac=nulla&habitasse=ut&platea=erat&dictumst=id&etiam=mauris&faucibus=vulputate&cursus=elementum&urna=nullam&ut=varius&tellus=nulla&nulla=facilisi&ut=cras&erat=non&id=velit&mauris=nec&vulputate=nisi&elementum=vulputate&nullam=nonummy&varius=maecenas&nulla=tincidunt&facilisi=lacus&cras=at&non=velit&velit=vivamus&nec=vel&nisi=nulla&vulputate=eget&nonummy=eros&maecenas=elementum&tincidunt=pellentesque&lacus=quisque&at=porta&velit=volutpat&vivamus=erat&vel=quisque&nulla=erat&eget=eros&eros=viverra&elementum=eget&pellentesque=congue&quisque=eget&porta=semper&volutpat=rutrum&erat=nulla&quisque=nunc&erat=purus&eros=phasellus&viverra=in&eget=felis&congue=donec&eget=semper&semper=sapien&rutrum=a', 'In hac habitasse platea dictumst. Morbi vestibulum, velit id pretium iaculis, diam erat fermentum justo, nec condimentum neque sapien placerat ante. Nulla justo.', false, 6);
insert into codetube.video (id, channel_id, title, length, views_count, lajks_count, dislajks_count, url, description, privacy_settings, region) values (38, 84, 'Octinoxate Titanium dioxide', 3325, 0, 0, 0, 'https://theatlantic.com/volutpat/quam.png?in=integer&hac=tincidunt&habitasse=ante&platea=vel&dictumst=ipsum&maecenas=praesent&ut=blandit&massa=lacinia&quis=erat&augue=vestibulum&luctus=sed&tincidunt=magna&nulla=at&mollis=nunc&molestie=commodo&lorem=placerat&quisque=praesent&ut=blandit&erat=nam&curabitur=nulla&gravida=integer&nisi=pede&at=justo&nibh=lacinia&in=eget&hac=tincidunt&habitasse=eget&platea=tempus&dictumst=vel&aliquam=pede&augue=morbi&quam=porttitor&sollicitudin=lorem&vitae=id&consectetuer=ligula&eget=suspendisse&rutrum=ornare&at=consequat&lorem=lectus&integer=in&tincidunt=est&ante=risus&vel=auctor&ipsum=sed&praesent=tristique&blandit=in&lacinia=tempus&erat=sit&vestibulum=amet&sed=sem&magna=fusce&at=consequat&nunc=nulla&commodo=nisl&placerat=nunc&praesent=nisl&blandit=duis&nam=bibendum&nulla=felis&integer=sed&pede=interdum&justo=venenatis&lacinia=turpis&eget=enim&tincidunt=blandit&eget=mi&tempus=in&vel=porttitor&pede=pede&morbi=justo&porttitor=eu&lorem=massa&id=donec&ligula=dapibus&suspendisse=duis&ornare=at&consequat=velit&lectus=eu&in=est&est=congue&risus=elementum', 'Lorem ipsum dolor sit amet, consectetuer adipiscing elit. Proin risus. Praesent lectus.', false, 1);
insert into codetube.video (id, channel_id, title, length, views_count, lajks_count, dislajks_count, url, description, privacy_settings, region) values (39, 95, 'NITROGEN', 7305, 0, 0, 0, 'http://washington.edu/eleifend/luctus.js?orci=dolor&vehicula=quis&condimentum=odio&curabitur=consequat&in=varius&libero=integer&ut=ac&massa=leo&volutpat=pellentesque&convallis=ultrices&morbi=mattis&odio=odio&odio=donec&elementum=vitae&eu=nisi&interdum=nam&eu=ultrices&tincidunt=libero&in=non&leo=mattis&maecenas=pulvinar&pulvinar=nulla&lobortis=pede&est=ullamcorper&phasellus=augue&sit=a&amet=suscipit&erat=nulla&nulla=elit&tempus=ac&vivamus=nulla&in=sed&felis=vel&eu=enim&sapien=sit&cursus=amet&vestibulum=nunc&proin=viverra&eu=dapibus&mi=nulla&nulla=suscipit&ac=ligula&enim=in&in=lacus&tempor=curabitur&turpis=at&nec=ipsum&euismod=ac&scelerisque=tellus&quam=semper&turpis=interdum&adipiscing=mauris&lorem=ullamcorper&vitae=purus&mattis=sit&nibh=amet&ligula=nulla&nec=quisque&sem=arcu&duis=libero&aliquam=rutrum&convallis=ac&nunc=lobortis&proin=vel&at=dapibus&turpis=at&a=diam&pede=nam&posuere=tristique&nonummy=tortor', 'Integer ac leo. Pellentesque ultrices mattis odio. Donec vitae nisi.', true, 1);
insert into codetube.video (id, channel_id, title, length, views_count, lajks_count, dislajks_count, url, description, privacy_settings, region) values (40, 7, 'Labetalol hydrochloride', 5491, 0, 0, 0, 'https://miibeian.gov.cn/quis/turpis/sed/ante/vivamus/tortor/duis.json?nullam=magna&porttitor=at&lacus=nunc&at=commodo&turpis=placerat&donec=praesent&posuere=blandit&metus=nam&vitae=nulla&ipsum=integer&aliquam=pede&non=justo&mauris=lacinia&morbi=eget&non=tincidunt&lectus=eget&aliquam=tempus&sit=vel&amet=pede&diam=morbi&in=porttitor&magna=lorem&bibendum=id&imperdiet=ligula&nullam=suspendisse&orci=ornare&pede=consequat&venenatis=lectus&non=in&sodales=est&sed=risus&tincidunt=auctor&eu=sed&felis=tristique&fusce=in&posuere=tempus&felis=sit&sed=amet&lacus=sem&morbi=fusce&sem=consequat&mauris=nulla&laoreet=nisl&ut=nunc&rhoncus=nisl&aliquet=duis&pulvinar=bibendum&sed=felis', 'Suspendisse potenti. In eleifend quam a odio. In hac habitasse platea dictumst.', false, 4);
insert into codetube.video (id, channel_id, title, length, views_count, lajks_count, dislajks_count, url, description, privacy_settings, region) values (41, 41, 'DELPHINIUM STAPHISAGRIA SEED', 443, 0, 0, 0, 'http://narod.ru/mattis/pulvinar/nulla/pede/ullamcorper/augue.jsp?eu=augue&magna=quam&vulputate=sollicitudin&luctus=vitae&cum=consectetuer&sociis=eget&natoque=rutrum&penatibus=at&et=lorem&magnis=integer', 'Aenean fermentum. Donec ut mauris eget massa tempor convallis. Nulla neque libero, convallis eget, eleifend luctus, ultricies eu, nibh.', false, 2);
insert into codetube.video (id, channel_id, title, length, views_count, lajks_count, dislajks_count, url, description, privacy_settings, region) values (42, 59, 'Dimethicone', 401, 0, 0, 0, 'http://biglobe.ne.jp/proin/at/turpis/a/pede/posuere.js?justo=sit&in=amet&blandit=eros&ultrices=suspendisse&enim=accumsan&lorem=tortor&ipsum=quis&dolor=turpis&sit=sed&amet=ante&consectetuer=vivamus', 'In quis justo. Maecenas rhoncus aliquam lacus. Morbi quis tortor id nulla ultrices aliquet.', false, 7);
insert into codetube.video (id, channel_id, title, length, views_count, lajks_count, dislajks_count, url, description, privacy_settings, region) values (43, 56, 'Metronidazole', 722, 0, 0, 0, 'https://ft.com/potenti/cras/in.png?tellus=ultrices&nisi=libero&eu=non&orci=mattis&mauris=pulvinar&lacinia=nulla&sapien=pede&quis=ullamcorper&libero=augue&nullam=a&sit=suscipit&amet=nulla&turpis=elit&elementum=ac&ligula=nulla&vehicula=sed&consequat=vel&morbi=enim&a=sit&ipsum=amet&integer=nunc&a=viverra&nibh=dapibus', 'Maecenas ut massa quis augue luctus tincidunt. Nulla mollis molestie lorem. Quisque ut erat.', true, 1);
insert into codetube.video (id, channel_id, title, length, views_count, lajks_count, dislajks_count, url, description, privacy_settings, region) values (44, 4, 'metoprolol tartrate', 4728, 0, 0, 0, 'https://1und1.de/risus/semper/porta/volutpat/quam/pede/lobortis.html?aliquam=penatibus&lacus=et&morbi=magnis&quis=dis&tortor=parturient&id=montes&nulla=nascetur&ultrices=ridiculus&aliquet=mus&maecenas=vivamus&leo=vestibulum&odio=sagittis&condimentum=sapien&id=cum', 'Morbi porttitor lorem id ligula. Suspendisse ornare consequat lectus. In est risus, auctor sed, tristique in, tempus sit amet, sem.', false, 7);
insert into codetube.video (id, channel_id, title, length, views_count, lajks_count, dislajks_count, url, description, privacy_settings, region) values (45, 52, 'Megestrol Acetate', 8100, 0, 0, 0, 'http://163.com/dolor/vel/est/donec/odio/justo.png?primis=eget&in=eros&faucibus=elementum&orci=pellentesque&luctus=quisque&et=porta&ultrices=volutpat&posuere=erat&cubilia=quisque&curae=erat&donec=eros&pharetra=viverra&magna=eget&vestibulum=congue&aliquet=eget&ultrices=semper&erat=rutrum&tortor=nulla&sollicitudin=nunc&mi=purus&sit=phasellus&amet=in&lobortis=felis&sapien=donec&sapien=semper&non=sapien&mi=a&integer=libero&ac=nam&neque=dui&duis=proin&bibendum=leo&morbi=odio&non=porttitor&quam=id&nec=consequat&dui=in&luctus=consequat&rutrum=ut&nulla=nulla&tellus=sed&in=accumsan&sagittis=felis&dui=ut&vel=at&nisl=dolor&duis=quis&ac=odio&nibh=consequat&fusce=varius&lacus=integer&purus=ac&aliquet=leo&at=pellentesque&feugiat=ultrices&non=mattis&pretium=odio&quis=donec', 'Etiam vel augue. Vestibulum rutrum rutrum neque. Aenean auctor gravida sem.', false, 4);
insert into codetube.video (id, channel_id, title, length, views_count, lajks_count, dislajks_count, url, description, privacy_settings, region) values (46, 66, 'Tolnaftate', 6890, 0, 0, 0, 'https://dailymail.co.uk/consequat/metus.html?ipsum=nisl&dolor=duis&sit=bibendum&amet=felis', 'Lorem ipsum dolor sit amet, consectetuer adipiscing elit. Proin risus. Praesent lectus.', false, 5);
insert into codetube.video (id, channel_id, title, length, views_count, lajks_count, dislajks_count, url, description, privacy_settings, region) values (47, 68, 'Malt', 7573, 0, 0, 0, 'https://state.tx.us/lectus/suspendisse/potenti/in/eleifend/quam.aspx?consequat=sapien&in=placerat&consequat=ante&ut=nulla&nulla=justo&sed=aliquam&accumsan=quis&felis=turpis&ut=eget&at=elit&dolor=sodales&quis=scelerisque&odio=mauris&consequat=sit&varius=amet&integer=eros&ac=suspendisse&leo=accumsan&pellentesque=tortor&ultrices=quis&mattis=turpis&odio=sed&donec=ante&vitae=vivamus&nisi=tortor&nam=duis&ultrices=mattis&libero=egestas&non=metus&mattis=aenean&pulvinar=fermentum&nulla=donec&pede=ut&ullamcorper=mauris&augue=eget&a=massa&suscipit=tempor&nulla=convallis&elit=nulla&ac=neque&nulla=libero&sed=convallis&vel=eget&enim=eleifend&sit=luctus&amet=ultricies&nunc=eu&viverra=nibh&dapibus=quisque&nulla=id&suscipit=justo&ligula=sit&in=amet', 'Maecenas leo odio, condimentum id, luctus nec, molestie sed, justo. Pellentesque viverra pede ac diam. Cras pellentesque volutpat dui.', false, 2);
insert into codetube.video (id, channel_id, title, length, views_count, lajks_count, dislajks_count, url, description, privacy_settings, region) values (48, 29, 'China officinalis, Ferrum Phosphoricum and Medicago Sativa', 1119, 0, 0, 0, 'https://reuters.com/rutrum/nulla/tellus.jpg?tincidunt=ut&lacus=at&at=dolor&velit=quis&vivamus=odio&vel=consequat&nulla=varius&eget=integer&eros=ac&elementum=leo&pellentesque=pellentesque&quisque=ultrices&porta=mattis&volutpat=odio&erat=donec&quisque=vitae&erat=nisi&eros=nam&viverra=ultrices&eget=libero&congue=non&eget=mattis&semper=pulvinar&rutrum=nulla&nulla=pede&nunc=ullamcorper&purus=augue&phasellus=a&in=suscipit&felis=nulla&donec=elit&semper=ac&sapien=nulla&a=sed&libero=vel&nam=enim&dui=sit&proin=amet&leo=nunc&odio=viverra&porttitor=dapibus&id=nulla&consequat=suscipit&in=ligula&consequat=in&ut=lacus&nulla=curabitur&sed=at&accumsan=ipsum&felis=ac&ut=tellus&at=semper&dolor=interdum&quis=mauris&odio=ullamcorper&consequat=purus&varius=sit&integer=amet&ac=nulla&leo=quisque&pellentesque=arcu', 'Maecenas ut massa quis augue luctus tincidunt. Nulla mollis molestie lorem. Quisque ut erat.', false, 5);
insert into codetube.video (id, channel_id, title, length, views_count, lajks_count, dislajks_count, url, description, privacy_settings, region) values (49, 41, 'alcohol', 5995, 0, 0, 0, 'http://alibaba.com/odio/elementum.jpg?mi=varius&integer=ut&ac=blandit&neque=non&duis=interdum&bibendum=in&morbi=ante&non=vestibulum&quam=ante&nec=ipsum&dui=primis&luctus=in&rutrum=faucibus&nulla=orci&tellus=luctus&in=et&sagittis=ultrices&dui=posuere&vel=cubilia&nisl=curae&duis=duis&ac=faucibus&nibh=accumsan&fusce=odio&lacus=curabitur&purus=convallis&aliquet=duis&at=consequat&feugiat=dui&non=nec&pretium=nisi&quis=volutpat&lectus=eleifend&suspendisse=donec&potenti=ut&in=dolor&eleifend=morbi&quam=vel&a=lectus&odio=in&in=quam&hac=fringilla&habitasse=rhoncus', 'Lorem ipsum dolor sit amet, consectetuer adipiscing elit. Proin risus. Praesent lectus.', true, 6);
insert into codetube.video (id, channel_id, title, length, views_count, lajks_count, dislajks_count, url, description, privacy_settings, region) values (50, 20, 'Bromocriptine mesylate', 8268, 0, 0, 0, 'https://godaddy.com/nec/euismod/scelerisque.xml?odio=libero&justo=ut&sollicitudin=massa&ut=volutpat&suscipit=convallis&a=morbi&feugiat=odio&et=odio&eros=elementum&vestibulum=eu&ac=interdum&est=eu&lacinia=tincidunt&nisi=in&venenatis=leo&tristique=maecenas&fusce=pulvinar&congue=lobortis&diam=est&id=phasellus&ornare=sit&imperdiet=amet&sapien=erat&urna=nulla&pretium=tempus&nisl=vivamus&ut=in&volutpat=felis', 'Praesent id massa id nisl venenatis lacinia. Aenean sit amet justo. Morbi ut odio.', true, 3);
insert into codetube.video (id, channel_id, title, length, views_count, lajks_count, dislajks_count, url, description, privacy_settings, region) values (51, 63, 'hydrocortisone', 5442, 0, 0, 0, 'http://symantec.com/vel/sem/sed/sagittis/nam.jsp?purus=risus&eu=auctor&magna=sed&vulputate=tristique&luctus=in&cum=tempus&sociis=sit&natoque=amet&penatibus=sem&et=fusce&magnis=consequat&dis=nulla&parturient=nisl&montes=nunc&nascetur=nisl&ridiculus=duis&mus=bibendum&vivamus=felis&vestibulum=sed&sagittis=interdum&sapien=venenatis&cum=turpis&sociis=enim&natoque=blandit&penatibus=mi&et=in&magnis=porttitor&dis=pede&parturient=justo&montes=eu&nascetur=massa&ridiculus=donec&mus=dapibus&etiam=duis&vel=at&augue=velit&vestibulum=eu&rutrum=est&rutrum=congue&neque=elementum&aenean=in&auctor=hac&gravida=habitasse&sem=platea&praesent=dictumst&id=morbi&massa=vestibulum&id=velit&nisl=id&venenatis=pretium&lacinia=iaculis&aenean=diam&sit=erat&amet=fermentum&justo=justo&morbi=nec&ut=condimentum&odio=neque&cras=sapien&mi=placerat', 'Duis bibendum, felis sed interdum venenatis, turpis enim blandit mi, in porttitor pede justo eu massa. Donec dapibus. Duis at velit eu est congue elementum.', false, 6);
insert into codetube.video (id, channel_id, title, length, views_count, lajks_count, dislajks_count, url, description, privacy_settings, region) values (52, 56, 'Doxycycline', 1268, 0, 0, 0, 'http://people.com.cn/sagittis/dui/vel/nisl/duis/ac/nibh.html?elementum=et&nullam=ultrices&varius=posuere&nulla=cubilia&facilisi=curae&cras=duis&non=faucibus&velit=accumsan&nec=odio&nisi=curabitur&vulputate=convallis&nonummy=duis&maecenas=consequat&tincidunt=dui&lacus=nec&at=nisi&velit=volutpat', 'Aliquam quis turpis eget elit sodales scelerisque. Mauris sit amet eros. Suspendisse accumsan tortor quis turpis.', false, 5);
insert into codetube.video (id, channel_id, title, length, views_count, lajks_count, dislajks_count, url, description, privacy_settings, region) values (53, 8, 'Octinoxate, Oxybenzone, Titanium Dioxide', 1101, 0, 0, 0, 'https://fc2.com/eget/orci/vehicula/condimentum/curabitur.json?lorem=vestibulum&ipsum=vestibulum&dolor=ante&sit=ipsum&amet=primis&consectetuer=in&adipiscing=faucibus&elit=orci&proin=luctus&interdum=et&mauris=ultrices&non=posuere&ligula=cubilia&pellentesque=curae&ultrices=nulla&phasellus=dapibus&id=dolor&sapien=vel&in=est&sapien=donec&iaculis=odio&congue=justo&vivamus=sollicitudin&metus=ut&arcu=suscipit&adipiscing=a&molestie=feugiat&hendrerit=et&at=eros&vulputate=vestibulum&vitae=ac&nisl=est&aenean=lacinia&lectus=nisi&pellentesque=venenatis&eget=tristique&nunc=fusce&donec=congue', 'In congue. Etiam justo. Etiam pretium iaculis justo.', false, 1);
insert into codetube.video (id, channel_id, title, length, views_count, lajks_count, dislajks_count, url, description, privacy_settings, region) values (54, 78, 'hydroxyzine hydrochloride', 1904, 0, 0, 0, 'http://ustream.tv/nulla.aspx?accumsan=eu&odio=interdum&curabitur=eu&convallis=tincidunt&duis=in&consequat=leo&dui=maecenas&nec=pulvinar&nisi=lobortis&volutpat=est&eleifend=phasellus&donec=sit&ut=amet&dolor=erat&morbi=nulla&vel=tempus&lectus=vivamus&in=in&quam=felis&fringilla=eu&rhoncus=sapien&mauris=cursus&enim=vestibulum&leo=proin&rhoncus=eu&sed=mi&vestibulum=nulla&sit=ac&amet=enim&cursus=in&id=tempor&turpis=turpis&integer=nec&aliquet=euismod&massa=scelerisque&id=quam&lobortis=turpis&convallis=adipiscing&tortor=lorem&risus=vitae&dapibus=mattis&augue=nibh&vel=ligula&accumsan=nec&tellus=sem&nisi=duis&eu=aliquam&orci=convallis&mauris=nunc&lacinia=proin&sapien=at&quis=turpis&libero=a&nullam=pede&sit=posuere&amet=nonummy&turpis=integer&elementum=non&ligula=velit&vehicula=donec&consequat=diam&morbi=neque', 'Sed ante. Vivamus tortor. Duis mattis egestas metus.', true, 1);
insert into codetube.video (id, channel_id, title, length, views_count, lajks_count, dislajks_count, url, description, privacy_settings, region) values (55, 45, 'sodium phenylbutyrate', 6087, 0, 0, 0, 'http://diigo.com/sit/amet/eros/suspendisse/accumsan.xml?in=consequat&ante=varius&vestibulum=integer&ante=ac&ipsum=leo&primis=pellentesque&in=ultrices&faucibus=mattis&orci=odio&luctus=donec&et=vitae&ultrices=nisi&posuere=nam&cubilia=ultrices&curae=libero&duis=non&faucibus=mattis&accumsan=pulvinar&odio=nulla&curabitur=pede&convallis=ullamcorper&duis=augue', 'Lorem ipsum dolor sit amet, consectetuer adipiscing elit. Proin risus. Praesent lectus.', false, 2);
insert into codetube.video (id, channel_id, title, length, views_count, lajks_count, dislajks_count, url, description, privacy_settings, region) values (56, 54, 'Acetaminophen, Dextromethorphan HBr, Phenylephrine HCl', 2192, 0, 0, 0, 'http://delicious.com/praesent/id/massa/id/nisl/venenatis/lacinia.xml?convallis=congue&morbi=vivamus&odio=metus&odio=arcu&elementum=adipiscing&eu=molestie&interdum=hendrerit&eu=at&tincidunt=vulputate', 'Etiam vel augue. Vestibulum rutrum rutrum neque. Aenean auctor gravida sem.', true, 1);
insert into codetube.video (id, channel_id, title, length, views_count, lajks_count, dislajks_count, url, description, privacy_settings, region) values (57, 28, 'Conium maculatum, Dulcamara, Echinacea (Angustifolia), Aesculus hippocastanum, Antimonium tartaricum, Ascorbic acid, Coccus cacti, Galium aparine,', 7480, 0, 0, 0, 'https://japanpost.jp/pellentesque/ultrices/mattis/odio/donec/vitae.aspx?mattis=auctor&nibh=sed&ligula=tristique&nec=in&sem=tempus&duis=sit&aliquam=amet&convallis=sem&nunc=fusce&proin=consequat&at=nulla&turpis=nisl&a=nunc&pede=nisl&posuere=duis&nonummy=bibendum&integer=felis&non=sed&velit=interdum&donec=venenatis&diam=turpis&neque=enim&vestibulum=blandit&eget=mi&vulputate=in&ut=porttitor&ultrices=pede&vel=justo&augue=eu&vestibulum=massa&ante=donec&ipsum=dapibus&primis=duis&in=at&faucibus=velit&orci=eu&luctus=est&et=congue&ultrices=elementum&posuere=in&cubilia=hac&curae=habitasse', 'Sed ante. Vivamus tortor. Duis mattis egestas metus.', false, 1);
insert into codetube.video (id, channel_id, title, length, views_count, lajks_count, dislajks_count, url, description, privacy_settings, region) values (58, 4, 'nafcillin sodium', 1590, 0, 0, 0, 'http://prlog.org/pretium/nisl/ut.jsp?aliquam=lacus&erat=morbi&volutpat=sem&in=mauris&congue=laoreet&etiam=ut&justo=rhoncus&etiam=aliquet&pretium=pulvinar&iaculis=sed&justo=nisl&in=nunc&hac=rhoncus&habitasse=dui&platea=vel&dictumst=sem&etiam=sed&faucibus=sagittis&cursus=nam&urna=congue&ut=risus&tellus=semper&nulla=porta&ut=volutpat&erat=quam&id=pede&mauris=lobortis&vulputate=ligula&elementum=sit&nullam=amet&varius=eleifend&nulla=pede&facilisi=libero&cras=quis&non=orci&velit=nullam&nec=molestie&nisi=nibh&vulputate=in&nonummy=lectus&maecenas=pellentesque&tincidunt=at&lacus=nulla&at=suspendisse&velit=potenti&vivamus=cras', 'Morbi non lectus. Aliquam sit amet diam in magna bibendum imperdiet. Nullam orci pede, venenatis non, sodales sed, tincidunt eu, felis.', false, 2);
insert into codetube.video (id, channel_id, title, length, views_count, lajks_count, dislajks_count, url, description, privacy_settings, region) values (59, 80, 'Guaifenesin', 2930, 0, 0, 0, 'https://marketwatch.com/eu/est/congue/elementum/in/hac.jsp?penatibus=nisl&et=venenatis&magnis=lacinia&dis=aenean&parturient=sit&montes=amet&nascetur=justo&ridiculus=morbi&mus=ut&etiam=odio&vel=cras&augue=mi&vestibulum=pede&rutrum=malesuada&rutrum=in&neque=imperdiet&aenean=et&auctor=commodo&gravida=vulputate&sem=justo&praesent=in&id=blandit&massa=ultrices&id=enim&nisl=lorem&venenatis=ipsum&lacinia=dolor&aenean=sit&sit=amet&amet=consectetuer&justo=adipiscing&morbi=elit&ut=proin&odio=interdum&cras=mauris&mi=non&pede=ligula&malesuada=pellentesque&in=ultrices&imperdiet=phasellus&et=id&commodo=sapien&vulputate=in&justo=sapien&in=iaculis&blandit=congue&ultrices=vivamus&enim=metus&lorem=arcu&ipsum=adipiscing&dolor=molestie&sit=hendrerit&amet=at&consectetuer=vulputate&adipiscing=vitae&elit=nisl&proin=aenean&interdum=lectus&mauris=pellentesque&non=eget&ligula=nunc&pellentesque=donec&ultrices=quis&phasellus=orci&id=eget&sapien=orci', 'Aenean lectus. Pellentesque eget nunc. Donec quis orci eget orci vehicula condimentum.', true, 7);
insert into codetube.video (id, channel_id, title, length, views_count, lajks_count, dislajks_count, url, description, privacy_settings, region) values (60, 4, 'Strawberry', 1938, 0, 0, 0, 'http://mlb.com/consectetuer/adipiscing.jsp?sapien=erat&cum=quisque&sociis=erat&natoque=eros&penatibus=viverra&et=eget&magnis=congue&dis=eget&parturient=semper&montes=rutrum&nascetur=nulla&ridiculus=nunc&mus=purus&etiam=phasellus&vel=in&augue=felis&vestibulum=donec&rutrum=semper&rutrum=sapien&neque=a&aenean=libero&auctor=nam&gravida=dui&sem=proin&praesent=leo&id=odio&massa=porttitor&id=id&nisl=consequat&venenatis=in&lacinia=consequat&aenean=ut&sit=nulla&amet=sed&justo=accumsan&morbi=felis&ut=ut&odio=at&cras=dolor&mi=quis&pede=odio&malesuada=consequat&in=varius&imperdiet=integer&et=ac&commodo=leo&vulputate=pellentesque&justo=ultrices&in=mattis&blandit=odio&ultrices=donec&enim=vitae&lorem=nisi&ipsum=nam&dolor=ultrices&sit=libero&amet=non&consectetuer=mattis&adipiscing=pulvinar&elit=nulla&proin=pede&interdum=ullamcorper&mauris=augue&non=a&ligula=suscipit&pellentesque=nulla&ultrices=elit&phasellus=ac&id=nulla&sapien=sed&in=vel&sapien=enim&iaculis=sit', 'Maecenas tristique, est et tempus semper, est quam pharetra magna, ac consequat metus sapien ut nunc. Vestibulum ante ipsum primis in faucibus orci luctus et ultrices posuere cubilia Curae; Mauris viverra diam vitae quam. Suspendisse potenti.', false, 1);
insert into codetube.video (id, channel_id, title, length, views_count, lajks_count, dislajks_count, url, description, privacy_settings, region) values (61, 7, 'arsenicum album, arsenicum iodatum, calcarea carbonica, coffea cruda, iodium, ulmus procera, flos, mancinella, physostigma venenosum, silicea', 6697, 0, 0, 0, 'http://pcworld.com/nulla/suscipit/ligula.json?at=vel&velit=augue&vivamus=vestibulum&vel=rutrum&nulla=rutrum&eget=neque&eros=aenean&elementum=auctor&pellentesque=gravida&quisque=sem&porta=praesent&volutpat=id&erat=massa&quisque=id&erat=nisl&eros=venenatis&viverra=lacinia&eget=aenean&congue=sit&eget=amet&semper=justo&rutrum=morbi&nulla=ut&nunc=odio&purus=cras', 'Phasellus in felis. Donec semper sapien a libero. Nam dui.', true, 6);
insert into codetube.video (id, channel_id, title, length, views_count, lajks_count, dislajks_count, url, description, privacy_settings, region) values (62, 65, 'TITANIUM DIOXIDE', 4928, 0, 0, 0, 'http://macromedia.com/tellus/nisi/eu/orci/mauris/lacinia.png?diam=eu&neque=tincidunt&vestibulum=in&eget=leo&vulputate=maecenas&ut=pulvinar&ultrices=lobortis&vel=est&augue=phasellus&vestibulum=sit&ante=amet&ipsum=erat&primis=nulla&in=tempus&faucibus=vivamus&orci=in&luctus=felis&et=eu&ultrices=sapien&posuere=cursus&cubilia=vestibulum&curae=proin&donec=eu&pharetra=mi&magna=nulla&vestibulum=ac&aliquet=enim&ultrices=in&erat=tempor&tortor=turpis&sollicitudin=nec&mi=euismod&sit=scelerisque&amet=quam&lobortis=turpis&sapien=adipiscing&sapien=lorem&non=vitae&mi=mattis&integer=nibh&ac=ligula&neque=nec&duis=sem&bibendum=duis&morbi=aliquam&non=convallis&quam=nunc&nec=proin&dui=at&luctus=turpis&rutrum=a&nulla=pede&tellus=posuere&in=nonummy&sagittis=integer&dui=non&vel=velit&nisl=donec&duis=diam&ac=neque&nibh=vestibulum&fusce=eget&lacus=vulputate&purus=ut&aliquet=ultrices&at=vel&feugiat=augue&non=vestibulum&pretium=ante&quis=ipsum&lectus=primis&suspendisse=in&potenti=faucibus&in=orci&eleifend=luctus&quam=et&a=ultrices&odio=posuere&in=cubilia', 'Integer tincidunt ante vel ipsum. Praesent blandit lacinia erat. Vestibulum sed magna at nunc commodo placerat.', true, 6);
insert into codetube.video (id, channel_id, title, length, views_count, lajks_count, dislajks_count, url, description, privacy_settings, region) values (63, 35, 'Asenapine Maleate', 5951, 0, 0, 0, 'http://eepurl.com/iaculis/congue/vivamus.jsp?in=ut&tempus=nulla&sit=sed&amet=accumsan&sem=felis&fusce=ut&consequat=at&nulla=dolor&nisl=quis&nunc=odio&nisl=consequat&duis=varius&bibendum=integer&felis=ac&sed=leo&interdum=pellentesque&venenatis=ultrices', 'Phasellus sit amet erat. Nulla tempus. Vivamus in felis eu sapien cursus vestibulum.', false, 7);
insert into codetube.video (id, channel_id, title, length, views_count, lajks_count, dislajks_count, url, description, privacy_settings, region) values (64, 12, 'Triclosan', 6282, 0, 0, 0, 'https://google.cn/etiam/justo/etiam/pretium/iaculis/justo.html?consequat=quisque&in=erat&consequat=eros&ut=viverra&nulla=eget&sed=congue&accumsan=eget&felis=semper&ut=rutrum&at=nulla&dolor=nunc&quis=purus&odio=phasellus&consequat=in&varius=felis&integer=donec', 'Aenean lectus. Pellentesque eget nunc. Donec quis orci eget orci vehicula condimentum.', false, 2);
insert into codetube.video (id, channel_id, title, length, views_count, lajks_count, dislajks_count, url, description, privacy_settings, region) values (65, 100, 'AVOBENZONE, HOMOSALATE, OCTINOXATE, OCTOCRYLENE', 2481, 0, 0, 0, 'https://last.fm/ante/vestibulum/ante/ipsum.json?feugiat=rutrum&et=neque&eros=aenean&vestibulum=auctor&ac=gravida&est=sem&lacinia=praesent&nisi=id&venenatis=massa&tristique=id&fusce=nisl&congue=venenatis&diam=lacinia&id=aenean&ornare=sit&imperdiet=amet&sapien=justo&urna=morbi&pretium=ut&nisl=odio&ut=cras&volutpat=mi&sapien=pede&arcu=malesuada&sed=in&augue=imperdiet&aliquam=et&erat=commodo&volutpat=vulputate&in=justo&congue=in&etiam=blandit&justo=ultrices&etiam=enim&pretium=lorem&iaculis=ipsum&justo=dolor&in=sit&hac=amet&habitasse=consectetuer&platea=adipiscing&dictumst=elit&etiam=proin&faucibus=interdum&cursus=mauris&urna=non&ut=ligula&tellus=pellentesque&nulla=ultrices&ut=phasellus&erat=id&id=sapien&mauris=in&vulputate=sapien&elementum=iaculis&nullam=congue&varius=vivamus&nulla=metus&facilisi=arcu&cras=adipiscing&non=molestie&velit=hendrerit&nec=at&nisi=vulputate&vulputate=vitae&nonummy=nisl&maecenas=aenean', 'Nullam porttitor lacus at turpis. Donec posuere metus vitae ipsum. Aliquam non mauris.', true, 1);
insert into codetube.video (id, channel_id, title, length, views_count, lajks_count, dislajks_count, url, description, privacy_settings, region) values (66, 34, 'FENOFIBRATE', 3195, 0, 0, 0, 'https://state.tx.us/ipsum/dolor.png?diam=erat&erat=vestibulum&fermentum=sed&justo=magna&nec=at&condimentum=nunc&neque=commodo&sapien=placerat&placerat=praesent&ante=blandit&nulla=nam&justo=nulla&aliquam=integer&quis=pede&turpis=justo&eget=lacinia&elit=eget&sodales=tincidunt&scelerisque=eget&mauris=tempus&sit=vel&amet=pede&eros=morbi&suspendisse=porttitor&accumsan=lorem&tortor=id', 'Praesent blandit. Nam nulla. Integer pede justo, lacinia eget, tincidunt eget, tempus vel, pede.', true, 5);
insert into codetube.video (id, channel_id, title, length, views_count, lajks_count, dislajks_count, url, description, privacy_settings, region) values (67, 35, 'BuPROPion Hydrochloride', 4244, 0, 0, 0, 'http://examiner.com/ipsum/primis/in/faucibus.aspx?aliquam=a&lacus=pede&morbi=posuere&quis=nonummy&tortor=integer&id=non&nulla=velit&ultrices=donec&aliquet=diam&maecenas=neque&leo=vestibulum&odio=eget&condimentum=vulputate&id=ut&luctus=ultrices&nec=vel&molestie=augue&sed=vestibulum&justo=ante&pellentesque=ipsum&viverra=primis&pede=in&ac=faucibus&diam=orci&cras=luctus&pellentesque=et&volutpat=ultrices&dui=posuere&maecenas=cubilia&tristique=curae&est=donec&et=pharetra&tempus=magna&semper=vestibulum&est=aliquet&quam=ultrices&pharetra=erat&magna=tortor&ac=sollicitudin&consequat=mi&metus=sit&sapien=amet&ut=lobortis&nunc=sapien&vestibulum=sapien&ante=non&ipsum=mi&primis=integer', 'Integer tincidunt ante vel ipsum. Praesent blandit lacinia erat. Vestibulum sed magna at nunc commodo placerat.', false, 4);
insert into codetube.video (id, channel_id, title, length, views_count, lajks_count, dislajks_count, url, description, privacy_settings, region) values (68, 19, 'Dextrose (glucose), Levulose (fructose), Phosphoric Acid', 3041, 0, 0, 0, 'http://independent.co.uk/nec.jsp?duis=primis&mattis=in&egestas=faucibus&metus=orci&aenean=luctus&fermentum=et&donec=ultrices&ut=posuere&mauris=cubilia&eget=curae&massa=duis&tempor=faucibus&convallis=accumsan&nulla=odio&neque=curabitur&libero=convallis&convallis=duis&eget=consequat&eleifend=dui&luctus=nec&ultricies=nisi&eu=volutpat&nibh=eleifend&quisque=donec&id=ut&justo=dolor&sit=morbi&amet=vel&sapien=lectus&dignissim=in&vestibulum=quam&vestibulum=fringilla&ante=rhoncus&ipsum=mauris&primis=enim&in=leo&faucibus=rhoncus&orci=sed&luctus=vestibulum&et=sit&ultrices=amet&posuere=cursus&cubilia=id&curae=turpis&nulla=integer&dapibus=aliquet&dolor=massa&vel=id&est=lobortis&donec=convallis&odio=tortor&justo=risus&sollicitudin=dapibus&ut=augue&suscipit=vel&a=accumsan&feugiat=tellus&et=nisi&eros=eu&vestibulum=orci&ac=mauris&est=lacinia&lacinia=sapien&nisi=quis&venenatis=libero&tristique=nullam&fusce=sit&congue=amet&diam=turpis&id=elementum&ornare=ligula&imperdiet=vehicula&sapien=consequat&urna=morbi', 'Quisque id justo sit amet sapien dignissim vestibulum. Vestibulum ante ipsum primis in faucibus orci luctus et ultrices posuere cubilia Curae; Nulla dapibus dolor vel est. Donec odio justo, sollicitudin ut, suscipit a, feugiat et, eros.', false, 4);
insert into codetube.video (id, channel_id, title, length, views_count, lajks_count, dislajks_count, url, description, privacy_settings, region) values (69, 16, 'Saline', 9941, 0, 0, 0, 'https://photobucket.com/posuere/felis/sed.jsp?ipsum=justo&primis=pellentesque&in=viverra&faucibus=pede&orci=ac&luctus=diam&et=cras&ultrices=pellentesque&posuere=volutpat&cubilia=dui&curae=maecenas&donec=tristique&pharetra=est&magna=et&vestibulum=tempus&aliquet=semper&ultrices=est&erat=quam&tortor=pharetra&sollicitudin=magna&mi=ac&sit=consequat&amet=metus&lobortis=sapien&sapien=ut&sapien=nunc&non=vestibulum&mi=ante&integer=ipsum&ac=primis&neque=in&duis=faucibus&bibendum=orci&morbi=luctus&non=et&quam=ultrices&nec=posuere&dui=cubilia&luctus=curae&rutrum=mauris&nulla=viverra&tellus=diam&in=vitae&sagittis=quam&dui=suspendisse&vel=potenti&nisl=nullam&duis=porttitor&ac=lacus&nibh=at&fusce=turpis&lacus=donec&purus=posuere&aliquet=metus&at=vitae&feugiat=ipsum&non=aliquam&pretium=non&quis=mauris&lectus=morbi&suspendisse=non&potenti=lectus&in=aliquam&eleifend=sit&quam=amet&a=diam&odio=in&in=magna&hac=bibendum&habitasse=imperdiet&platea=nullam&dictumst=orci', 'Vestibulum ac est lacinia nisi venenatis tristique. Fusce congue, diam id ornare imperdiet, sapien urna pretium nisl, ut volutpat sapien arcu sed augue. Aliquam erat volutpat.', false, 3);
insert into codetube.video (id, channel_id, title, length, views_count, lajks_count, dislajks_count, url, description, privacy_settings, region) values (70, 63, 'Sodium Fluoride', 2516, 0, 0, 0, 'http://istockphoto.com/id/pretium/iaculis/diam/erat/fermentum.jpg?vestibulum=sit&vestibulum=amet&ante=cursus&ipsum=id&primis=turpis&in=integer&faucibus=aliquet&orci=massa&luctus=id&et=lobortis&ultrices=convallis&posuere=tortor&cubilia=risus&curae=dapibus&nulla=augue&dapibus=vel&dolor=accumsan&vel=tellus&est=nisi&donec=eu&odio=orci&justo=mauris&sollicitudin=lacinia&ut=sapien&suscipit=quis&a=libero&feugiat=nullam&et=sit&eros=amet&vestibulum=turpis&ac=elementum&est=ligula&lacinia=vehicula&nisi=consequat&venenatis=morbi&tristique=a&fusce=ipsum&congue=integer&diam=a&id=nibh&ornare=in&imperdiet=quis&sapien=justo&urna=maecenas&pretium=rhoncus&nisl=aliquam&ut=lacus&volutpat=morbi&sapien=quis&arcu=tortor&sed=id&augue=nulla&aliquam=ultrices&erat=aliquet&volutpat=maecenas&in=leo&congue=odio&etiam=condimentum&justo=id&etiam=luctus&pretium=nec&iaculis=molestie&justo=sed&in=justo&hac=pellentesque&habitasse=viverra&platea=pede&dictumst=ac&etiam=diam&faucibus=cras&cursus=pellentesque&urna=volutpat&ut=dui&tellus=maecenas&nulla=tristique&ut=est&erat=et&id=tempus&mauris=semper&vulputate=est&elementum=quam&nullam=pharetra&varius=magna&nulla=ac&facilisi=consequat&cras=metus&non=sapien&velit=ut&nec=nunc&nisi=vestibulum&vulputate=ante&nonummy=ipsum&maecenas=primis&tincidunt=in&lacus=faucibus&at=orci&velit=luctus&vivamus=et', 'In hac habitasse platea dictumst. Etiam faucibus cursus urna. Ut tellus.', false, 3);
insert into codetube.video (id, channel_id, title, length, views_count, lajks_count, dislajks_count, url, description, privacy_settings, region) values (71, 51, 'Tree Mix 6', 550, 0, 0, 0, 'https://paypal.com/curabitur/gravida/nisi/at.png?mattis=suspendisse', 'Mauris enim leo, rhoncus sed, vestibulum sit amet, cursus id, turpis. Integer aliquet, massa id lobortis convallis, tortor risus dapibus augue, vel accumsan tellus nisi eu orci. Mauris lacinia sapien quis libero.', false, 5);
insert into codetube.video (id, channel_id, title, length, views_count, lajks_count, dislajks_count, url, description, privacy_settings, region) values (72, 44, 'cyclosporine', 3037, 0, 0, 0, 'https://nationalgeographic.com/ipsum/integer.xml?sapien=quam&sapien=pede&non=lobortis&mi=ligula&integer=sit&ac=amet&neque=eleifend&duis=pede&bibendum=libero&morbi=quis&non=orci&quam=nullam&nec=molestie&dui=nibh&luctus=in&rutrum=lectus&nulla=pellentesque&tellus=at&in=nulla&sagittis=suspendisse&dui=potenti&vel=cras&nisl=in&duis=purus&ac=eu&nibh=magna&fusce=vulputate&lacus=luctus&purus=cum&aliquet=sociis&at=natoque&feugiat=penatibus&non=et&pretium=magnis&quis=dis&lectus=parturient&suspendisse=montes&potenti=nascetur&in=ridiculus&eleifend=mus&quam=vivamus&a=vestibulum&odio=sagittis&in=sapien&hac=cum&habitasse=sociis&platea=natoque&dictumst=penatibus&maecenas=et&ut=magnis&massa=dis&quis=parturient&augue=montes&luctus=nascetur&tincidunt=ridiculus&nulla=mus&mollis=etiam&molestie=vel&lorem=augue&quisque=vestibulum&ut=rutrum&erat=rutrum&curabitur=neque&gravida=aenean&nisi=auctor&at=gravida&nibh=sem&in=praesent&hac=id&habitasse=massa&platea=id&dictumst=nisl&aliquam=venenatis&augue=lacinia&quam=aenean&sollicitudin=sit&vitae=amet&consectetuer=justo&eget=morbi&rutrum=ut&at=odio&lorem=cras&integer=mi&tincidunt=pede&ante=malesuada&vel=in&ipsum=imperdiet&praesent=et&blandit=commodo&lacinia=vulputate&erat=justo&vestibulum=in', 'In hac habitasse platea dictumst. Etiam faucibus cursus urna. Ut tellus.', false, 5);
insert into codetube.video (id, channel_id, title, length, views_count, lajks_count, dislajks_count, url, description, privacy_settings, region) values (73, 2, 'nebivolol hydrochloride', 1864, 0, 0, 0, 'https://issuu.com/arcu/sed.png?vel=interdum&nulla=mauris&eget=non&eros=ligula&elementum=pellentesque&pellentesque=ultrices&quisque=phasellus&porta=id&volutpat=sapien&erat=in&quisque=sapien&erat=iaculis&eros=congue&viverra=vivamus&eget=metus&congue=arcu&eget=adipiscing&semper=molestie&rutrum=hendrerit&nulla=at&nunc=vulputate&purus=vitae&phasellus=nisl&in=aenean&felis=lectus&donec=pellentesque&semper=eget&sapien=nunc&a=donec&libero=quis&nam=orci&dui=eget&proin=orci&leo=vehicula&odio=condimentum&porttitor=curabitur&id=in&consequat=libero&in=ut&consequat=massa&ut=volutpat&nulla=convallis&sed=morbi&accumsan=odio&felis=odio&ut=elementum&at=eu&dolor=interdum&quis=eu&odio=tincidunt&consequat=in&varius=leo&integer=maecenas&ac=pulvinar&leo=lobortis&pellentesque=est&ultrices=phasellus&mattis=sit&odio=amet&donec=erat&vitae=nulla&nisi=tempus&nam=vivamus&ultrices=in&libero=felis&non=eu&mattis=sapien&pulvinar=cursus&nulla=vestibulum&pede=proin&ullamcorper=eu&augue=mi&a=nulla&suscipit=ac&nulla=enim&elit=in&ac=tempor&nulla=turpis&sed=nec&vel=euismod&enim=scelerisque&sit=quam&amet=turpis&nunc=adipiscing&viverra=lorem&dapibus=vitae&nulla=mattis&suscipit=nibh&ligula=ligula&in=nec&lacus=sem&curabitur=duis&at=aliquam&ipsum=convallis&ac=nunc&tellus=proin', 'In hac habitasse platea dictumst. Etiam faucibus cursus urna. Ut tellus.', true, 3);
insert into codetube.video (id, channel_id, title, length, views_count, lajks_count, dislajks_count, url, description, privacy_settings, region) values (74, 48, 'Ginkgo Biloba, Chininum Sulphuricum, Cinchona Officinalis, Graphites, Natrum Salicylicum, Plumbum Metallicum', 8661, 0, 0, 0, 'https://soup.io/posuere/cubilia/curae/mauris/viverra/diam/vitae.html?orci=nulla&luctus=ac&et=enim&ultrices=in&posuere=tempor&cubilia=turpis&curae=nec&donec=euismod&pharetra=scelerisque&magna=quam&vestibulum=turpis&aliquet=adipiscing&ultrices=lorem&erat=vitae&tortor=mattis&sollicitudin=nibh&mi=ligula', 'Maecenas leo odio, condimentum id, luctus nec, molestie sed, justo. Pellentesque viverra pede ac diam. Cras pellentesque volutpat dui.', true, 3);
insert into codetube.video (id, channel_id, title, length, views_count, lajks_count, dislajks_count, url, description, privacy_settings, region) values (75, 79, 'OCTINOXATE and OCTISALATE', 4603, 0, 0, 0, 'https://soup.io/fusce/lacus.js?felis=morbi&eu=non&sapien=lectus&cursus=aliquam&vestibulum=sit&proin=amet&eu=diam&mi=in&nulla=magna&ac=bibendum&enim=imperdiet&in=nullam&tempor=orci&turpis=pede&nec=venenatis&euismod=non&scelerisque=sodales&quam=sed&turpis=tincidunt&adipiscing=eu&lorem=felis&vitae=fusce&mattis=posuere&nibh=felis&ligula=sed&nec=lacus&sem=morbi&duis=sem&aliquam=mauris&convallis=laoreet&nunc=ut&proin=rhoncus&at=aliquet&turpis=pulvinar&a=sed&pede=nisl&posuere=nunc&nonummy=rhoncus&integer=dui&non=vel&velit=sem&donec=sed&diam=sagittis&neque=nam&vestibulum=congue&eget=risus&vulputate=semper&ut=porta&ultrices=volutpat&vel=quam&augue=pede&vestibulum=lobortis&ante=ligula&ipsum=sit&primis=amet&in=eleifend&faucibus=pede&orci=libero&luctus=quis&et=orci&ultrices=nullam&posuere=molestie&cubilia=nibh&curae=in', 'Phasellus sit amet erat. Nulla tempus. Vivamus in felis eu sapien cursus vestibulum.', false, 5);
insert into codetube.video (id, channel_id, title, length, views_count, lajks_count, dislajks_count, url, description, privacy_settings, region) values (76, 60, 'Escitalopram Oxalate', 8182, 0, 0, 0, 'https://noaa.gov/viverra/diam/vitae/quam/suspendisse.png?imperdiet=donec&et=diam&commodo=neque&vulputate=vestibulum&justo=eget&in=vulputate&blandit=ut&ultrices=ultrices&enim=vel&lorem=augue&ipsum=vestibulum&dolor=ante&sit=ipsum&amet=primis&consectetuer=in&adipiscing=faucibus&elit=orci&proin=luctus&interdum=et&mauris=ultrices&non=posuere&ligula=cubilia&pellentesque=curae&ultrices=donec&phasellus=pharetra&id=magna&sapien=vestibulum&in=aliquet&sapien=ultrices&iaculis=erat&congue=tortor&vivamus=sollicitudin&metus=mi&arcu=sit&adipiscing=amet&molestie=lobortis&hendrerit=sapien&at=sapien&vulputate=non&vitae=mi&nisl=integer&aenean=ac&lectus=neque&pellentesque=duis&eget=bibendum&nunc=morbi&donec=non&quis=quam&orci=nec&eget=dui&orci=luctus&vehicula=rutrum&condimentum=nulla&curabitur=tellus&in=in&libero=sagittis&ut=dui&massa=vel&volutpat=nisl&convallis=duis&morbi=ac&odio=nibh&odio=fusce&elementum=lacus&eu=purus&interdum=aliquet&eu=at&tincidunt=feugiat&in=non&leo=pretium', 'Duis aliquam convallis nunc. Proin at turpis a pede posuere nonummy. Integer non velit.', true, 4);
insert into codetube.video (id, channel_id, title, length, views_count, lajks_count, dislajks_count, url, description, privacy_settings, region) values (77, 7, 'NITROGEN', 5880, 0, 0, 0, 'http://whitehouse.gov/eget/tincidunt/eget/tempus/vel.jsp?risus=leo&auctor=odio&sed=porttitor&tristique=id&in=consequat&tempus=in&sit=consequat&amet=ut&sem=nulla&fusce=sed&consequat=accumsan&nulla=felis&nisl=ut&nunc=at&nisl=dolor&duis=quis&bibendum=odio&felis=consequat&sed=varius&interdum=integer&venenatis=ac&turpis=leo&enim=pellentesque&blandit=ultrices&mi=mattis&in=odio&porttitor=donec&pede=vitae&justo=nisi&eu=nam&massa=ultrices&donec=libero&dapibus=non&duis=mattis&at=pulvinar&velit=nulla&eu=pede&est=ullamcorper&congue=augue&elementum=a&in=suscipit&hac=nulla&habitasse=elit&platea=ac&dictumst=nulla&morbi=sed&vestibulum=vel&velit=enim&id=sit&pretium=amet&iaculis=nunc&diam=viverra&erat=dapibus&fermentum=nulla&justo=suscipit&nec=ligula&condimentum=in&neque=lacus&sapien=curabitur&placerat=at&ante=ipsum&nulla=ac&justo=tellus&aliquam=semper&quis=interdum&turpis=mauris&eget=ullamcorper&elit=purus&sodales=sit&scelerisque=amet&mauris=nulla&sit=quisque&amet=arcu&eros=libero&suspendisse=rutrum&accumsan=ac&tortor=lobortis&quis=vel&turpis=dapibus&sed=at&ante=diam&vivamus=nam&tortor=tristique&duis=tortor&mattis=eu&egestas=pede', 'Nullam porttitor lacus at turpis. Donec posuere metus vitae ipsum. Aliquam non mauris.', true, 2);
insert into codetube.video (id, channel_id, title, length, views_count, lajks_count, dislajks_count, url, description, privacy_settings, region) values (78, 79, 'MECLIZINE HYDROCHLORIDE', 5837, 0, 0, 0, 'https://theglobeandmail.com/nulla/facilisi/cras/non/velit/nec/nisi.xml?nulla=diam&ut=id&erat=ornare&id=imperdiet&mauris=sapien&vulputate=urna&elementum=pretium&nullam=nisl&varius=ut&nulla=volutpat&facilisi=sapien&cras=arcu&non=sed&velit=augue&nec=aliquam&nisi=erat&vulputate=volutpat&nonummy=in&maecenas=congue&tincidunt=etiam&lacus=justo&at=etiam&velit=pretium&vivamus=iaculis&vel=justo&nulla=in&eget=hac&eros=habitasse&elementum=platea&pellentesque=dictumst&quisque=etiam&porta=faucibus&volutpat=cursus&erat=urna&quisque=ut&erat=tellus&eros=nulla&viverra=ut&eget=erat&congue=id&eget=mauris&semper=vulputate&rutrum=elementum&nulla=nullam&nunc=varius&purus=nulla&phasellus=facilisi&in=cras&felis=non&donec=velit&semper=nec&sapien=nisi&a=vulputate&libero=nonummy&nam=maecenas&dui=tincidunt&proin=lacus&leo=at&odio=velit&porttitor=vivamus&id=vel&consequat=nulla&in=eget&consequat=eros&ut=elementum&nulla=pellentesque&sed=quisque&accumsan=porta&felis=volutpat', 'Curabitur in libero ut massa volutpat convallis. Morbi odio odio, elementum eu, interdum eu, tincidunt in, leo. Maecenas pulvinar lobortis est.', true, 5);
insert into codetube.video (id, channel_id, title, length, views_count, lajks_count, dislajks_count, url, description, privacy_settings, region) values (79, 28, 'Tramadol Hydrochloride', 8429, 0, 0, 0, 'http://pagesperso-orange.fr/libero/nullam/sit/amet.json?vestibulum=lacinia&velit=nisi&id=venenatis&pretium=tristique&iaculis=fusce&diam=congue&erat=diam&fermentum=id&justo=ornare&nec=imperdiet&condimentum=sapien&neque=urna&sapien=pretium&placerat=nisl&ante=ut&nulla=volutpat&justo=sapien&aliquam=arcu&quis=sed&turpis=augue&eget=aliquam&elit=erat&sodales=volutpat&scelerisque=in&mauris=congue&sit=etiam&amet=justo&eros=etiam&suspendisse=pretium&accumsan=iaculis&tortor=justo&quis=in&turpis=hac&sed=habitasse&ante=platea&vivamus=dictumst&tortor=etiam&duis=faucibus&mattis=cursus', 'Duis bibendum. Morbi non quam nec dui luctus rutrum. Nulla tellus.', true, 2);
insert into codetube.video (id, channel_id, title, length, views_count, lajks_count, dislajks_count, url, description, privacy_settings, region) values (80, 29, 'Dextromethorphan Hydrobromide, Doxylamine Succinate', 7847, 0, 0, 0, 'http://devhub.com/luctus/rutrum/nulla.jsp?primis=phasellus&in=in&faucibus=felis&orci=donec&luctus=semper&et=sapien&ultrices=a&posuere=libero&cubilia=nam&curae=dui&duis=proin&faucibus=leo&accumsan=odio&odio=porttitor&curabitur=id&convallis=consequat&duis=in&consequat=consequat&dui=ut&nec=nulla&nisi=sed&volutpat=accumsan&eleifend=felis&donec=ut&ut=at&dolor=dolor&morbi=quis&vel=odio&lectus=consequat&in=varius&quam=integer&fringilla=ac&rhoncus=leo&mauris=pellentesque&enim=ultrices&leo=mattis&rhoncus=odio&sed=donec&vestibulum=vitae', 'Praesent blandit. Nam nulla. Integer pede justo, lacinia eget, tincidunt eget, tempus vel, pede.', true, 3);
insert into codetube.video (id, channel_id, title, length, views_count, lajks_count, dislajks_count, url, description, privacy_settings, region) values (81, 2, 'Levetiracetam', 4649, 0, 0, 0, 'http://purevolume.com/rutrum/rutrum/neque.jpg?et=massa&ultrices=volutpat&posuere=convallis&cubilia=morbi&curae=odio&mauris=odio&viverra=elementum&diam=eu&vitae=interdum&quam=eu&suspendisse=tincidunt&potenti=in&nullam=leo&porttitor=maecenas&lacus=pulvinar&at=lobortis&turpis=est&donec=phasellus&posuere=sit&metus=amet&vitae=erat&ipsum=nulla&aliquam=tempus&non=vivamus&mauris=in&morbi=felis&non=eu&lectus=sapien&aliquam=cursus&sit=vestibulum&amet=proin&diam=eu&in=mi&magna=nulla&bibendum=ac&imperdiet=enim&nullam=in&orci=tempor&pede=turpis&venenatis=nec&non=euismod&sodales=scelerisque&sed=quam&tincidunt=turpis&eu=adipiscing&felis=lorem&fusce=vitae&posuere=mattis&felis=nibh&sed=ligula&lacus=nec&morbi=sem&sem=duis&mauris=aliquam&laoreet=convallis&ut=nunc&rhoncus=proin&aliquet=at&pulvinar=turpis', 'Mauris enim leo, rhoncus sed, vestibulum sit amet, cursus id, turpis. Integer aliquet, massa id lobortis convallis, tortor risus dapibus augue, vel accumsan tellus nisi eu orci. Mauris lacinia sapien quis libero.', false, 4);
insert into codetube.video (id, channel_id, title, length, views_count, lajks_count, dislajks_count, url, description, privacy_settings, region) values (82, 64, 'Povidone-Iodine', 7015, 0, 0, 0, 'https://ameblo.jp/ut/volutpat/sapien.png?nulla=aenean&dapibus=fermentum&dolor=donec&vel=ut&est=mauris&donec=eget&odio=massa&justo=tempor', 'In congue. Etiam justo. Etiam pretium iaculis justo.', false, 7);
insert into codetube.video (id, channel_id, title, length, views_count, lajks_count, dislajks_count, url, description, privacy_settings, region) values (83, 26, 'Zinc oxide', 7919, 0, 0, 0, 'https://people.com.cn/dui/proin/leo.js?tempus=et&sit=ultrices&amet=posuere&sem=cubilia&fusce=curae&consequat=duis&nulla=faucibus&nisl=accumsan&nunc=odio&nisl=curabitur&duis=convallis&bibendum=duis&felis=consequat&sed=dui&interdum=nec&venenatis=nisi&turpis=volutpat&enim=eleifend&blandit=donec&mi=ut', 'Proin interdum mauris non ligula pellentesque ultrices. Phasellus id sapien in sapien iaculis congue. Vivamus metus arcu, adipiscing molestie, hendrerit at, vulputate vitae, nisl.', false, 2);
insert into codetube.video (id, channel_id, title, length, views_count, lajks_count, dislajks_count, url, description, privacy_settings, region) values (84, 84, 'Octinoxate', 5474, 0, 0, 0, 'http://whitehouse.gov/luctus.aspx?in=quam&tempor=a&turpis=odio&nec=in&euismod=hac&scelerisque=habitasse&quam=platea&turpis=dictumst&adipiscing=maecenas&lorem=ut&vitae=massa&mattis=quis&nibh=augue&ligula=luctus&nec=tincidunt&sem=nulla&duis=mollis&aliquam=molestie&convallis=lorem&nunc=quisque&proin=ut&at=erat&turpis=curabitur&a=gravida&pede=nisi&posuere=at&nonummy=nibh&integer=in&non=hac&velit=habitasse&donec=platea&diam=dictumst&neque=aliquam&vestibulum=augue&eget=quam&vulputate=sollicitudin&ut=vitae&ultrices=consectetuer&vel=eget&augue=rutrum&vestibulum=at&ante=lorem&ipsum=integer&primis=tincidunt&in=ante&faucibus=vel&orci=ipsum&luctus=praesent', 'In quis justo. Maecenas rhoncus aliquam lacus. Morbi quis tortor id nulla ultrices aliquet.', true, 5);
insert into codetube.video (id, channel_id, title, length, views_count, lajks_count, dislajks_count, url, description, privacy_settings, region) values (85, 76, 'Cultivated Wheat', 9105, 0, 0, 0, 'http://blog.com/est/et/tempus/semper/est/quam.json?rutrum=integer&neque=aliquet&aenean=massa&auctor=id&gravida=lobortis&sem=convallis&praesent=tortor&id=risus&massa=dapibus&id=augue&nisl=vel&venenatis=accumsan&lacinia=tellus&aenean=nisi&sit=eu&amet=orci&justo=mauris&morbi=lacinia&ut=sapien&odio=quis&cras=libero&mi=nullam&pede=sit&malesuada=amet&in=turpis&imperdiet=elementum&et=ligula&commodo=vehicula&vulputate=consequat&justo=morbi&in=a&blandit=ipsum&ultrices=integer', 'Morbi porttitor lorem id ligula. Suspendisse ornare consequat lectus. In est risus, auctor sed, tristique in, tempus sit amet, sem.', false, 1);
insert into codetube.video (id, channel_id, title, length, views_count, lajks_count, dislajks_count, url, description, privacy_settings, region) values (86, 42, 'Buprenorphine and Naloxone', 676, 0, 0, 0, 'http://nbcnews.com/donec/ut/mauris/eget/massa/tempor.aspx?aliquam=donec&augue=pharetra&quam=magna&sollicitudin=vestibulum&vitae=aliquet&consectetuer=ultrices&eget=erat&rutrum=tortor&at=sollicitudin&lorem=mi&integer=sit&tincidunt=amet&ante=lobortis&vel=sapien&ipsum=sapien&praesent=non&blandit=mi&lacinia=integer&erat=ac&vestibulum=neque&sed=duis&magna=bibendum&at=morbi&nunc=non&commodo=quam&placerat=nec&praesent=dui&blandit=luctus&nam=rutrum&nulla=nulla&integer=tellus&pede=in&justo=sagittis&lacinia=dui&eget=vel&tincidunt=nisl&eget=duis&tempus=ac&vel=nibh', 'Proin interdum mauris non ligula pellentesque ultrices. Phasellus id sapien in sapien iaculis congue. Vivamus metus arcu, adipiscing molestie, hendrerit at, vulputate vitae, nisl.', true, 1);
insert into codetube.video (id, channel_id, title, length, views_count, lajks_count, dislajks_count, url, description, privacy_settings, region) values (87, 89, 'ALCOHOL', 9030, 0, 0, 0, 'https://ucsd.edu/nonummy/integer.html?diam=volutpat&erat=convallis&fermentum=morbi&justo=odio&nec=odio&condimentum=elementum&neque=eu&sapien=interdum&placerat=eu&ante=tincidunt&nulla=in&justo=leo&aliquam=maecenas&quis=pulvinar&turpis=lobortis&eget=est&elit=phasellus&sodales=sit&scelerisque=amet&mauris=erat&sit=nulla&amet=tempus&eros=vivamus&suspendisse=in&accumsan=felis&tortor=eu&quis=sapien&turpis=cursus&sed=vestibulum&ante=proin&vivamus=eu&tortor=mi&duis=nulla&mattis=ac&egestas=enim&metus=in&aenean=tempor&fermentum=turpis&donec=nec&ut=euismod&mauris=scelerisque&eget=quam&massa=turpis&tempor=adipiscing&convallis=lorem&nulla=vitae&neque=mattis&libero=nibh&convallis=ligula&eget=nec&eleifend=sem&luctus=duis&ultricies=aliquam&eu=convallis&nibh=nunc&quisque=proin&id=at&justo=turpis&sit=a&amet=pede&sapien=posuere&dignissim=nonummy&vestibulum=integer&vestibulum=non&ante=velit&ipsum=donec&primis=diam&in=neque&faucibus=vestibulum', 'Curabitur in libero ut massa volutpat convallis. Morbi odio odio, elementum eu, interdum eu, tincidunt in, leo. Maecenas pulvinar lobortis est.', false, 3);
insert into codetube.video (id, channel_id, title, length, views_count, lajks_count, dislajks_count, url, description, privacy_settings, region) values (88, 62, 'Clarithromycin', 1314, 0, 0, 0, 'https://sakura.ne.jp/vel/sem/sed/sagittis/nam.jpg?faucibus=in&orci=magna&luctus=bibendum&et=imperdiet&ultrices=nullam&posuere=orci&cubilia=pede&curae=venenatis&nulla=non&dapibus=sodales&dolor=sed&vel=tincidunt&est=eu&donec=felis&odio=fusce&justo=posuere&sollicitudin=felis&ut=sed&suscipit=lacus&a=morbi&feugiat=sem&et=mauris&eros=laoreet&vestibulum=ut&ac=rhoncus&est=aliquet&lacinia=pulvinar&nisi=sed&venenatis=nisl&tristique=nunc&fusce=rhoncus&congue=dui&diam=vel&id=sem&ornare=sed&imperdiet=sagittis&sapien=nam&urna=congue&pretium=risus&nisl=semper&ut=porta&volutpat=volutpat&sapien=quam&arcu=pede&sed=lobortis&augue=ligula&aliquam=sit&erat=amet&volutpat=eleifend&in=pede&congue=libero&etiam=quis&justo=orci&etiam=nullam&pretium=molestie&iaculis=nibh&justo=in&in=lectus&hac=pellentesque&habitasse=at&platea=nulla&dictumst=suspendisse&etiam=potenti&faucibus=cras&cursus=in&urna=purus&ut=eu&tellus=magna&nulla=vulputate', 'Aenean fermentum. Donec ut mauris eget massa tempor convallis. Nulla neque libero, convallis eget, eleifend luctus, ultricies eu, nibh.', false, 2);
insert into codetube.video (id, channel_id, title, length, views_count, lajks_count, dislajks_count, url, description, privacy_settings, region) values (89, 57, 'OCTINOXATE, OCTOCRYLENE, and TITANIUM DIOXIDE', 3465, 0, 0, 0, 'http://bandcamp.com/imperdiet/et/commodo/vulputate/justo/in.jsp?vulputate=ultrices&elementum=vel&nullam=augue&varius=vestibulum&nulla=ante&facilisi=ipsum&cras=primis&non=in&velit=faucibus&nec=orci&nisi=luctus&vulputate=et&nonummy=ultrices&maecenas=posuere&tincidunt=cubilia&lacus=curae&at=donec&velit=pharetra&vivamus=magna&vel=vestibulum&nulla=aliquet&eget=ultrices&eros=erat&elementum=tortor&pellentesque=sollicitudin&quisque=mi&porta=sit&volutpat=amet&erat=lobortis&quisque=sapien&erat=sapien&eros=non&viverra=mi&eget=integer&congue=ac&eget=neque&semper=duis&rutrum=bibendum&nulla=morbi&nunc=non&purus=quam&phasellus=nec&in=dui&felis=luctus&donec=rutrum&semper=nulla&sapien=tellus&a=in&libero=sagittis&nam=dui&dui=vel&proin=nisl&leo=duis&odio=ac&porttitor=nibh&id=fusce&consequat=lacus&in=purus&consequat=aliquet&ut=at&nulla=feugiat&sed=non&accumsan=pretium&felis=quis&ut=lectus&at=suspendisse&dolor=potenti&quis=in&odio=eleifend&consequat=quam&varius=a&integer=odio&ac=in&leo=hac&pellentesque=habitasse&ultrices=platea&mattis=dictumst&odio=maecenas&donec=ut&vitae=massa&nisi=quis&nam=augue&ultrices=luctus&libero=tincidunt&non=nulla&mattis=mollis&pulvinar=molestie&nulla=lorem&pede=quisque&ullamcorper=ut&augue=erat&a=curabitur&suscipit=gravida', 'Integer tincidunt ante vel ipsum. Praesent blandit lacinia erat. Vestibulum sed magna at nunc commodo placerat.', false, 2);
insert into codetube.video (id, channel_id, title, length, views_count, lajks_count, dislajks_count, url, description, privacy_settings, region) values (90, 15, 'MENTHOL, CAPSAICIN', 9405, 0, 0, 0, 'http://chronoengine.com/diam/erat.html?duis=lacus&bibendum=at&morbi=turpis&non=donec&quam=posuere&nec=metus&dui=vitae&luctus=ipsum&rutrum=aliquam&nulla=non&tellus=mauris&in=morbi&sagittis=non&dui=lectus&vel=aliquam&nisl=sit&duis=amet&ac=diam&nibh=in&fusce=magna&lacus=bibendum&purus=imperdiet&aliquet=nullam&at=orci&feugiat=pede&non=venenatis&pretium=non&quis=sodales&lectus=sed&suspendisse=tincidunt&potenti=eu&in=felis&eleifend=fusce&quam=posuere&a=felis', 'In hac habitasse platea dictumst. Etiam faucibus cursus urna. Ut tellus.', true, 5);
insert into codetube.video (id, channel_id, title, length, views_count, lajks_count, dislajks_count, url, description, privacy_settings, region) values (91, 13, 'sumatriptan succinate', 3496, 0, 0, 0, 'https://time.com/accumsan/felis/ut/at/dolor/quis/odio.xml?lacus=vulputate&at=luctus&velit=cum&vivamus=sociis&vel=natoque&nulla=penatibus&eget=et&eros=magnis&elementum=dis&pellentesque=parturient&quisque=montes&porta=nascetur&volutpat=ridiculus&erat=mus&quisque=vivamus&erat=vestibulum&eros=sagittis&viverra=sapien&eget=cum&congue=sociis&eget=natoque&semper=penatibus&rutrum=et&nulla=magnis&nunc=dis&purus=parturient&phasellus=montes&in=nascetur&felis=ridiculus&donec=mus&semper=etiam&sapien=vel&a=augue&libero=vestibulum&nam=rutrum&dui=rutrum&proin=neque&leo=aenean&odio=auctor&porttitor=gravida&id=sem&consequat=praesent&in=id&consequat=massa&ut=id&nulla=nisl&sed=venenatis&accumsan=lacinia&felis=aenean&ut=sit&at=amet&dolor=justo&quis=morbi&odio=ut&consequat=odio&varius=cras&integer=mi&ac=pede&leo=malesuada&pellentesque=in&ultrices=imperdiet&mattis=et&odio=commodo&donec=vulputate&vitae=justo&nisi=in&nam=blandit&ultrices=ultrices&libero=enim&non=lorem&mattis=ipsum&pulvinar=dolor&nulla=sit&pede=amet&ullamcorper=consectetuer&augue=adipiscing&a=elit&suscipit=proin&nulla=interdum&elit=mauris&ac=non&nulla=ligula&sed=pellentesque&vel=ultrices&enim=phasellus', 'Curabitur at ipsum ac tellus semper interdum. Mauris ullamcorper purus sit amet nulla. Quisque arcu libero, rutrum ac, lobortis vel, dapibus at, diam.', true, 3);
insert into codetube.video (id, channel_id, title, length, views_count, lajks_count, dislajks_count, url, description, privacy_settings, region) values (92, 80, 'Kentucky Bluegrass (June), Standardized', 7939, 0, 0, 0, 'http://earthlink.net/amet.png?suspendisse=congue&ornare=vivamus&consequat=metus&lectus=arcu&in=adipiscing&est=molestie&risus=hendrerit&auctor=at&sed=vulputate&tristique=vitae&in=nisl&tempus=aenean&sit=lectus&amet=pellentesque&sem=eget&fusce=nunc&consequat=donec&nulla=quis&nisl=orci&nunc=eget&nisl=orci&duis=vehicula&bibendum=condimentum&felis=curabitur&sed=in&interdum=libero&venenatis=ut&turpis=massa&enim=volutpat&blandit=convallis&mi=morbi&in=odio&porttitor=odio&pede=elementum&justo=eu&eu=interdum&massa=eu&donec=tincidunt&dapibus=in&duis=leo&at=maecenas&velit=pulvinar&eu=lobortis&est=est&congue=phasellus&elementum=sit&in=amet&hac=erat&habitasse=nulla&platea=tempus&dictumst=vivamus&morbi=in&vestibulum=felis&velit=eu&id=sapien&pretium=cursus&iaculis=vestibulum&diam=proin&erat=eu&fermentum=mi&justo=nulla&nec=ac&condimentum=enim&neque=in&sapien=tempor&placerat=turpis&ante=nec&nulla=euismod&justo=scelerisque&aliquam=quam&quis=turpis&turpis=adipiscing&eget=lorem&elit=vitae&sodales=mattis&scelerisque=nibh&mauris=ligula&sit=nec&amet=sem&eros=duis&suspendisse=aliquam&accumsan=convallis&tortor=nunc&quis=proin&turpis=at&sed=turpis&ante=a&vivamus=pede&tortor=posuere&duis=nonummy&mattis=integer&egestas=non&metus=velit&aenean=donec&fermentum=diam&donec=neque&ut=vestibulum&mauris=eget', 'Praesent blandit. Nam nulla. Integer pede justo, lacinia eget, tincidunt eget, tempus vel, pede.', true, 6);
insert into codetube.video (id, channel_id, title, length, views_count, lajks_count, dislajks_count, url, description, privacy_settings, region) values (93, 92, 'Aspirin', 5743, 0, 0, 0, 'http://dell.com/nulla/tempus/vivamus/in/felis/eu/sapien.jsp?ac=tellus&diam=nulla&cras=ut&pellentesque=erat&volutpat=id&dui=mauris&maecenas=vulputate&tristique=elementum&est=nullam&et=varius&tempus=nulla&semper=facilisi&est=cras&quam=non&pharetra=velit', 'Duis bibendum, felis sed interdum venenatis, turpis enim blandit mi, in porttitor pede justo eu massa. Donec dapibus. Duis at velit eu est congue elementum.', false, 4);
insert into codetube.video (id, channel_id, title, length, views_count, lajks_count, dislajks_count, url, description, privacy_settings, region) values (94, 37, 'Stavudine', 6637, 0, 0, 0, 'http://whitehouse.gov/turpis/adipiscing/lorem.png?magna=pulvinar&vulputate=lobortis&luctus=est&cum=phasellus&sociis=sit&natoque=amet&penatibus=erat&et=nulla&magnis=tempus&dis=vivamus&parturient=in&montes=felis&nascetur=eu&ridiculus=sapien&mus=cursus&vivamus=vestibulum&vestibulum=proin&sagittis=eu&sapien=mi&cum=nulla&sociis=ac&natoque=enim&penatibus=in&et=tempor&magnis=turpis&dis=nec&parturient=euismod&montes=scelerisque&nascetur=quam&ridiculus=turpis&mus=adipiscing&etiam=lorem&vel=vitae&augue=mattis&vestibulum=nibh&rutrum=ligula&rutrum=nec&neque=sem&aenean=duis&auctor=aliquam&gravida=convallis&sem=nunc&praesent=proin&id=at&massa=turpis&id=a&nisl=pede&venenatis=posuere&lacinia=nonummy&aenean=integer&sit=non&amet=velit&justo=donec&morbi=diam&ut=neque&odio=vestibulum&cras=eget&mi=vulputate', 'Aenean fermentum. Donec ut mauris eget massa tempor convallis. Nulla neque libero, convallis eget, eleifend luctus, ultricies eu, nibh.', true, 2);
insert into codetube.video (id, channel_id, title, length, views_count, lajks_count, dislajks_count, url, description, privacy_settings, region) values (95, 74, 'sertraline hydrochloride', 4597, 0, 0, 0, 'https://senate.gov/et/eros.jsp?nibh=pellentesque&quisque=eget&id=nunc&justo=donec&sit=quis&amet=orci&sapien=eget&dignissim=orci&vestibulum=vehicula&vestibulum=condimentum&ante=curabitur&ipsum=in&primis=libero&in=ut&faucibus=massa&orci=volutpat&luctus=convallis&et=morbi', 'Cum sociis natoque penatibus et magnis dis parturient montes, nascetur ridiculus mus. Vivamus vestibulum sagittis sapien. Cum sociis natoque penatibus et magnis dis parturient montes, nascetur ridiculus mus.', false, 1);
insert into codetube.video (id, channel_id, title, length, views_count, lajks_count, dislajks_count, url, description, privacy_settings, region) values (96, 12, 'Trazodone Hydrochloride', 2864, 0, 0, 0, 'http://uiuc.edu/aliquam/augue/quam/sollicitudin/vitae/consectetuer.jsp?posuere=posuere&cubilia=cubilia&curae=curae&nulla=duis&dapibus=faucibus&dolor=accumsan&vel=odio&est=curabitur&donec=convallis&odio=duis&justo=consequat&sollicitudin=dui&ut=nec&suscipit=nisi&a=volutpat&feugiat=eleifend&et=donec&eros=ut&vestibulum=dolor&ac=morbi&est=vel&lacinia=lectus&nisi=in&venenatis=quam&tristique=fringilla&fusce=rhoncus', 'Proin eu mi. Nulla ac enim. In tempor, turpis nec euismod scelerisque, quam turpis adipiscing lorem, vitae mattis nibh ligula nec sem.', false, 1);
insert into codetube.video (id, channel_id, title, length, views_count, lajks_count, dislajks_count, url, description, privacy_settings, region) values (97, 63, 'Dextromethorphan Hydrobromide, GUAIFENESIN', 3916, 0, 0, 0, 'https://mysql.com/metus/arcu/adipiscing/molestie/hendrerit/at/vulputate.xml?non=sapien&interdum=placerat&in=ante&ante=nulla&vestibulum=justo&ante=aliquam&ipsum=quis&primis=turpis&in=eget&faucibus=elit&orci=sodales&luctus=scelerisque&et=mauris&ultrices=sit&posuere=amet&cubilia=eros&curae=suspendisse&duis=accumsan&faucibus=tortor&accumsan=quis&odio=turpis&curabitur=sed&convallis=ante&duis=vivamus&consequat=tortor&dui=duis&nec=mattis&nisi=egestas&volutpat=metus&eleifend=aenean&donec=fermentum&ut=donec&dolor=ut&morbi=mauris&vel=eget&lectus=massa&in=tempor&quam=convallis&fringilla=nulla&rhoncus=neque&mauris=libero&enim=convallis&leo=eget&rhoncus=eleifend&sed=luctus&vestibulum=ultricies&sit=eu&amet=nibh', 'Duis bibendum, felis sed interdum venenatis, turpis enim blandit mi, in porttitor pede justo eu massa. Donec dapibus. Duis at velit eu est congue elementum.', true, 6);
insert into codetube.video (id, channel_id, title, length, views_count, lajks_count, dislajks_count, url, description, privacy_settings, region) values (98, 52, 'Calamine and Pramoxine Hydrochloride', 8158, 0, 0, 0, 'http://abc.net.au/erat/eros/viverra.jpg?quisque=primis&ut=in&erat=faucibus&curabitur=orci&gravida=luctus&nisi=et&at=ultrices&nibh=posuere&in=cubilia&hac=curae&habitasse=duis&platea=faucibus&dictumst=accumsan&aliquam=odio&augue=curabitur&quam=convallis&sollicitudin=duis&vitae=consequat&consectetuer=dui&eget=nec&rutrum=nisi&at=volutpat&lorem=eleifend&integer=donec&tincidunt=ut&ante=dolor&vel=morbi&ipsum=vel&praesent=lectus&blandit=in&lacinia=quam&erat=fringilla&vestibulum=rhoncus&sed=mauris&magna=enim&at=leo&nunc=rhoncus&commodo=sed&placerat=vestibulum&praesent=sit&blandit=amet&nam=cursus&nulla=id&integer=turpis&pede=integer&justo=aliquet&lacinia=massa&eget=id&tincidunt=lobortis&eget=convallis&tempus=tortor&vel=risus&pede=dapibus&morbi=augue&porttitor=vel&lorem=accumsan&id=tellus&ligula=nisi&suspendisse=eu&ornare=orci&consequat=mauris&lectus=lacinia&in=sapien&est=quis&risus=libero&auctor=nullam&sed=sit&tristique=amet&in=turpis&tempus=elementum&sit=ligula&amet=vehicula&sem=consequat&fusce=morbi&consequat=a&nulla=ipsum&nisl=integer&nunc=a', 'In hac habitasse platea dictumst. Morbi vestibulum, velit id pretium iaculis, diam erat fermentum justo, nec condimentum neque sapien placerat ante. Nulla justo.', true, 7);
insert into codetube.video (id, channel_id, title, length, views_count, lajks_count, dislajks_count, url, description, privacy_settings, region) values (99, 68, 'Calcium carbonate', 7222, 0, 0, 0, 'http://parallels.com/lacinia/erat/vestibulum/sed/magna/at/nunc.aspx?eleifend=commodo&quam=vulputate&a=justo&odio=in&in=blandit&hac=ultrices&habitasse=enim&platea=lorem&dictumst=ipsum&maecenas=dolor&ut=sit&massa=amet&quis=consectetuer&augue=adipiscing&luctus=elit&tincidunt=proin&nulla=interdum&mollis=mauris&molestie=non&lorem=ligula&quisque=pellentesque&ut=ultrices&erat=phasellus&curabitur=id&gravida=sapien&nisi=in&at=sapien&nibh=iaculis&in=congue&hac=vivamus&habitasse=metus&platea=arcu&dictumst=adipiscing&aliquam=molestie&augue=hendrerit&quam=at&sollicitudin=vulputate&vitae=vitae&consectetuer=nisl&eget=aenean&rutrum=lectus&at=pellentesque&lorem=eget&integer=nunc&tincidunt=donec&ante=quis&vel=orci&ipsum=eget&praesent=orci&blandit=vehicula&lacinia=condimentum&erat=curabitur&vestibulum=in&sed=libero&magna=ut&at=massa&nunc=volutpat&commodo=convallis&placerat=morbi&praesent=odio&blandit=odio&nam=elementum&nulla=eu&integer=interdum&pede=eu&justo=tincidunt&lacinia=in&eget=leo&tincidunt=maecenas&eget=pulvinar&tempus=lobortis&vel=est&pede=phasellus&morbi=sit&porttitor=amet&lorem=erat&id=nulla&ligula=tempus&suspendisse=vivamus&ornare=in&consequat=felis&lectus=eu&in=sapien&est=cursus&risus=vestibulum&auctor=proin&sed=eu&tristique=mi&in=nulla&tempus=ac&sit=enim', 'Morbi non lectus. Aliquam sit amet diam in magna bibendum imperdiet. Nullam orci pede, venenatis non, sodales sed, tincidunt eu, felis.', true, 2);
insert into codetube.video (id, channel_id, title, length, views_count, lajks_count, dislajks_count, url, description, privacy_settings, region) values (100, 84, 'Simvastatin', 2099, 0, 0, 0, 'https://vistaprint.com/adipiscing.png?ut=scelerisque&volutpat=mauris&sapien=sit&arcu=amet&sed=eros&augue=suspendisse&aliquam=accumsan', 'Duis aliquam convallis nunc. Proin at turpis a pede posuere nonummy. Integer non velit.', true, 4);

insert into codetube.view (id, channel_id, video_id, lajk, dislajk) values (1, 20, 22, false, true);
insert into codetube.view (id, channel_id, video_id, lajk, dislajk) values (2, 67, 12, true, false);
insert into codetube.view (id, channel_id, video_id, lajk, dislajk) values (3, 21, 38, false, true);
insert into codetube.view (id, channel_id, video_id, lajk, dislajk) values (4, 100, 60, true, false);
insert into codetube.view (id, channel_id, video_id, lajk, dislajk) values (5, 99, 57, true, false);
insert into codetube.view (id, channel_id, video_id, lajk, dislajk) values (6, 46, 51, false, true);
insert into codetube.view (id, channel_id, video_id, lajk, dislajk) values (7, 40, 71, false, true);
insert into codetube.view (id, channel_id, video_id, lajk, dislajk) values (8, 2, 61, false, true);
insert into codetube.view (id, channel_id, video_id, lajk, dislajk) values (9, 99, 88, false, true);
insert into codetube.view (id, channel_id, video_id, lajk, dislajk) values (10, 99, 74, false, true);
insert into codetube.view (id, channel_id, video_id, lajk, dislajk) values (11, 36, 39, true, false);
insert into codetube.view (id, channel_id, video_id, lajk, dislajk) values (12, 16, 31, false, true);
insert into codetube.view (id, channel_id, video_id, lajk, dislajk) values (13, 13, 90, false, true);
insert into codetube.view (id, channel_id, video_id, lajk, dislajk) values (14, 89, 14, false, true);
insert into codetube.view (id, channel_id, video_id, lajk, dislajk) values (15, 61, 25, false, true);
insert into codetube.view (id, channel_id, video_id, lajk, dislajk) values (16, 4, 45, false, true);
insert into codetube.view (id, channel_id, video_id, lajk, dislajk) values (17, 20, 93, true, false);
insert into codetube.view (id, channel_id, video_id, lajk, dislajk) values (18, 67, 8, false, true);
insert into codetube.view (id, channel_id, video_id, lajk, dislajk) values (19, 21, 67, false, true);
insert into codetube.view (id, channel_id, video_id, lajk, dislajk) values (20, 63, 51, true, false);
insert into codetube.view (id, channel_id, video_id, lajk, dislajk) values (21, 41, 42, false, true);
insert into codetube.view (id, channel_id, video_id, lajk, dislajk) values (22, 35, 18, false, true);
insert into codetube.view (id, channel_id, video_id, lajk, dislajk) values (23, 12, 27, false, true);
insert into codetube.view (id, channel_id, video_id, lajk, dislajk) values (24, 12, 15, false, true);
insert into codetube.view (id, channel_id, video_id, lajk, dislajk) values (25, 55, 77, true, false);
insert into codetube.view (id, channel_id, video_id, lajk, dislajk) values (26, 27, 58, false, true);
insert into codetube.view (id, channel_id, video_id, lajk, dislajk) values (27, 44, 77, true, false);
insert into codetube.view (id, channel_id, video_id, lajk, dislajk) values (28, 14, 9, true, false);
insert into codetube.view (id, channel_id, video_id, lajk, dislajk) values (29, 16, 35, true, false);
insert into codetube.view (id, channel_id, video_id, lajk, dislajk) values (30, 44, 74, true, false);
insert into codetube.view (id, channel_id, video_id, lajk, dislajk) values (31, 83, 60, false, true);
insert into codetube.view (id, channel_id, video_id, lajk, dislajk) values (32, 19, 90, false, true);
insert into codetube.view (id, channel_id, video_id, lajk, dislajk) values (33, 72, 3, true, false);
insert into codetube.view (id, channel_id, video_id, lajk, dislajk) values (34, 24, 16, true, false);
insert into codetube.view (id, channel_id, video_id, lajk, dislajk) values (35, 84, 69, false, true);
insert into codetube.view (id, channel_id, video_id, lajk, dislajk) values (36, 92, 60, true, false);
insert into codetube.view (id, channel_id, video_id, lajk, dislajk) values (37, 76, 56, true, false);
insert into codetube.view (id, channel_id, video_id, lajk, dislajk) values (38, 69, 83, true, false);
insert into codetube.view (id, channel_id, video_id, lajk, dislajk) values (39, 83, 22, false, true);
insert into codetube.view (id, channel_id, video_id, lajk, dislajk) values (40, 70, 61, false, true);
insert into codetube.view (id, channel_id, video_id, lajk, dislajk) values (41, 79, 41, false, true);
insert into codetube.view (id, channel_id, video_id, lajk, dislajk) values (42, 55, 31, true, false);
insert into codetube.view (id, channel_id, video_id, lajk, dislajk) values (43, 65, 97, true, false);
insert into codetube.view (id, channel_id, video_id, lajk, dislajk) values (44, 39, 32, true, false);
insert into codetube.view (id, channel_id, video_id, lajk, dislajk) values (45, 32, 50, true, false);
insert into codetube.view (id, channel_id, video_id, lajk, dislajk) values (46, 26, 45, false, true);
insert into codetube.view (id, channel_id, video_id, lajk, dislajk) values (47, 58, 82, true, false);
insert into codetube.view (id, channel_id, video_id, lajk, dislajk) values (48, 87, 79, true, false);
insert into codetube.view (id, channel_id, video_id, lajk, dislajk) values (49, 41, 34, false, true);
insert into codetube.view (id, channel_id, video_id, lajk, dislajk) values (50, 15, 29, false, true);
insert into codetube.view (id, channel_id, video_id, lajk, dislajk) values (51, 54, 84, true, false);
insert into codetube.view (id, channel_id, video_id, lajk, dislajk) values (52, 81, 16, false, true);
insert into codetube.view (id, channel_id, video_id, lajk, dislajk) values (53, 62, 72, false, true);
insert into codetube.view (id, channel_id, video_id, lajk, dislajk) values (54, 10, 51, true, false);
insert into codetube.view (id, channel_id, video_id, lajk, dislajk) values (55, 50, 24, false, true);
insert into codetube.view (id, channel_id, video_id, lajk, dislajk) values (56, 66, 16, true, false);
insert into codetube.view (id, channel_id, video_id, lajk, dislajk) values (57, 49, 37, true, false);
insert into codetube.view (id, channel_id, video_id, lajk, dislajk) values (58, 26, 2, true, false);
insert into codetube.view (id, channel_id, video_id, lajk, dislajk) values (59, 26, 98, false, true);
insert into codetube.view (id, channel_id, video_id, lajk, dislajk) values (60, 61, 79, false, true);
insert into codetube.view (id, channel_id, video_id, lajk, dislajk) values (61, 9, 61, false, true);
insert into codetube.view (id, channel_id, video_id, lajk, dislajk) values (62, 19, 79, true, false);
insert into codetube.view (id, channel_id, video_id, lajk, dislajk) values (63, 17, 49, true, false);
insert into codetube.view (id, channel_id, video_id, lajk, dislajk) values (64, 73, 81, false, true);
insert into codetube.view (id, channel_id, video_id, lajk, dislajk) values (65, 2, 76, false, true);
insert into codetube.view (id, channel_id, video_id, lajk, dislajk) values (66, 27, 92, false, true);
insert into codetube.view (id, channel_id, video_id, lajk, dislajk) values (67, 97, 85, true, false);
insert into codetube.view (id, channel_id, video_id, lajk, dislajk) values (68, 18, 44, false, true);
insert into codetube.view (id, channel_id, video_id, lajk, dislajk) values (69, 25, 76, false, true);
insert into codetube.view (id, channel_id, video_id, lajk, dislajk) values (70, 89, 58, true, false);
insert into codetube.view (id, channel_id, video_id, lajk, dislajk) values (71, 86, 97, true, false);
insert into codetube.view (id, channel_id, video_id, lajk, dislajk) values (72, 36, 73, true, false);
insert into codetube.view (id, channel_id, video_id, lajk, dislajk) values (73, 40, 50, false, true);
insert into codetube.view (id, channel_id, video_id, lajk, dislajk) values (74, 2, 51, true, false);
insert into codetube.view (id, channel_id, video_id, lajk, dislajk) values (75, 57, 99, false, true);
insert into codetube.view (id, channel_id, video_id, lajk, dislajk) values (76, 24, 9, false, true);
insert into codetube.view (id, channel_id, video_id, lajk, dislajk) values (77, 78, 29, false, true);
insert into codetube.view (id, channel_id, video_id, lajk, dislajk) values (78, 11, 66, true, false);
insert into codetube.view (id, channel_id, video_id, lajk, dislajk) values (79, 7, 90, false, true);
insert into codetube.view (id, channel_id, video_id, lajk, dislajk) values (80, 65, 23, true, false);
insert into codetube.view (id, channel_id, video_id, lajk, dislajk) values (81, 33, 28, true, false);
insert into codetube.view (id, channel_id, video_id, lajk, dislajk) values (82, 42, 15, false, true);
insert into codetube.view (id, channel_id, video_id, lajk, dislajk) values (83, 9, 76, false, true);
insert into codetube.view (id, channel_id, video_id, lajk, dislajk) values (84, 69, 74, false, true);
insert into codetube.view (id, channel_id, video_id, lajk, dislajk) values (85, 56, 53, false, true);
insert into codetube.view (id, channel_id, video_id, lajk, dislajk) values (86, 70, 57, false, true);
insert into codetube.view (id, channel_id, video_id, lajk, dislajk) values (87, 23, 69, false, true);
insert into codetube.view (id, channel_id, video_id, lajk, dislajk) values (88, 41, 52, true, false);
insert into codetube.view (id, channel_id, video_id, lajk, dislajk) values (89, 18, 81, true, false);
insert into codetube.view (id, channel_id, video_id, lajk, dislajk) values (90, 67, 86, true, false);
insert into codetube.view (id, channel_id, video_id, lajk, dislajk) values (91, 76, 96, true, false);
insert into codetube.view (id, channel_id, video_id, lajk, dislajk) values (92, 74, 17, false, true);
insert into codetube.view (id, channel_id, video_id, lajk, dislajk) values (93, 49, 63, false, true);
insert into codetube.view (id, channel_id, video_id, lajk, dislajk) values (94, 60, 34, true, false);
insert into codetube.view (id, channel_id, video_id, lajk, dislajk) values (95, 77, 90, false, true);
insert into codetube.view (id, channel_id, video_id, lajk, dislajk) values (96, 12, 10, true, false);
insert into codetube.view (id, channel_id, video_id, lajk, dislajk) values (97, 40, 24, false, true);
insert into codetube.view (id, channel_id, video_id, lajk, dislajk) values (98, 84, 77, false, true);
insert into codetube.view (id, channel_id, video_id, lajk, dislajk) values (99, 27, 58, true, false);
insert into codetube.view (id, channel_id, video_id, lajk, dislajk) values (100, 62, 32, false, true);
insert into codetube.view (id, channel_id, video_id, lajk, dislajk) values (101, 36, 25, true, false);
insert into codetube.view (id, channel_id, video_id, lajk, dislajk) values (102, 31, 51, true, false);
insert into codetube.view (id, channel_id, video_id, lajk, dislajk) values (103, 27, 20, false, true);
insert into codetube.view (id, channel_id, video_id, lajk, dislajk) values (104, 50, 18, true, false);
insert into codetube.view (id, channel_id, video_id, lajk, dislajk) values (105, 81, 34, true, false);
insert into codetube.view (id, channel_id, video_id, lajk, dislajk) values (106, 73, 33, true, false);
insert into codetube.view (id, channel_id, video_id, lajk, dislajk) values (107, 28, 32, false, true);
insert into codetube.view (id, channel_id, video_id, lajk, dislajk) values (108, 20, 45, true, false);
insert into codetube.view (id, channel_id, video_id, lajk, dislajk) values (109, 73, 63, true, false);
insert into codetube.view (id, channel_id, video_id, lajk, dislajk) values (110, 24, 9, true, false);
insert into codetube.view (id, channel_id, video_id, lajk, dislajk) values (111, 75, 22, false, true);
insert into codetube.view (id, channel_id, video_id, lajk, dislajk) values (112, 16, 48, true, false);
insert into codetube.view (id, channel_id, video_id, lajk, dislajk) values (113, 27, 53, false, true);
insert into codetube.view (id, channel_id, video_id, lajk, dislajk) values (114, 99, 8, true, false);
insert into codetube.view (id, channel_id, video_id, lajk, dislajk) values (115, 74, 66, false, true);
insert into codetube.view (id, channel_id, video_id, lajk, dislajk) values (116, 9, 39, false, true);
insert into codetube.view (id, channel_id, video_id, lajk, dislajk) values (117, 22, 28, true, false);
insert into codetube.view (id, channel_id, video_id, lajk, dislajk) values (118, 99, 65, true, false);
insert into codetube.view (id, channel_id, video_id, lajk, dislajk) values (119, 20, 73, true, false);
insert into codetube.view (id, channel_id, video_id, lajk, dislajk) values (120, 41, 57, true, false);
insert into codetube.view (id, channel_id, video_id, lajk, dislajk) values (121, 55, 79, false, true);
insert into codetube.view (id, channel_id, video_id, lajk, dislajk) values (122, 1, 7, true, false);
insert into codetube.view (id, channel_id, video_id, lajk, dislajk) values (123, 77, 24, true, false);
insert into codetube.view (id, channel_id, video_id, lajk, dislajk) values (124, 14, 20, false, true);
insert into codetube.view (id, channel_id, video_id, lajk, dislajk) values (125, 20, 24, true, false);
insert into codetube.view (id, channel_id, video_id, lajk, dislajk) values (126, 76, 78, true, false);
insert into codetube.view (id, channel_id, video_id, lajk, dislajk) values (127, 35, 61, false, true);
insert into codetube.view (id, channel_id, video_id, lajk, dislajk) values (128, 37, 73, false, true);
insert into codetube.view (id, channel_id, video_id, lajk, dislajk) values (129, 39, 70, true, false);
insert into codetube.view (id, channel_id, video_id, lajk, dislajk) values (130, 36, 12, true, false);
insert into codetube.view (id, channel_id, video_id, lajk, dislajk) values (131, 16, 59, false, true);
insert into codetube.view (id, channel_id, video_id, lajk, dislajk) values (132, 26, 23, true, false);
insert into codetube.view (id, channel_id, video_id, lajk, dislajk) values (133, 99, 29, true, false);
insert into codetube.view (id, channel_id, video_id, lajk, dislajk) values (134, 74, 90, true, false);
insert into codetube.view (id, channel_id, video_id, lajk, dislajk) values (135, 100, 55, true, false);
insert into codetube.view (id, channel_id, video_id, lajk, dislajk) values (136, 10, 26, true, false);
insert into codetube.view (id, channel_id, video_id, lajk, dislajk) values (137, 21, 94, true, false);
insert into codetube.view (id, channel_id, video_id, lajk, dislajk) values (138, 12, 24, true, false);
insert into codetube.view (id, channel_id, video_id, lajk, dislajk) values (139, 52, 24, true, false);
insert into codetube.view (id, channel_id, video_id, lajk, dislajk) values (140, 20, 50, true, false);
insert into codetube.view (id, channel_id, video_id, lajk, dislajk) values (141, 34, 39, true, false);
insert into codetube.view (id, channel_id, video_id, lajk, dislajk) values (142, 44, 99, true, false);
insert into codetube.view (id, channel_id, video_id, lajk, dislajk) values (143, 45, 24, false, true);
insert into codetube.view (id, channel_id, video_id, lajk, dislajk) values (144, 72, 43, true, false);
insert into codetube.view (id, channel_id, video_id, lajk, dislajk) values (145, 6, 27, true, false);
insert into codetube.view (id, channel_id, video_id, lajk, dislajk) values (146, 82, 54, false, true);
insert into codetube.view (id, channel_id, video_id, lajk, dislajk) values (147, 88, 52, false, true);
insert into codetube.view (id, channel_id, video_id, lajk, dislajk) values (148, 63, 69, true, false);
insert into codetube.view (id, channel_id, video_id, lajk, dislajk) values (149, 8, 26, false, true);
insert into codetube.view (id, channel_id, video_id, lajk, dislajk) values (150, 81, 63, true, false);
insert into codetube.view (id, channel_id, video_id, lajk, dislajk) values (151, 80, 48, false, true);
insert into codetube.view (id, channel_id, video_id, lajk, dislajk) values (152, 31, 9, true, false);
insert into codetube.view (id, channel_id, video_id, lajk, dislajk) values (153, 49, 57, true, false);
insert into codetube.view (id, channel_id, video_id, lajk, dislajk) values (154, 72, 44, true, false);
insert into codetube.view (id, channel_id, video_id, lajk, dislajk) values (155, 50, 84, false, true);
insert into codetube.view (id, channel_id, video_id, lajk, dislajk) values (156, 69, 21, false, true);
insert into codetube.view (id, channel_id, video_id, lajk, dislajk) values (157, 10, 97, true, false);
insert into codetube.view (id, channel_id, video_id, lajk, dislajk) values (158, 97, 28, false, true);
insert into codetube.view (id, channel_id, video_id, lajk, dislajk) values (159, 34, 93, true, false);
insert into codetube.view (id, channel_id, video_id, lajk, dislajk) values (160, 89, 61, false, true);
insert into codetube.view (id, channel_id, video_id, lajk, dislajk) values (161, 64, 96, false, true);
insert into codetube.view (id, channel_id, video_id, lajk, dislajk) values (162, 27, 65, true, false);
insert into codetube.view (id, channel_id, video_id, lajk, dislajk) values (163, 4, 15, true, false);
insert into codetube.view (id, channel_id, video_id, lajk, dislajk) values (164, 41, 15, false, true);
insert into codetube.view (id, channel_id, video_id, lajk, dislajk) values (165, 16, 65, true, false);
insert into codetube.view (id, channel_id, video_id, lajk, dislajk) values (166, 96, 53, true, false);
insert into codetube.view (id, channel_id, video_id, lajk, dislajk) values (167, 79, 57, false, true);
insert into codetube.view (id, channel_id, video_id, lajk, dislajk) values (168, 43, 50, true, false);
insert into codetube.view (id, channel_id, video_id, lajk, dislajk) values (169, 1, 46, false, true);
insert into codetube.view (id, channel_id, video_id, lajk, dislajk) values (170, 31, 77, false, true);
insert into codetube.view (id, channel_id, video_id, lajk, dislajk) values (171, 5, 16, false, true);
insert into codetube.view (id, channel_id, video_id, lajk, dislajk) values (172, 70, 23, true, false);
insert into codetube.view (id, channel_id, video_id, lajk, dislajk) values (173, 4, 91, true, false);
insert into codetube.view (id, channel_id, video_id, lajk, dislajk) values (174, 43, 72, false, true);
insert into codetube.view (id, channel_id, video_id, lajk, dislajk) values (175, 62, 47, true, false);
insert into codetube.view (id, channel_id, video_id, lajk, dislajk) values (176, 40, 66, true, false);
insert into codetube.view (id, channel_id, video_id, lajk, dislajk) values (177, 30, 86, true, false);
insert into codetube.view (id, channel_id, video_id, lajk, dislajk) values (178, 98, 28, false, true);
insert into codetube.view (id, channel_id, video_id, lajk, dislajk) values (179, 36, 54, false, true);
insert into codetube.view (id, channel_id, video_id, lajk, dislajk) values (180, 51, 46, false, true);
insert into codetube.view (id, channel_id, video_id, lajk, dislajk) values (181, 70, 69, true, false);
insert into codetube.view (id, channel_id, video_id, lajk, dislajk) values (182, 19, 36, false, true);
insert into codetube.view (id, channel_id, video_id, lajk, dislajk) values (183, 97, 72, false, true);
insert into codetube.view (id, channel_id, video_id, lajk, dislajk) values (184, 90, 18, false, true);
insert into codetube.view (id, channel_id, video_id, lajk, dislajk) values (185, 47, 64, true, false);
insert into codetube.view (id, channel_id, video_id, lajk, dislajk) values (186, 52, 37, true, false);
insert into codetube.view (id, channel_id, video_id, lajk, dislajk) values (187, 47, 71, false, true);
insert into codetube.view (id, channel_id, video_id, lajk, dislajk) values (188, 15, 26, false, true);
insert into codetube.view (id, channel_id, video_id, lajk, dislajk) values (189, 40, 94, true, false);
insert into codetube.view (id, channel_id, video_id, lajk, dislajk) values (190, 68, 67, true, false);
insert into codetube.view (id, channel_id, video_id, lajk, dislajk) values (191, 84, 12, false, true);
insert into codetube.view (id, channel_id, video_id, lajk, dislajk) values (192, 29, 61, true, false);
insert into codetube.view (id, channel_id, video_id, lajk, dislajk) values (193, 15, 17, false, true);
insert into codetube.view (id, channel_id, video_id, lajk, dislajk) values (194, 36, 19, false, true);
insert into codetube.view (id, channel_id, video_id, lajk, dislajk) values (195, 28, 4, true, false);
insert into codetube.view (id, channel_id, video_id, lajk, dislajk) values (196, 69, 37, true, false);
insert into codetube.view (id, channel_id, video_id, lajk, dislajk) values (197, 97, 13, true, false);
insert into codetube.view (id, channel_id, video_id, lajk, dislajk) values (198, 83, 43, false, true);
insert into codetube.view (id, channel_id, video_id, lajk, dislajk) values (199, 10, 100, true, false);
insert into codetube.view (id, channel_id, video_id, lajk, dislajk) values (200, 66, 37, true, false);
insert into codetube.view (id, channel_id, video_id, lajk, dislajk) values (201, 23, 1, false, true);
insert into codetube.view (id, channel_id, video_id, lajk, dislajk) values (202, 27, 50, true, false);
insert into codetube.view (id, channel_id, video_id, lajk, dislajk) values (203, 87, 74, true, false);
insert into codetube.view (id, channel_id, video_id, lajk, dislajk) values (204, 52, 61, false, true);
insert into codetube.view (id, channel_id, video_id, lajk, dislajk) values (205, 54, 27, false, true);
insert into codetube.view (id, channel_id, video_id, lajk, dislajk) values (206, 32, 21, false, true);
insert into codetube.view (id, channel_id, video_id, lajk, dislajk) values (207, 49, 83, true, false);
insert into codetube.view (id, channel_id, video_id, lajk, dislajk) values (208, 31, 12, true, false);
insert into codetube.view (id, channel_id, video_id, lajk, dislajk) values (209, 85, 29, true, false);
insert into codetube.view (id, channel_id, video_id, lajk, dislajk) values (210, 26, 55, false, true);
insert into codetube.view (id, channel_id, video_id, lajk, dislajk) values (211, 26, 24, false, true);
insert into codetube.view (id, channel_id, video_id, lajk, dislajk) values (212, 12, 23, true, false);
insert into codetube.view (id, channel_id, video_id, lajk, dislajk) values (213, 65, 31, true, false);
insert into codetube.view (id, channel_id, video_id, lajk, dislajk) values (214, 81, 38, true, false);
insert into codetube.view (id, channel_id, video_id, lajk, dislajk) values (215, 54, 43, true, false);
insert into codetube.view (id, channel_id, video_id, lajk, dislajk) values (216, 70, 1, true, false);
insert into codetube.view (id, channel_id, video_id, lajk, dislajk) values (217, 49, 39, true, false);
insert into codetube.view (id, channel_id, video_id, lajk, dislajk) values (218, 24, 4, true, false);
insert into codetube.view (id, channel_id, video_id, lajk, dislajk) values (219, 76, 31, false, true);
insert into codetube.view (id, channel_id, video_id, lajk, dislajk) values (220, 77, 25, false, true);
insert into codetube.view (id, channel_id, video_id, lajk, dislajk) values (221, 46, 82, true, false);
insert into codetube.view (id, channel_id, video_id, lajk, dislajk) values (222, 86, 10, true, false);
insert into codetube.view (id, channel_id, video_id, lajk, dislajk) values (223, 82, 70, true, false);
insert into codetube.view (id, channel_id, video_id, lajk, dislajk) values (224, 17, 78, true, false);
insert into codetube.view (id, channel_id, video_id, lajk, dislajk) values (225, 68, 76, true, false);
insert into codetube.view (id, channel_id, video_id, lajk, dislajk) values (226, 81, 57, true, false);
insert into codetube.view (id, channel_id, video_id, lajk, dislajk) values (227, 28, 99, false, true);
insert into codetube.view (id, channel_id, video_id, lajk, dislajk) values (228, 64, 50, true, false);
insert into codetube.view (id, channel_id, video_id, lajk, dislajk) values (229, 15, 40, false, true);
insert into codetube.view (id, channel_id, video_id, lajk, dislajk) values (230, 6, 22, true, false);
insert into codetube.view (id, channel_id, video_id, lajk, dislajk) values (231, 99, 5, true, false);
insert into codetube.view (id, channel_id, video_id, lajk, dislajk) values (232, 60, 22, false, true);
insert into codetube.view (id, channel_id, video_id, lajk, dislajk) values (233, 87, 55, false, true);
insert into codetube.view (id, channel_id, video_id, lajk, dislajk) values (234, 78, 71, false, true);
insert into codetube.view (id, channel_id, video_id, lajk, dislajk) values (235, 87, 2, false, true);
insert into codetube.view (id, channel_id, video_id, lajk, dislajk) values (236, 2, 61, true, false);
insert into codetube.view (id, channel_id, video_id, lajk, dislajk) values (237, 30, 69, false, true);
insert into codetube.view (id, channel_id, video_id, lajk, dislajk) values (238, 99, 67, false, true);
insert into codetube.view (id, channel_id, video_id, lajk, dislajk) values (239, 18, 72, true, false);
insert into codetube.view (id, channel_id, video_id, lajk, dislajk) values (240, 75, 92, true, false);
insert into codetube.view (id, channel_id, video_id, lajk, dislajk) values (241, 9, 33, true, false);
insert into codetube.view (id, channel_id, video_id, lajk, dislajk) values (242, 59, 98, false, true);
insert into codetube.view (id, channel_id, video_id, lajk, dislajk) values (243, 20, 19, false, true);
insert into codetube.view (id, channel_id, video_id, lajk, dislajk) values (244, 25, 75, false, true);
insert into codetube.view (id, channel_id, video_id, lajk, dislajk) values (245, 79, 44, true, false);
insert into codetube.view (id, channel_id, video_id, lajk, dislajk) values (246, 42, 46, true, false);
insert into codetube.view (id, channel_id, video_id, lajk, dislajk) values (247, 68, 61, true, false);
insert into codetube.view (id, channel_id, video_id, lajk, dislajk) values (248, 82, 90, false, true);
insert into codetube.view (id, channel_id, video_id, lajk, dislajk) values (249, 18, 27, true, false);
insert into codetube.view (id, channel_id, video_id, lajk, dislajk) values (250, 26, 100, true, false);
insert into codetube.view (id, channel_id, video_id, lajk, dislajk) values (251, 38, 58, true, false);
insert into codetube.view (id, channel_id, video_id, lajk, dislajk) values (252, 39, 36, false, true);
insert into codetube.view (id, channel_id, video_id, lajk, dislajk) values (253, 69, 83, true, false);
insert into codetube.view (id, channel_id, video_id, lajk, dislajk) values (254, 72, 29, false, true);
insert into codetube.view (id, channel_id, video_id, lajk, dislajk) values (255, 14, 30, false, true);
insert into codetube.view (id, channel_id, video_id, lajk, dislajk) values (256, 67, 69, false, true);
insert into codetube.view (id, channel_id, video_id, lajk, dislajk) values (257, 29, 58, true, false);
insert into codetube.view (id, channel_id, video_id, lajk, dislajk) values (258, 80, 14, false, true);
insert into codetube.view (id, channel_id, video_id, lajk, dislajk) values (259, 78, 71, false, true);
insert into codetube.view (id, channel_id, video_id, lajk, dislajk) values (260, 39, 41, false, true);
insert into codetube.view (id, channel_id, video_id, lajk, dislajk) values (261, 70, 55, false, true);
insert into codetube.view (id, channel_id, video_id, lajk, dislajk) values (262, 93, 56, true, false);
insert into codetube.view (id, channel_id, video_id, lajk, dislajk) values (263, 24, 39, true, false);
insert into codetube.view (id, channel_id, video_id, lajk, dislajk) values (264, 30, 50, true, false);
insert into codetube.view (id, channel_id, video_id, lajk, dislajk) values (265, 21, 63, false, true);
insert into codetube.view (id, channel_id, video_id, lajk, dislajk) values (266, 17, 90, true, false);
insert into codetube.view (id, channel_id, video_id, lajk, dislajk) values (267, 62, 81, false, true);
insert into codetube.view (id, channel_id, video_id, lajk, dislajk) values (268, 12, 98, false, true);
insert into codetube.view (id, channel_id, video_id, lajk, dislajk) values (269, 85, 8, false, true);
insert into codetube.view (id, channel_id, video_id, lajk, dislajk) values (270, 67, 33, false, true);
insert into codetube.view (id, channel_id, video_id, lajk, dislajk) values (271, 5, 13, false, true);
insert into codetube.view (id, channel_id, video_id, lajk, dislajk) values (272, 97, 26, true, false);
insert into codetube.view (id, channel_id, video_id, lajk, dislajk) values (273, 38, 38, true, false);
insert into codetube.view (id, channel_id, video_id, lajk, dislajk) values (274, 67, 51, false, true);
insert into codetube.view (id, channel_id, video_id, lajk, dislajk) values (275, 76, 90, false, true);
insert into codetube.view (id, channel_id, video_id, lajk, dislajk) values (276, 8, 15, false, true);
insert into codetube.view (id, channel_id, video_id, lajk, dislajk) values (277, 27, 51, true, false);
insert into codetube.view (id, channel_id, video_id, lajk, dislajk) values (278, 60, 82, false, true);
insert into codetube.view (id, channel_id, video_id, lajk, dislajk) values (279, 89, 79, true, false);
insert into codetube.view (id, channel_id, video_id, lajk, dislajk) values (280, 63, 20, true, false);
insert into codetube.view (id, channel_id, video_id, lajk, dislajk) values (281, 8, 67, true, false);
insert into codetube.view (id, channel_id, video_id, lajk, dislajk) values (282, 7, 80, false, true);
insert into codetube.view (id, channel_id, video_id, lajk, dislajk) values (283, 57, 12, false, true);
insert into codetube.view (id, channel_id, video_id, lajk, dislajk) values (284, 22, 32, false, true);
insert into codetube.view (id, channel_id, video_id, lajk, dislajk) values (285, 55, 35, false, true);
insert into codetube.view (id, channel_id, video_id, lajk, dislajk) values (286, 9, 27, true, false);
insert into codetube.view (id, channel_id, video_id, lajk, dislajk) values (287, 75, 52, false, true);
insert into codetube.view (id, channel_id, video_id, lajk, dislajk) values (288, 9, 85, false, true);
insert into codetube.view (id, channel_id, video_id, lajk, dislajk) values (289, 37, 34, true, false);
insert into codetube.view (id, channel_id, video_id, lajk, dislajk) values (290, 34, 78, false, true);
insert into codetube.view (id, channel_id, video_id, lajk, dislajk) values (291, 23, 54, false, true);
insert into codetube.view (id, channel_id, video_id, lajk, dislajk) values (292, 84, 29, false, true);
insert into codetube.view (id, channel_id, video_id, lajk, dislajk) values (293, 37, 85, false, true);
insert into codetube.view (id, channel_id, video_id, lajk, dislajk) values (294, 67, 86, false, true);
insert into codetube.view (id, channel_id, video_id, lajk, dislajk) values (295, 63, 20, false, true);
insert into codetube.view (id, channel_id, video_id, lajk, dislajk) values (296, 54, 3, true, false);
insert into codetube.view (id, channel_id, video_id, lajk, dislajk) values (297, 35, 51, true, false);
insert into codetube.view (id, channel_id, video_id, lajk, dislajk) values (298, 82, 91, false, true);
insert into codetube.view (id, channel_id, video_id, lajk, dislajk) values (299, 61, 24, false, true);
insert into codetube.view (id, channel_id, video_id, lajk, dislajk) values (300, 83, 68, true, false);
insert into codetube.view (id, channel_id, video_id, lajk, dislajk) values (301, 89, 39, true, false);
insert into codetube.view (id, channel_id, video_id, lajk, dislajk) values (302, 90, 56, false, true);
insert into codetube.view (id, channel_id, video_id, lajk, dislajk) values (303, 20, 31, false, true);
insert into codetube.view (id, channel_id, video_id, lajk, dislajk) values (304, 61, 4, true, false);
insert into codetube.view (id, channel_id, video_id, lajk, dislajk) values (305, 83, 52, false, true);
insert into codetube.view (id, channel_id, video_id, lajk, dislajk) values (306, 45, 21, true, false);
insert into codetube.view (id, channel_id, video_id, lajk, dislajk) values (307, 34, 7, true, false);
insert into codetube.view (id, channel_id, video_id, lajk, dislajk) values (308, 14, 99, false, true);
insert into codetube.view (id, channel_id, video_id, lajk, dislajk) values (309, 3, 76, true, false);
insert into codetube.view (id, channel_id, video_id, lajk, dislajk) values (310, 84, 7, true, false);
insert into codetube.view (id, channel_id, video_id, lajk, dislajk) values (311, 97, 3, true, false);
insert into codetube.view (id, channel_id, video_id, lajk, dislajk) values (312, 85, 86, false, true);
insert into codetube.view (id, channel_id, video_id, lajk, dislajk) values (313, 70, 63, true, false);
insert into codetube.view (id, channel_id, video_id, lajk, dislajk) values (314, 74, 80, false, true);
insert into codetube.view (id, channel_id, video_id, lajk, dislajk) values (315, 23, 97, false, true);
insert into codetube.view (id, channel_id, video_id, lajk, dislajk) values (316, 25, 27, true, false);
insert into codetube.view (id, channel_id, video_id, lajk, dislajk) values (317, 70, 15, true, false);
insert into codetube.view (id, channel_id, video_id, lajk, dislajk) values (318, 20, 65, false, true);
insert into codetube.view (id, channel_id, video_id, lajk, dislajk) values (319, 95, 37, true, false);
insert into codetube.view (id, channel_id, video_id, lajk, dislajk) values (320, 14, 49, false, true);
insert into codetube.view (id, channel_id, video_id, lajk, dislajk) values (321, 10, 45, true, false);
insert into codetube.view (id, channel_id, video_id, lajk, dislajk) values (322, 69, 73, false, true);
insert into codetube.view (id, channel_id, video_id, lajk, dislajk) values (323, 4, 40, true, false);
insert into codetube.view (id, channel_id, video_id, lajk, dislajk) values (324, 61, 65, false, true);
insert into codetube.view (id, channel_id, video_id, lajk, dislajk) values (325, 21, 17, false, true);
insert into codetube.view (id, channel_id, video_id, lajk, dislajk) values (326, 40, 12, true, false);
insert into codetube.view (id, channel_id, video_id, lajk, dislajk) values (327, 8, 72, false, true);
insert into codetube.view (id, channel_id, video_id, lajk, dislajk) values (328, 99, 6, false, true);
insert into codetube.view (id, channel_id, video_id, lajk, dislajk) values (329, 22, 41, true, false);
insert into codetube.view (id, channel_id, video_id, lajk, dislajk) values (330, 31, 91, false, true);
insert into codetube.view (id, channel_id, video_id, lajk, dislajk) values (331, 23, 58, true, false);
insert into codetube.view (id, channel_id, video_id, lajk, dislajk) values (332, 79, 2, true, false);
insert into codetube.view (id, channel_id, video_id, lajk, dislajk) values (333, 24, 27, true, false);
insert into codetube.view (id, channel_id, video_id, lajk, dislajk) values (334, 100, 51, true, false);
insert into codetube.view (id, channel_id, video_id, lajk, dislajk) values (335, 21, 70, true, false);
insert into codetube.view (id, channel_id, video_id, lajk, dislajk) values (336, 89, 84, false, true);
insert into codetube.view (id, channel_id, video_id, lajk, dislajk) values (337, 44, 61, false, true);
insert into codetube.view (id, channel_id, video_id, lajk, dislajk) values (338, 61, 33, false, true);
insert into codetube.view (id, channel_id, video_id, lajk, dislajk) values (339, 21, 65, true, false);
insert into codetube.view (id, channel_id, video_id, lajk, dislajk) values (340, 8, 57, true, false);
insert into codetube.view (id, channel_id, video_id, lajk, dislajk) values (341, 13, 87, false, true);
insert into codetube.view (id, channel_id, video_id, lajk, dislajk) values (342, 33, 63, false, true);
insert into codetube.view (id, channel_id, video_id, lajk, dislajk) values (343, 45, 54, true, false);
insert into codetube.view (id, channel_id, video_id, lajk, dislajk) values (344, 44, 70, false, true);
insert into codetube.view (id, channel_id, video_id, lajk, dislajk) values (345, 20, 59, false, true);
insert into codetube.view (id, channel_id, video_id, lajk, dislajk) values (346, 29, 68, false, true);
insert into codetube.view (id, channel_id, video_id, lajk, dislajk) values (347, 70, 61, false, true);
insert into codetube.view (id, channel_id, video_id, lajk, dislajk) values (348, 18, 11, true, false);
insert into codetube.view (id, channel_id, video_id, lajk, dislajk) values (349, 57, 11, false, true);
insert into codetube.view (id, channel_id, video_id, lajk, dislajk) values (350, 7, 68, false, true);
insert into codetube.view (id, channel_id, video_id, lajk, dislajk) values (351, 31, 53, false, true);
insert into codetube.view (id, channel_id, video_id, lajk, dislajk) values (352, 14, 62, true, false);
insert into codetube.view (id, channel_id, video_id, lajk, dislajk) values (353, 8, 98, true, false);
insert into codetube.view (id, channel_id, video_id, lajk, dislajk) values (354, 60, 59, false, true);
insert into codetube.view (id, channel_id, video_id, lajk, dislajk) values (355, 63, 8, false, true);
insert into codetube.view (id, channel_id, video_id, lajk, dislajk) values (356, 13, 33, true, false);
insert into codetube.view (id, channel_id, video_id, lajk, dislajk) values (357, 6, 28, false, true);
insert into codetube.view (id, channel_id, video_id, lajk, dislajk) values (358, 29, 50, false, true);
insert into codetube.view (id, channel_id, video_id, lajk, dislajk) values (359, 100, 73, false, true);
insert into codetube.view (id, channel_id, video_id, lajk, dislajk) values (360, 76, 94, false, true);
insert into codetube.view (id, channel_id, video_id, lajk, dislajk) values (361, 8, 76, false, true);
insert into codetube.view (id, channel_id, video_id, lajk, dislajk) values (362, 56, 5, false, true);
insert into codetube.view (id, channel_id, video_id, lajk, dislajk) values (363, 70, 11, true, false);
insert into codetube.view (id, channel_id, video_id, lajk, dislajk) values (364, 79, 47, false, true);
insert into codetube.view (id, channel_id, video_id, lajk, dislajk) values (365, 30, 5, false, true);
insert into codetube.view (id, channel_id, video_id, lajk, dislajk) values (366, 9, 48, false, true);
insert into codetube.view (id, channel_id, video_id, lajk, dislajk) values (367, 46, 37, true, false);
insert into codetube.view (id, channel_id, video_id, lajk, dislajk) values (368, 38, 38, true, false);
insert into codetube.view (id, channel_id, video_id, lajk, dislajk) values (369, 4, 84, true, false);
insert into codetube.view (id, channel_id, video_id, lajk, dislajk) values (370, 51, 69, true, false);
insert into codetube.view (id, channel_id, video_id, lajk, dislajk) values (371, 79, 26, true, false);
insert into codetube.view (id, channel_id, video_id, lajk, dislajk) values (372, 83, 81, true, false);
insert into codetube.view (id, channel_id, video_id, lajk, dislajk) values (373, 20, 5, false, true);
insert into codetube.view (id, channel_id, video_id, lajk, dislajk) values (374, 69, 34, true, false);
insert into codetube.view (id, channel_id, video_id, lajk, dislajk) values (375, 35, 77, true, false);
insert into codetube.view (id, channel_id, video_id, lajk, dislajk) values (376, 19, 55, false, true);
insert into codetube.view (id, channel_id, video_id, lajk, dislajk) values (377, 25, 85, true, false);
insert into codetube.view (id, channel_id, video_id, lajk, dislajk) values (378, 86, 17, false, true);
insert into codetube.view (id, channel_id, video_id, lajk, dislajk) values (379, 42, 30, false, true);
insert into codetube.view (id, channel_id, video_id, lajk, dislajk) values (380, 4, 18, true, false);
insert into codetube.view (id, channel_id, video_id, lajk, dislajk) values (381, 95, 92, true, false);
insert into codetube.view (id, channel_id, video_id, lajk, dislajk) values (382, 22, 19, false, true);
insert into codetube.view (id, channel_id, video_id, lajk, dislajk) values (383, 92, 70, false, true);
insert into codetube.view (id, channel_id, video_id, lajk, dislajk) values (384, 75, 29, true, false);
insert into codetube.view (id, channel_id, video_id, lajk, dislajk) values (385, 83, 12, false, true);
insert into codetube.view (id, channel_id, video_id, lajk, dislajk) values (386, 46, 12, true, false);
insert into codetube.view (id, channel_id, video_id, lajk, dislajk) values (387, 26, 46, true, false);
insert into codetube.view (id, channel_id, video_id, lajk, dislajk) values (388, 74, 42, true, false);
insert into codetube.view (id, channel_id, video_id, lajk, dislajk) values (389, 74, 71, false, true);
insert into codetube.view (id, channel_id, video_id, lajk, dislajk) values (390, 68, 9, true, false);
insert into codetube.view (id, channel_id, video_id, lajk, dislajk) values (391, 22, 79, false, true);
insert into codetube.view (id, channel_id, video_id, lajk, dislajk) values (392, 93, 43, true, false);
insert into codetube.view (id, channel_id, video_id, lajk, dislajk) values (393, 83, 88, true, false);
insert into codetube.view (id, channel_id, video_id, lajk, dislajk) values (394, 71, 51, false, true);
insert into codetube.view (id, channel_id, video_id, lajk, dislajk) values (395, 28, 91, false, true);
insert into codetube.view (id, channel_id, video_id, lajk, dislajk) values (396, 32, 31, false, true);
insert into codetube.view (id, channel_id, video_id, lajk, dislajk) values (397, 23, 38, false, true);
insert into codetube.view (id, channel_id, video_id, lajk, dislajk) values (398, 70, 97, false, true);
insert into codetube.view (id, channel_id, video_id, lajk, dislajk) values (399, 15, 100, false, true);
insert into codetube.view (id, channel_id, video_id, lajk, dislajk) values (400, 75, 31, true, false);
insert into codetube.view (id, channel_id, video_id, lajk, dislajk) values (401, 97, 90, false, true);
insert into codetube.view (id, channel_id, video_id, lajk, dislajk) values (402, 6, 96, false, true);
insert into codetube.view (id, channel_id, video_id, lajk, dislajk) values (403, 85, 58, true, false);
insert into codetube.view (id, channel_id, video_id, lajk, dislajk) values (404, 40, 70, false, true);
insert into codetube.view (id, channel_id, video_id, lajk, dislajk) values (405, 92, 9, false, true);
insert into codetube.view (id, channel_id, video_id, lajk, dislajk) values (406, 4, 39, true, false);
insert into codetube.view (id, channel_id, video_id, lajk, dislajk) values (407, 69, 52, true, false);
insert into codetube.view (id, channel_id, video_id, lajk, dislajk) values (408, 40, 18, true, false);
insert into codetube.view (id, channel_id, video_id, lajk, dislajk) values (409, 50, 37, true, false);
insert into codetube.view (id, channel_id, video_id, lajk, dislajk) values (410, 60, 48, true, false);
insert into codetube.view (id, channel_id, video_id, lajk, dislajk) values (411, 16, 78, true, false);
insert into codetube.view (id, channel_id, video_id, lajk, dislajk) values (412, 42, 80, false, true);
insert into codetube.view (id, channel_id, video_id, lajk, dislajk) values (413, 10, 23, false, true);
insert into codetube.view (id, channel_id, video_id, lajk, dislajk) values (414, 17, 40, false, true);
insert into codetube.view (id, channel_id, video_id, lajk, dislajk) values (415, 39, 34, true, false);
insert into codetube.view (id, channel_id, video_id, lajk, dislajk) values (416, 43, 22, true, false);
insert into codetube.view (id, channel_id, video_id, lajk, dislajk) values (417, 93, 40, true, false);
insert into codetube.view (id, channel_id, video_id, lajk, dislajk) values (418, 42, 94, false, true);
insert into codetube.view (id, channel_id, video_id, lajk, dislajk) values (419, 10, 94, true, false);
insert into codetube.view (id, channel_id, video_id, lajk, dislajk) values (420, 24, 86, true, false);
insert into codetube.view (id, channel_id, video_id, lajk, dislajk) values (421, 86, 87, true, false);
insert into codetube.view (id, channel_id, video_id, lajk, dislajk) values (422, 8, 54, false, true);
insert into codetube.view (id, channel_id, video_id, lajk, dislajk) values (423, 39, 90, false, true);
insert into codetube.view (id, channel_id, video_id, lajk, dislajk) values (424, 61, 78, true, false);
insert into codetube.view (id, channel_id, video_id, lajk, dislajk) values (425, 56, 58, true, false);
insert into codetube.view (id, channel_id, video_id, lajk, dislajk) values (426, 26, 1, false, true);
insert into codetube.view (id, channel_id, video_id, lajk, dislajk) values (427, 17, 41, false, true);
insert into codetube.view (id, channel_id, video_id, lajk, dislajk) values (428, 7, 92, true, false);
insert into codetube.view (id, channel_id, video_id, lajk, dislajk) values (429, 10, 82, true, false);
insert into codetube.view (id, channel_id, video_id, lajk, dislajk) values (430, 69, 17, false, true);
insert into codetube.view (id, channel_id, video_id, lajk, dislajk) values (431, 24, 2, false, true);
insert into codetube.view (id, channel_id, video_id, lajk, dislajk) values (432, 59, 48, true, false);
insert into codetube.view (id, channel_id, video_id, lajk, dislajk) values (433, 33, 16, false, true);
insert into codetube.view (id, channel_id, video_id, lajk, dislajk) values (434, 56, 28, false, true);
insert into codetube.view (id, channel_id, video_id, lajk, dislajk) values (435, 69, 45, false, true);
insert into codetube.view (id, channel_id, video_id, lajk, dislajk) values (436, 80, 16, true, false);
insert into codetube.view (id, channel_id, video_id, lajk, dislajk) values (437, 98, 8, true, false);
insert into codetube.view (id, channel_id, video_id, lajk, dislajk) values (438, 74, 61, true, false);
insert into codetube.view (id, channel_id, video_id, lajk, dislajk) values (439, 21, 37, true, false);
insert into codetube.view (id, channel_id, video_id, lajk, dislajk) values (440, 2, 33, false, true);
insert into codetube.view (id, channel_id, video_id, lajk, dislajk) values (441, 13, 46, false, true);
insert into codetube.view (id, channel_id, video_id, lajk, dislajk) values (442, 75, 43, true, false);
insert into codetube.view (id, channel_id, video_id, lajk, dislajk) values (443, 57, 87, false, true);
insert into codetube.view (id, channel_id, video_id, lajk, dislajk) values (444, 63, 20, false, true);
insert into codetube.view (id, channel_id, video_id, lajk, dislajk) values (445, 36, 76, true, false);
insert into codetube.view (id, channel_id, video_id, lajk, dislajk) values (446, 78, 59, false, true);
insert into codetube.view (id, channel_id, video_id, lajk, dislajk) values (447, 72, 94, true, false);
insert into codetube.view (id, channel_id, video_id, lajk, dislajk) values (448, 52, 22, true, false);
insert into codetube.view (id, channel_id, video_id, lajk, dislajk) values (449, 50, 58, false, true);
insert into codetube.view (id, channel_id, video_id, lajk, dislajk) values (450, 21, 9, true, false);
insert into codetube.view (id, channel_id, video_id, lajk, dislajk) values (451, 50, 74, false, true);
insert into codetube.view (id, channel_id, video_id, lajk, dislajk) values (452, 16, 82, false, true);
insert into codetube.view (id, channel_id, video_id, lajk, dislajk) values (453, 77, 45, false, true);
insert into codetube.view (id, channel_id, video_id, lajk, dislajk) values (454, 46, 22, true, false);
insert into codetube.view (id, channel_id, video_id, lajk, dislajk) values (455, 36, 74, false, true);
insert into codetube.view (id, channel_id, video_id, lajk, dislajk) values (456, 53, 4, false, true);
insert into codetube.view (id, channel_id, video_id, lajk, dislajk) values (457, 31, 78, false, true);
insert into codetube.view (id, channel_id, video_id, lajk, dislajk) values (458, 90, 31, false, true);
insert into codetube.view (id, channel_id, video_id, lajk, dislajk) values (459, 34, 23, true, false);
insert into codetube.view (id, channel_id, video_id, lajk, dislajk) values (460, 22, 62, false, true);
insert into codetube.view (id, channel_id, video_id, lajk, dislajk) values (461, 49, 35, false, true);
insert into codetube.view (id, channel_id, video_id, lajk, dislajk) values (462, 82, 45, true, false);
insert into codetube.view (id, channel_id, video_id, lajk, dislajk) values (463, 88, 10, false, true);
insert into codetube.view (id, channel_id, video_id, lajk, dislajk) values (464, 85, 57, true, false);
insert into codetube.view (id, channel_id, video_id, lajk, dislajk) values (465, 78, 94, true, false);
insert into codetube.view (id, channel_id, video_id, lajk, dislajk) values (466, 51, 51, true, false);
insert into codetube.view (id, channel_id, video_id, lajk, dislajk) values (467, 33, 52, false, true);
insert into codetube.view (id, channel_id, video_id, lajk, dislajk) values (468, 12, 46, true, false);
insert into codetube.view (id, channel_id, video_id, lajk, dislajk) values (469, 46, 8, false, true);
insert into codetube.view (id, channel_id, video_id, lajk, dislajk) values (470, 94, 67, true, false);
insert into codetube.view (id, channel_id, video_id, lajk, dislajk) values (471, 58, 71, false, true);
insert into codetube.view (id, channel_id, video_id, lajk, dislajk) values (472, 5, 27, false, true);
insert into codetube.view (id, channel_id, video_id, lajk, dislajk) values (473, 45, 37, false, true);
insert into codetube.view (id, channel_id, video_id, lajk, dislajk) values (474, 86, 10, false, true);
insert into codetube.view (id, channel_id, video_id, lajk, dislajk) values (475, 80, 100, false, true);
insert into codetube.view (id, channel_id, video_id, lajk, dislajk) values (476, 74, 48, true, false);
insert into codetube.view (id, channel_id, video_id, lajk, dislajk) values (477, 43, 19, false, true);
insert into codetube.view (id, channel_id, video_id, lajk, dislajk) values (478, 59, 24, false, true);
insert into codetube.view (id, channel_id, video_id, lajk, dislajk) values (479, 21, 69, true, false);
insert into codetube.view (id, channel_id, video_id, lajk, dislajk) values (480, 23, 94, true, false);
insert into codetube.view (id, channel_id, video_id, lajk, dislajk) values (481, 73, 34, false, true);
insert into codetube.view (id, channel_id, video_id, lajk, dislajk) values (482, 69, 67, false, true);
insert into codetube.view (id, channel_id, video_id, lajk, dislajk) values (483, 34, 46, false, true);
insert into codetube.view (id, channel_id, video_id, lajk, dislajk) values (484, 53, 24, true, false);
insert into codetube.view (id, channel_id, video_id, lajk, dislajk) values (485, 91, 39, true, false);
insert into codetube.view (id, channel_id, video_id, lajk, dislajk) values (486, 8, 90, true, false);
insert into codetube.view (id, channel_id, video_id, lajk, dislajk) values (487, 79, 66, true, false);
insert into codetube.view (id, channel_id, video_id, lajk, dislajk) values (488, 21, 76, true, false);
insert into codetube.view (id, channel_id, video_id, lajk, dislajk) values (489, 12, 80, false, true);
insert into codetube.view (id, channel_id, video_id, lajk, dislajk) values (490, 34, 83, false, true);
insert into codetube.view (id, channel_id, video_id, lajk, dislajk) values (491, 75, 91, true, false);
insert into codetube.view (id, channel_id, video_id, lajk, dislajk) values (492, 8, 63, true, false);
insert into codetube.view (id, channel_id, video_id, lajk, dislajk) values (493, 3, 98, false, true);
insert into codetube.view (id, channel_id, video_id, lajk, dislajk) values (494, 29, 93, true, false);
insert into codetube.view (id, channel_id, video_id, lajk, dislajk) values (495, 15, 12, true, false);
insert into codetube.view (id, channel_id, video_id, lajk, dislajk) values (496, 100, 47, false, true);
insert into codetube.view (id, channel_id, video_id, lajk, dislajk) values (497, 18, 79, true, false);
insert into codetube.view (id, channel_id, video_id, lajk, dislajk) values (498, 38, 72, true, false);
insert into codetube.view (id, channel_id, video_id, lajk, dislajk) values (499, 75, 90, true, false);
insert into codetube.view (id, channel_id, video_id, lajk, dislajk) values (500, 14, 44, true, false);
insert into codetube.view (id, channel_id, video_id, lajk, dislajk) values (501, 76, 74, false, true);
insert into codetube.view (id, channel_id, video_id, lajk, dislajk) values (502, 99, 52, false, true);
insert into codetube.view (id, channel_id, video_id, lajk, dislajk) values (503, 5, 72, false, true);
insert into codetube.view (id, channel_id, video_id, lajk, dislajk) values (504, 40, 12, true, false);
insert into codetube.view (id, channel_id, video_id, lajk, dislajk) values (505, 9, 38, false, true);
insert into codetube.view (id, channel_id, video_id, lajk, dislajk) values (506, 68, 2, false, true);
insert into codetube.view (id, channel_id, video_id, lajk, dislajk) values (507, 24, 91, false, true);
insert into codetube.view (id, channel_id, video_id, lajk, dislajk) values (508, 22, 24, false, true);
insert into codetube.view (id, channel_id, video_id, lajk, dislajk) values (509, 4, 3, true, false);
insert into codetube.view (id, channel_id, video_id, lajk, dislajk) values (510, 8, 60, true, false);
insert into codetube.view (id, channel_id, video_id, lajk, dislajk) values (511, 85, 76, true, false);
insert into codetube.view (id, channel_id, video_id, lajk, dislajk) values (512, 31, 13, true, false);
insert into codetube.view (id, channel_id, video_id, lajk, dislajk) values (513, 54, 5, false, true);
insert into codetube.view (id, channel_id, video_id, lajk, dislajk) values (514, 49, 45, false, true);
insert into codetube.view (id, channel_id, video_id, lajk, dislajk) values (515, 59, 57, true, false);
insert into codetube.view (id, channel_id, video_id, lajk, dislajk) values (516, 60, 49, true, false);
insert into codetube.view (id, channel_id, video_id, lajk, dislajk) values (517, 53, 41, true, false);
insert into codetube.view (id, channel_id, video_id, lajk, dislajk) values (518, 9, 51, false, true);
insert into codetube.view (id, channel_id, video_id, lajk, dislajk) values (519, 57, 86, false, true);
insert into codetube.view (id, channel_id, video_id, lajk, dislajk) values (520, 92, 19, true, false);
insert into codetube.view (id, channel_id, video_id, lajk, dislajk) values (521, 2, 57, false, true);
insert into codetube.view (id, channel_id, video_id, lajk, dislajk) values (522, 74, 22, false, true);
insert into codetube.view (id, channel_id, video_id, lajk, dislajk) values (523, 16, 79, false, true);
insert into codetube.view (id, channel_id, video_id, lajk, dislajk) values (524, 92, 64, true, false);
insert into codetube.view (id, channel_id, video_id, lajk, dislajk) values (525, 29, 1, false, true);
insert into codetube.view (id, channel_id, video_id, lajk, dislajk) values (526, 28, 24, false, true);
insert into codetube.view (id, channel_id, video_id, lajk, dislajk) values (527, 78, 70, false, true);
insert into codetube.view (id, channel_id, video_id, lajk, dislajk) values (528, 83, 6, false, true);
insert into codetube.view (id, channel_id, video_id, lajk, dislajk) values (529, 49, 36, false, true);
insert into codetube.view (id, channel_id, video_id, lajk, dislajk) values (530, 98, 44, true, false);
insert into codetube.view (id, channel_id, video_id, lajk, dislajk) values (531, 14, 66, true, false);
insert into codetube.view (id, channel_id, video_id, lajk, dislajk) values (532, 90, 47, false, true);
insert into codetube.view (id, channel_id, video_id, lajk, dislajk) values (533, 80, 10, false, true);
insert into codetube.view (id, channel_id, video_id, lajk, dislajk) values (534, 80, 92, false, true);
insert into codetube.view (id, channel_id, video_id, lajk, dislajk) values (535, 21, 98, true, false);
insert into codetube.view (id, channel_id, video_id, lajk, dislajk) values (536, 53, 7, true, false);
insert into codetube.view (id, channel_id, video_id, lajk, dislajk) values (537, 62, 8, false, true);
insert into codetube.view (id, channel_id, video_id, lajk, dislajk) values (538, 82, 68, true, false);
insert into codetube.view (id, channel_id, video_id, lajk, dislajk) values (539, 21, 15, true, false);
insert into codetube.view (id, channel_id, video_id, lajk, dislajk) values (540, 75, 77, false, true);
insert into codetube.view (id, channel_id, video_id, lajk, dislajk) values (541, 15, 80, false, true);
insert into codetube.view (id, channel_id, video_id, lajk, dislajk) values (542, 9, 90, false, true);
insert into codetube.view (id, channel_id, video_id, lajk, dislajk) values (543, 41, 39, true, false);
insert into codetube.view (id, channel_id, video_id, lajk, dislajk) values (544, 16, 18, true, false);
insert into codetube.view (id, channel_id, video_id, lajk, dislajk) values (545, 50, 29, true, false);
insert into codetube.view (id, channel_id, video_id, lajk, dislajk) values (546, 41, 26, false, true);
insert into codetube.view (id, channel_id, video_id, lajk, dislajk) values (547, 16, 20, true, false);
insert into codetube.view (id, channel_id, video_id, lajk, dislajk) values (548, 85, 63, false, true);
insert into codetube.view (id, channel_id, video_id, lajk, dislajk) values (549, 51, 39, false, true);
insert into codetube.view (id, channel_id, video_id, lajk, dislajk) values (550, 43, 67, true, false);
insert into codetube.view (id, channel_id, video_id, lajk, dislajk) values (551, 82, 79, false, true);
insert into codetube.view (id, channel_id, video_id, lajk, dislajk) values (552, 93, 95, false, true);
insert into codetube.view (id, channel_id, video_id, lajk, dislajk) values (553, 25, 29, true, false);
insert into codetube.view (id, channel_id, video_id, lajk, dislajk) values (554, 84, 24, true, false);
insert into codetube.view (id, channel_id, video_id, lajk, dislajk) values (555, 33, 48, true, false);
insert into codetube.view (id, channel_id, video_id, lajk, dislajk) values (556, 81, 51, false, true);
insert into codetube.view (id, channel_id, video_id, lajk, dislajk) values (557, 72, 99, false, true);
insert into codetube.view (id, channel_id, video_id, lajk, dislajk) values (558, 100, 25, true, false);
insert into codetube.view (id, channel_id, video_id, lajk, dislajk) values (559, 28, 46, true, false);
insert into codetube.view (id, channel_id, video_id, lajk, dislajk) values (560, 54, 32, true, false);
insert into codetube.view (id, channel_id, video_id, lajk, dislajk) values (561, 56, 22, true, false);
insert into codetube.view (id, channel_id, video_id, lajk, dislajk) values (562, 81, 80, true, false);
insert into codetube.view (id, channel_id, video_id, lajk, dislajk) values (563, 66, 28, true, false);
insert into codetube.view (id, channel_id, video_id, lajk, dislajk) values (564, 13, 24, false, true);
insert into codetube.view (id, channel_id, video_id, lajk, dislajk) values (565, 6, 14, false, true);
insert into codetube.view (id, channel_id, video_id, lajk, dislajk) values (566, 67, 25, true, false);
insert into codetube.view (id, channel_id, video_id, lajk, dislajk) values (567, 17, 13, false, true);
insert into codetube.view (id, channel_id, video_id, lajk, dislajk) values (568, 38, 100, false, true);
insert into codetube.view (id, channel_id, video_id, lajk, dislajk) values (569, 34, 83, false, true);
insert into codetube.view (id, channel_id, video_id, lajk, dislajk) values (570, 88, 23, true, false);
insert into codetube.view (id, channel_id, video_id, lajk, dislajk) values (571, 14, 47, true, false);
insert into codetube.view (id, channel_id, video_id, lajk, dislajk) values (572, 55, 63, true, false);
insert into codetube.view (id, channel_id, video_id, lajk, dislajk) values (573, 95, 38, false, true);
insert into codetube.view (id, channel_id, video_id, lajk, dislajk) values (574, 26, 52, false, true);
insert into codetube.view (id, channel_id, video_id, lajk, dislajk) values (575, 56, 67, true, false);
insert into codetube.view (id, channel_id, video_id, lajk, dislajk) values (576, 30, 97, true, false);
insert into codetube.view (id, channel_id, video_id, lajk, dislajk) values (577, 79, 10, false, true);
insert into codetube.view (id, channel_id, video_id, lajk, dislajk) values (578, 66, 40, true, false);
insert into codetube.view (id, channel_id, video_id, lajk, dislajk) values (579, 59, 95, false, true);
insert into codetube.view (id, channel_id, video_id, lajk, dislajk) values (580, 48, 92, true, false);
insert into codetube.view (id, channel_id, video_id, lajk, dislajk) values (581, 75, 97, true, false);
insert into codetube.view (id, channel_id, video_id, lajk, dislajk) values (582, 48, 98, false, true);
insert into codetube.view (id, channel_id, video_id, lajk, dislajk) values (583, 76, 71, false, true);
insert into codetube.view (id, channel_id, video_id, lajk, dislajk) values (584, 11, 79, true, false);
insert into codetube.view (id, channel_id, video_id, lajk, dislajk) values (585, 78, 75, false, true);
insert into codetube.view (id, channel_id, video_id, lajk, dislajk) values (586, 36, 20, false, true);
insert into codetube.view (id, channel_id, video_id, lajk, dislajk) values (587, 53, 50, false, true);
insert into codetube.view (id, channel_id, video_id, lajk, dislajk) values (588, 35, 15, false, true);
insert into codetube.view (id, channel_id, video_id, lajk, dislajk) values (589, 20, 8, true, false);
insert into codetube.view (id, channel_id, video_id, lajk, dislajk) values (590, 93, 22, false, true);
insert into codetube.view (id, channel_id, video_id, lajk, dislajk) values (591, 58, 39, true, false);
insert into codetube.view (id, channel_id, video_id, lajk, dislajk) values (592, 9, 78, false, true);
insert into codetube.view (id, channel_id, video_id, lajk, dislajk) values (593, 75, 6, true, false);
insert into codetube.view (id, channel_id, video_id, lajk, dislajk) values (594, 23, 28, false, true);
insert into codetube.view (id, channel_id, video_id, lajk, dislajk) values (595, 73, 45, false, true);
insert into codetube.view (id, channel_id, video_id, lajk, dislajk) values (596, 50, 16, true, false);
insert into codetube.view (id, channel_id, video_id, lajk, dislajk) values (597, 45, 61, false, true);
insert into codetube.view (id, channel_id, video_id, lajk, dislajk) values (598, 5, 95, false, true);
insert into codetube.view (id, channel_id, video_id, lajk, dislajk) values (599, 82, 2, false, true);
insert into codetube.view (id, channel_id, video_id, lajk, dislajk) values (600, 42, 48, true, false);
insert into codetube.view (id, channel_id, video_id, lajk, dislajk) values (601, 24, 20, false, true);
insert into codetube.view (id, channel_id, video_id, lajk, dislajk) values (602, 92, 78, true, false);
insert into codetube.view (id, channel_id, video_id, lajk, dislajk) values (603, 4, 63, true, false);
insert into codetube.view (id, channel_id, video_id, lajk, dislajk) values (604, 62, 65, false, true);
insert into codetube.view (id, channel_id, video_id, lajk, dislajk) values (605, 24, 72, false, true);
insert into codetube.view (id, channel_id, video_id, lajk, dislajk) values (606, 90, 37, true, false);
insert into codetube.view (id, channel_id, video_id, lajk, dislajk) values (607, 36, 39, true, false);
insert into codetube.view (id, channel_id, video_id, lajk, dislajk) values (608, 95, 98, false, true);
insert into codetube.view (id, channel_id, video_id, lajk, dislajk) values (609, 28, 95, true, false);
insert into codetube.view (id, channel_id, video_id, lajk, dislajk) values (610, 18, 98, false, true);
insert into codetube.view (id, channel_id, video_id, lajk, dislajk) values (611, 17, 26, true, false);
insert into codetube.view (id, channel_id, video_id, lajk, dislajk) values (612, 12, 26, false, true);
insert into codetube.view (id, channel_id, video_id, lajk, dislajk) values (613, 96, 13, false, true);
insert into codetube.view (id, channel_id, video_id, lajk, dislajk) values (614, 23, 68, true, false);
insert into codetube.view (id, channel_id, video_id, lajk, dislajk) values (615, 34, 22, true, false);
insert into codetube.view (id, channel_id, video_id, lajk, dislajk) values (616, 87, 47, true, false);
insert into codetube.view (id, channel_id, video_id, lajk, dislajk) values (617, 91, 34, true, false);
insert into codetube.view (id, channel_id, video_id, lajk, dislajk) values (618, 12, 84, true, false);
insert into codetube.view (id, channel_id, video_id, lajk, dislajk) values (619, 83, 42, true, false);
insert into codetube.view (id, channel_id, video_id, lajk, dislajk) values (620, 93, 25, true, false);
insert into codetube.view (id, channel_id, video_id, lajk, dislajk) values (621, 38, 72, true, false);
insert into codetube.view (id, channel_id, video_id, lajk, dislajk) values (622, 78, 33, true, false);
insert into codetube.view (id, channel_id, video_id, lajk, dislajk) values (623, 72, 31, false, true);
insert into codetube.view (id, channel_id, video_id, lajk, dislajk) values (624, 31, 57, true, false);
insert into codetube.view (id, channel_id, video_id, lajk, dislajk) values (625, 40, 42, false, true);
insert into codetube.view (id, channel_id, video_id, lajk, dislajk) values (626, 47, 50, false, true);
insert into codetube.view (id, channel_id, video_id, lajk, dislajk) values (627, 54, 25, true, false);
insert into codetube.view (id, channel_id, video_id, lajk, dislajk) values (628, 64, 93, true, false);
insert into codetube.view (id, channel_id, video_id, lajk, dislajk) values (629, 25, 100, true, false);
insert into codetube.view (id, channel_id, video_id, lajk, dislajk) values (630, 6, 42, true, false);
insert into codetube.view (id, channel_id, video_id, lajk, dislajk) values (631, 98, 5, false, true);
insert into codetube.view (id, channel_id, video_id, lajk, dislajk) values (632, 4, 13, false, true);
insert into codetube.view (id, channel_id, video_id, lajk, dislajk) values (633, 51, 22, false, true);
insert into codetube.view (id, channel_id, video_id, lajk, dislajk) values (634, 33, 92, true, false);
insert into codetube.view (id, channel_id, video_id, lajk, dislajk) values (635, 75, 50, false, true);
insert into codetube.view (id, channel_id, video_id, lajk, dislajk) values (636, 38, 10, true, false);
insert into codetube.view (id, channel_id, video_id, lajk, dislajk) values (637, 39, 95, true, false);
insert into codetube.view (id, channel_id, video_id, lajk, dislajk) values (638, 19, 72, true, false);
insert into codetube.view (id, channel_id, video_id, lajk, dislajk) values (639, 66, 23, false, true);
insert into codetube.view (id, channel_id, video_id, lajk, dislajk) values (640, 4, 60, false, true);
insert into codetube.view (id, channel_id, video_id, lajk, dislajk) values (641, 83, 66, false, true);
insert into codetube.view (id, channel_id, video_id, lajk, dislajk) values (642, 9, 68, true, false);
insert into codetube.view (id, channel_id, video_id, lajk, dislajk) values (643, 20, 1, false, true);
insert into codetube.view (id, channel_id, video_id, lajk, dislajk) values (644, 76, 13, true, false);
insert into codetube.view (id, channel_id, video_id, lajk, dislajk) values (645, 20, 35, true, false);
insert into codetube.view (id, channel_id, video_id, lajk, dislajk) values (646, 10, 37, true, false);
insert into codetube.view (id, channel_id, video_id, lajk, dislajk) values (647, 74, 28, false, true);
insert into codetube.view (id, channel_id, video_id, lajk, dislajk) values (648, 27, 81, true, false);
insert into codetube.view (id, channel_id, video_id, lajk, dislajk) values (649, 7, 87, false, true);
insert into codetube.view (id, channel_id, video_id, lajk, dislajk) values (650, 28, 99, true, false);
insert into codetube.view (id, channel_id, video_id, lajk, dislajk) values (651, 14, 26, true, false);
insert into codetube.view (id, channel_id, video_id, lajk, dislajk) values (652, 92, 79, true, false);
insert into codetube.view (id, channel_id, video_id, lajk, dislajk) values (653, 31, 40, true, false);
insert into codetube.view (id, channel_id, video_id, lajk, dislajk) values (654, 71, 54, false, true);
insert into codetube.view (id, channel_id, video_id, lajk, dislajk) values (655, 1, 10, false, true);
insert into codetube.view (id, channel_id, video_id, lajk, dislajk) values (656, 99, 86, false, true);
insert into codetube.view (id, channel_id, video_id, lajk, dislajk) values (657, 16, 51, true, false);
insert into codetube.view (id, channel_id, video_id, lajk, dislajk) values (658, 37, 28, true, false);
insert into codetube.view (id, channel_id, video_id, lajk, dislajk) values (659, 47, 5, true, false);
insert into codetube.view (id, channel_id, video_id, lajk, dislajk) values (660, 7, 3, true, false);
insert into codetube.view (id, channel_id, video_id, lajk, dislajk) values (661, 65, 76, false, true);
insert into codetube.view (id, channel_id, video_id, lajk, dislajk) values (662, 28, 93, true, false);
insert into codetube.view (id, channel_id, video_id, lajk, dislajk) values (663, 63, 65, true, false);
insert into codetube.view (id, channel_id, video_id, lajk, dislajk) values (664, 5, 59, false, true);
insert into codetube.view (id, channel_id, video_id, lajk, dislajk) values (665, 15, 83, false, true);
insert into codetube.view (id, channel_id, video_id, lajk, dislajk) values (666, 39, 69, false, true);
insert into codetube.view (id, channel_id, video_id, lajk, dislajk) values (667, 53, 50, true, false);
insert into codetube.view (id, channel_id, video_id, lajk, dislajk) values (668, 6, 22, true, false);
insert into codetube.view (id, channel_id, video_id, lajk, dislajk) values (669, 71, 83, false, true);
insert into codetube.view (id, channel_id, video_id, lajk, dislajk) values (670, 92, 50, false, true);
insert into codetube.view (id, channel_id, video_id, lajk, dislajk) values (671, 18, 96, false, true);
insert into codetube.view (id, channel_id, video_id, lajk, dislajk) values (672, 32, 88, true, false);
insert into codetube.view (id, channel_id, video_id, lajk, dislajk) values (673, 45, 9, false, true);
insert into codetube.view (id, channel_id, video_id, lajk, dislajk) values (674, 27, 49, true, false);
insert into codetube.view (id, channel_id, video_id, lajk, dislajk) values (675, 40, 18, false, true);
insert into codetube.view (id, channel_id, video_id, lajk, dislajk) values (676, 19, 79, false, true);
insert into codetube.view (id, channel_id, video_id, lajk, dislajk) values (677, 35, 6, false, true);
insert into codetube.view (id, channel_id, video_id, lajk, dislajk) values (678, 78, 51, true, false);
insert into codetube.view (id, channel_id, video_id, lajk, dislajk) values (679, 31, 11, false, true);
insert into codetube.view (id, channel_id, video_id, lajk, dislajk) values (680, 27, 51, false, true);
insert into codetube.view (id, channel_id, video_id, lajk, dislajk) values (681, 68, 97, false, true);
insert into codetube.view (id, channel_id, video_id, lajk, dislajk) values (682, 79, 67, false, true);
insert into codetube.view (id, channel_id, video_id, lajk, dislajk) values (683, 91, 51, false, true);
insert into codetube.view (id, channel_id, video_id, lajk, dislajk) values (684, 87, 14, false, true);
insert into codetube.view (id, channel_id, video_id, lajk, dislajk) values (685, 54, 33, true, false);
insert into codetube.view (id, channel_id, video_id, lajk, dislajk) values (686, 14, 98, true, false);
insert into codetube.view (id, channel_id, video_id, lajk, dislajk) values (687, 64, 95, false, true);
insert into codetube.view (id, channel_id, video_id, lajk, dislajk) values (688, 41, 47, false, true);
insert into codetube.view (id, channel_id, video_id, lajk, dislajk) values (689, 85, 87, false, true);
insert into codetube.view (id, channel_id, video_id, lajk, dislajk) values (690, 60, 20, false, true);
insert into codetube.view (id, channel_id, video_id, lajk, dislajk) values (691, 58, 69, false, true);
insert into codetube.view (id, channel_id, video_id, lajk, dislajk) values (692, 2, 56, true, false);
insert into codetube.view (id, channel_id, video_id, lajk, dislajk) values (693, 40, 77, false, true);
insert into codetube.view (id, channel_id, video_id, lajk, dislajk) values (694, 23, 58, false, true);
insert into codetube.view (id, channel_id, video_id, lajk, dislajk) values (695, 46, 61, false, true);
insert into codetube.view (id, channel_id, video_id, lajk, dislajk) values (696, 50, 78, false, true);
insert into codetube.view (id, channel_id, video_id, lajk, dislajk) values (697, 30, 97, true, false);
insert into codetube.view (id, channel_id, video_id, lajk, dislajk) values (698, 13, 36, false, true);
insert into codetube.view (id, channel_id, video_id, lajk, dislajk) values (699, 87, 51, false, true);
insert into codetube.view (id, channel_id, video_id, lajk, dislajk) values (700, 58, 93, true, false);
insert into codetube.view (id, channel_id, video_id, lajk, dislajk) values (701, 67, 95, false, true);
insert into codetube.view (id, channel_id, video_id, lajk, dislajk) values (702, 56, 13, false, true);
insert into codetube.view (id, channel_id, video_id, lajk, dislajk) values (703, 20, 79, false, true);
insert into codetube.view (id, channel_id, video_id, lajk, dislajk) values (704, 77, 21, false, true);
insert into codetube.view (id, channel_id, video_id, lajk, dislajk) values (705, 12, 13, false, true);
insert into codetube.view (id, channel_id, video_id, lajk, dislajk) values (706, 97, 57, true, false);
insert into codetube.view (id, channel_id, video_id, lajk, dislajk) values (707, 50, 53, true, false);
insert into codetube.view (id, channel_id, video_id, lajk, dislajk) values (708, 14, 42, false, true);
insert into codetube.view (id, channel_id, video_id, lajk, dislajk) values (709, 75, 83, true, false);
insert into codetube.view (id, channel_id, video_id, lajk, dislajk) values (710, 22, 32, false, true);
insert into codetube.view (id, channel_id, video_id, lajk, dislajk) values (711, 51, 42, false, true);
insert into codetube.view (id, channel_id, video_id, lajk, dislajk) values (712, 86, 73, true, false);
insert into codetube.view (id, channel_id, video_id, lajk, dislajk) values (713, 98, 89, true, false);
insert into codetube.view (id, channel_id, video_id, lajk, dislajk) values (714, 96, 53, false, true);
insert into codetube.view (id, channel_id, video_id, lajk, dislajk) values (715, 66, 77, false, true);
insert into codetube.view (id, channel_id, video_id, lajk, dislajk) values (716, 44, 14, false, true);
insert into codetube.view (id, channel_id, video_id, lajk, dislajk) values (717, 7, 43, false, true);
insert into codetube.view (id, channel_id, video_id, lajk, dislajk) values (718, 2, 63, false, true);
insert into codetube.view (id, channel_id, video_id, lajk, dislajk) values (719, 91, 6, false, true);
insert into codetube.view (id, channel_id, video_id, lajk, dislajk) values (720, 80, 10, true, false);
insert into codetube.view (id, channel_id, video_id, lajk, dislajk) values (721, 27, 87, false, true);
insert into codetube.view (id, channel_id, video_id, lajk, dislajk) values (722, 15, 1, true, false);
insert into codetube.view (id, channel_id, video_id, lajk, dislajk) values (723, 92, 65, true, false);
insert into codetube.view (id, channel_id, video_id, lajk, dislajk) values (724, 29, 21, true, false);
insert into codetube.view (id, channel_id, video_id, lajk, dislajk) values (725, 47, 18, false, true);
insert into codetube.view (id, channel_id, video_id, lajk, dislajk) values (726, 87, 74, false, true);
insert into codetube.view (id, channel_id, video_id, lajk, dislajk) values (727, 25, 10, true, false);
insert into codetube.view (id, channel_id, video_id, lajk, dislajk) values (728, 48, 13, true, false);
insert into codetube.view (id, channel_id, video_id, lajk, dislajk) values (729, 76, 96, true, false);
insert into codetube.view (id, channel_id, video_id, lajk, dislajk) values (730, 53, 22, false, true);
insert into codetube.view (id, channel_id, video_id, lajk, dislajk) values (731, 34, 33, false, true);
insert into codetube.view (id, channel_id, video_id, lajk, dislajk) values (732, 66, 29, true, false);
insert into codetube.view (id, channel_id, video_id, lajk, dislajk) values (733, 53, 44, true, false);
insert into codetube.view (id, channel_id, video_id, lajk, dislajk) values (734, 68, 53, true, false);
insert into codetube.view (id, channel_id, video_id, lajk, dislajk) values (735, 68, 98, true, false);
insert into codetube.view (id, channel_id, video_id, lajk, dislajk) values (736, 38, 47, true, false);
insert into codetube.view (id, channel_id, video_id, lajk, dislajk) values (737, 100, 81, true, false);
insert into codetube.view (id, channel_id, video_id, lajk, dislajk) values (738, 14, 36, false, true);
insert into codetube.view (id, channel_id, video_id, lajk, dislajk) values (739, 15, 36, true, false);
insert into codetube.view (id, channel_id, video_id, lajk, dislajk) values (740, 47, 79, true, false);
insert into codetube.view (id, channel_id, video_id, lajk, dislajk) values (741, 43, 75, false, true);
insert into codetube.view (id, channel_id, video_id, lajk, dislajk) values (742, 31, 94, false, true);
insert into codetube.view (id, channel_id, video_id, lajk, dislajk) values (743, 38, 91, true, false);
insert into codetube.view (id, channel_id, video_id, lajk, dislajk) values (744, 34, 16, true, false);
insert into codetube.view (id, channel_id, video_id, lajk, dislajk) values (745, 1, 79, false, true);
insert into codetube.view (id, channel_id, video_id, lajk, dislajk) values (746, 13, 19, false, true);
insert into codetube.view (id, channel_id, video_id, lajk, dislajk) values (747, 50, 74, false, true);
insert into codetube.view (id, channel_id, video_id, lajk, dislajk) values (748, 35, 58, true, false);
insert into codetube.view (id, channel_id, video_id, lajk, dislajk) values (749, 37, 43, true, false);
insert into codetube.view (id, channel_id, video_id, lajk, dislajk) values (750, 94, 5, false, true);
insert into codetube.view (id, channel_id, video_id, lajk, dislajk) values (751, 67, 22, true, false);
insert into codetube.view (id, channel_id, video_id, lajk, dislajk) values (752, 91, 65, false, true);
insert into codetube.view (id, channel_id, video_id, lajk, dislajk) values (753, 10, 24, false, true);
insert into codetube.view (id, channel_id, video_id, lajk, dislajk) values (754, 98, 39, true, false);
insert into codetube.view (id, channel_id, video_id, lajk, dislajk) values (755, 71, 36, false, true);
insert into codetube.view (id, channel_id, video_id, lajk, dislajk) values (756, 1, 59, true, false);
insert into codetube.view (id, channel_id, video_id, lajk, dislajk) values (757, 24, 69, true, false);
insert into codetube.view (id, channel_id, video_id, lajk, dislajk) values (758, 47, 11, false, true);
insert into codetube.view (id, channel_id, video_id, lajk, dislajk) values (759, 72, 75, false, true);
insert into codetube.view (id, channel_id, video_id, lajk, dislajk) values (760, 5, 69, false, true);
insert into codetube.view (id, channel_id, video_id, lajk, dislajk) values (761, 23, 96, true, false);
insert into codetube.view (id, channel_id, video_id, lajk, dislajk) values (762, 12, 90, false, true);
insert into codetube.view (id, channel_id, video_id, lajk, dislajk) values (763, 16, 84, true, false);
insert into codetube.view (id, channel_id, video_id, lajk, dislajk) values (764, 83, 70, true, false);
insert into codetube.view (id, channel_id, video_id, lajk, dislajk) values (765, 21, 81, true, false);
insert into codetube.view (id, channel_id, video_id, lajk, dislajk) values (766, 54, 32, true, false);
insert into codetube.view (id, channel_id, video_id, lajk, dislajk) values (767, 11, 85, false, true);
insert into codetube.view (id, channel_id, video_id, lajk, dislajk) values (768, 41, 63, true, false);
insert into codetube.view (id, channel_id, video_id, lajk, dislajk) values (769, 20, 83, true, false);
insert into codetube.view (id, channel_id, video_id, lajk, dislajk) values (770, 69, 53, false, true);
insert into codetube.view (id, channel_id, video_id, lajk, dislajk) values (771, 84, 59, true, false);
insert into codetube.view (id, channel_id, video_id, lajk, dislajk) values (772, 15, 34, false, true);
insert into codetube.view (id, channel_id, video_id, lajk, dislajk) values (773, 48, 64, true, false);
insert into codetube.view (id, channel_id, video_id, lajk, dislajk) values (774, 64, 54, false, true);
insert into codetube.view (id, channel_id, video_id, lajk, dislajk) values (775, 88, 24, false, true);
insert into codetube.view (id, channel_id, video_id, lajk, dislajk) values (776, 83, 92, true, false);
insert into codetube.view (id, channel_id, video_id, lajk, dislajk) values (777, 65, 78, false, true);
insert into codetube.view (id, channel_id, video_id, lajk, dislajk) values (778, 86, 55, true, false);
insert into codetube.view (id, channel_id, video_id, lajk, dislajk) values (779, 42, 73, false, true);
insert into codetube.view (id, channel_id, video_id, lajk, dislajk) values (780, 59, 60, true, false);
insert into codetube.view (id, channel_id, video_id, lajk, dislajk) values (781, 19, 79, true, false);
insert into codetube.view (id, channel_id, video_id, lajk, dislajk) values (782, 19, 3, true, false);
insert into codetube.view (id, channel_id, video_id, lajk, dislajk) values (783, 61, 57, false, true);
insert into codetube.view (id, channel_id, video_id, lajk, dislajk) values (784, 46, 43, false, true);
insert into codetube.view (id, channel_id, video_id, lajk, dislajk) values (785, 99, 100, false, true);
insert into codetube.view (id, channel_id, video_id, lajk, dislajk) values (786, 19, 15, true, false);
insert into codetube.view (id, channel_id, video_id, lajk, dislajk) values (787, 63, 20, true, false);
insert into codetube.view (id, channel_id, video_id, lajk, dislajk) values (788, 22, 1, true, false);
insert into codetube.view (id, channel_id, video_id, lajk, dislajk) values (789, 36, 35, false, true);
insert into codetube.view (id, channel_id, video_id, lajk, dislajk) values (790, 6, 20, false, true);
insert into codetube.view (id, channel_id, video_id, lajk, dislajk) values (791, 81, 41, false, true);
insert into codetube.view (id, channel_id, video_id, lajk, dislajk) values (792, 67, 21, false, true);
insert into codetube.view (id, channel_id, video_id, lajk, dislajk) values (793, 21, 57, false, true);
insert into codetube.view (id, channel_id, video_id, lajk, dislajk) values (794, 58, 75, true, false);
insert into codetube.view (id, channel_id, video_id, lajk, dislajk) values (795, 7, 65, false, true);
insert into codetube.view (id, channel_id, video_id, lajk, dislajk) values (796, 27, 89, true, false);
insert into codetube.view (id, channel_id, video_id, lajk, dislajk) values (797, 66, 62, false, true);
insert into codetube.view (id, channel_id, video_id, lajk, dislajk) values (798, 65, 79, true, false);
insert into codetube.view (id, channel_id, video_id, lajk, dislajk) values (799, 52, 62, false, true);
insert into codetube.view (id, channel_id, video_id, lajk, dislajk) values (800, 47, 14, false, true);
insert into codetube.view (id, channel_id, video_id, lajk, dislajk) values (801, 34, 26, true, false);
insert into codetube.view (id, channel_id, video_id, lajk, dislajk) values (802, 94, 83, false, true);
insert into codetube.view (id, channel_id, video_id, lajk, dislajk) values (803, 81, 74, true, false);
insert into codetube.view (id, channel_id, video_id, lajk, dislajk) values (804, 35, 47, false, true);
insert into codetube.view (id, channel_id, video_id, lajk, dislajk) values (805, 92, 75, true, false);
insert into codetube.view (id, channel_id, video_id, lajk, dislajk) values (806, 33, 76, false, true);
insert into codetube.view (id, channel_id, video_id, lajk, dislajk) values (807, 100, 77, true, false);
insert into codetube.view (id, channel_id, video_id, lajk, dislajk) values (808, 61, 99, false, true);
insert into codetube.view (id, channel_id, video_id, lajk, dislajk) values (809, 43, 64, false, true);
insert into codetube.view (id, channel_id, video_id, lajk, dislajk) values (810, 61, 58, true, false);
insert into codetube.view (id, channel_id, video_id, lajk, dislajk) values (811, 85, 94, true, false);
insert into codetube.view (id, channel_id, video_id, lajk, dislajk) values (812, 79, 92, false, true);
insert into codetube.view (id, channel_id, video_id, lajk, dislajk) values (813, 52, 36, false, true);
insert into codetube.view (id, channel_id, video_id, lajk, dislajk) values (814, 19, 67, true, false);
insert into codetube.view (id, channel_id, video_id, lajk, dislajk) values (815, 19, 99, true, false);
insert into codetube.view (id, channel_id, video_id, lajk, dislajk) values (816, 79, 18, false, true);
insert into codetube.view (id, channel_id, video_id, lajk, dislajk) values (817, 50, 18, false, true);
insert into codetube.view (id, channel_id, video_id, lajk, dislajk) values (818, 95, 94, true, false);
insert into codetube.view (id, channel_id, video_id, lajk, dislajk) values (819, 14, 35, false, true);
insert into codetube.view (id, channel_id, video_id, lajk, dislajk) values (820, 42, 65, true, false);
insert into codetube.view (id, channel_id, video_id, lajk, dislajk) values (821, 27, 37, false, true);
insert into codetube.view (id, channel_id, video_id, lajk, dislajk) values (822, 53, 40, false, true);
insert into codetube.view (id, channel_id, video_id, lajk, dislajk) values (823, 81, 30, false, true);
insert into codetube.view (id, channel_id, video_id, lajk, dislajk) values (824, 95, 96, true, false);
insert into codetube.view (id, channel_id, video_id, lajk, dislajk) values (825, 73, 63, true, false);
insert into codetube.view (id, channel_id, video_id, lajk, dislajk) values (826, 70, 31, false, true);
insert into codetube.view (id, channel_id, video_id, lajk, dislajk) values (827, 36, 21, false, true);
insert into codetube.view (id, channel_id, video_id, lajk, dislajk) values (828, 45, 74, true, false);
insert into codetube.view (id, channel_id, video_id, lajk, dislajk) values (829, 66, 71, false, true);
insert into codetube.view (id, channel_id, video_id, lajk, dislajk) values (830, 86, 89, true, false);
insert into codetube.view (id, channel_id, video_id, lajk, dislajk) values (831, 3, 32, false, true);
insert into codetube.view (id, channel_id, video_id, lajk, dislajk) values (832, 29, 69, true, false);
insert into codetube.view (id, channel_id, video_id, lajk, dislajk) values (833, 14, 56, false, true);
insert into codetube.view (id, channel_id, video_id, lajk, dislajk) values (834, 21, 62, true, false);
insert into codetube.view (id, channel_id, video_id, lajk, dislajk) values (835, 96, 33, true, false);
insert into codetube.view (id, channel_id, video_id, lajk, dislajk) values (836, 84, 6, true, false);
insert into codetube.view (id, channel_id, video_id, lajk, dislajk) values (837, 88, 23, false, true);
insert into codetube.view (id, channel_id, video_id, lajk, dislajk) values (838, 50, 84, true, false);
insert into codetube.view (id, channel_id, video_id, lajk, dislajk) values (839, 18, 93, true, false);
insert into codetube.view (id, channel_id, video_id, lajk, dislajk) values (840, 18, 81, true, false);
insert into codetube.view (id, channel_id, video_id, lajk, dislajk) values (841, 83, 31, false, true);
insert into codetube.view (id, channel_id, video_id, lajk, dislajk) values (842, 83, 88, false, true);
insert into codetube.view (id, channel_id, video_id, lajk, dislajk) values (843, 14, 55, false, true);
insert into codetube.view (id, channel_id, video_id, lajk, dislajk) values (844, 37, 91, true, false);
insert into codetube.view (id, channel_id, video_id, lajk, dislajk) values (845, 89, 59, true, false);
insert into codetube.view (id, channel_id, video_id, lajk, dislajk) values (846, 44, 89, true, false);
insert into codetube.view (id, channel_id, video_id, lajk, dislajk) values (847, 94, 44, true, false);
insert into codetube.view (id, channel_id, video_id, lajk, dislajk) values (848, 79, 73, false, true);
insert into codetube.view (id, channel_id, video_id, lajk, dislajk) values (849, 66, 58, false, true);
insert into codetube.view (id, channel_id, video_id, lajk, dislajk) values (850, 99, 84, false, true);
insert into codetube.view (id, channel_id, video_id, lajk, dislajk) values (851, 22, 43, false, true);
insert into codetube.view (id, channel_id, video_id, lajk, dislajk) values (852, 35, 96, true, false);
insert into codetube.view (id, channel_id, video_id, lajk, dislajk) values (853, 74, 37, true, false);
insert into codetube.view (id, channel_id, video_id, lajk, dislajk) values (854, 30, 92, true, false);
insert into codetube.view (id, channel_id, video_id, lajk, dislajk) values (855, 51, 39, false, true);
insert into codetube.view (id, channel_id, video_id, lajk, dislajk) values (856, 2, 1, false, true);
insert into codetube.view (id, channel_id, video_id, lajk, dislajk) values (857, 6, 78, true, false);
insert into codetube.view (id, channel_id, video_id, lajk, dislajk) values (858, 78, 49, false, true);
insert into codetube.view (id, channel_id, video_id, lajk, dislajk) values (859, 67, 38, false, true);
insert into codetube.view (id, channel_id, video_id, lajk, dislajk) values (860, 11, 90, true, false);
insert into codetube.view (id, channel_id, video_id, lajk, dislajk) values (861, 19, 83, true, false);
insert into codetube.view (id, channel_id, video_id, lajk, dislajk) values (862, 97, 47, true, false);
insert into codetube.view (id, channel_id, video_id, lajk, dislajk) values (863, 84, 21, true, false);
insert into codetube.view (id, channel_id, video_id, lajk, dislajk) values (864, 28, 17, true, false);
insert into codetube.view (id, channel_id, video_id, lajk, dislajk) values (865, 15, 6, false, true);
insert into codetube.view (id, channel_id, video_id, lajk, dislajk) values (866, 77, 67, false, true);
insert into codetube.view (id, channel_id, video_id, lajk, dislajk) values (867, 41, 2, false, true);
insert into codetube.view (id, channel_id, video_id, lajk, dislajk) values (868, 23, 89, true, false);
insert into codetube.view (id, channel_id, video_id, lajk, dislajk) values (869, 27, 94, false, true);
insert into codetube.view (id, channel_id, video_id, lajk, dislajk) values (870, 49, 66, false, true);
insert into codetube.view (id, channel_id, video_id, lajk, dislajk) values (871, 3, 65, true, false);
insert into codetube.view (id, channel_id, video_id, lajk, dislajk) values (872, 94, 78, false, true);
insert into codetube.view (id, channel_id, video_id, lajk, dislajk) values (873, 74, 85, false, true);
insert into codetube.view (id, channel_id, video_id, lajk, dislajk) values (874, 64, 8, false, true);
insert into codetube.view (id, channel_id, video_id, lajk, dislajk) values (875, 83, 57, true, false);
insert into codetube.view (id, channel_id, video_id, lajk, dislajk) values (876, 84, 83, false, true);
insert into codetube.view (id, channel_id, video_id, lajk, dislajk) values (877, 7, 68, false, true);
insert into codetube.view (id, channel_id, video_id, lajk, dislajk) values (878, 48, 3, true, false);
insert into codetube.view (id, channel_id, video_id, lajk, dislajk) values (879, 44, 19, false, true);
insert into codetube.view (id, channel_id, video_id, lajk, dislajk) values (880, 64, 30, true, false);
insert into codetube.view (id, channel_id, video_id, lajk, dislajk) values (881, 53, 84, false, true);
insert into codetube.view (id, channel_id, video_id, lajk, dislajk) values (882, 15, 80, true, false);
insert into codetube.view (id, channel_id, video_id, lajk, dislajk) values (883, 67, 38, false, true);
insert into codetube.view (id, channel_id, video_id, lajk, dislajk) values (884, 64, 49, true, false);
insert into codetube.view (id, channel_id, video_id, lajk, dislajk) values (885, 68, 82, false, true);
insert into codetube.view (id, channel_id, video_id, lajk, dislajk) values (886, 56, 73, false, true);
insert into codetube.view (id, channel_id, video_id, lajk, dislajk) values (887, 67, 11, true, false);
insert into codetube.view (id, channel_id, video_id, lajk, dislajk) values (888, 91, 54, true, false);
insert into codetube.view (id, channel_id, video_id, lajk, dislajk) values (889, 22, 2, false, true);
insert into codetube.view (id, channel_id, video_id, lajk, dislajk) values (890, 31, 71, false, true);
insert into codetube.view (id, channel_id, video_id, lajk, dislajk) values (891, 17, 6, true, false);
insert into codetube.view (id, channel_id, video_id, lajk, dislajk) values (892, 78, 61, true, false);
insert into codetube.view (id, channel_id, video_id, lajk, dislajk) values (893, 58, 81, false, true);
insert into codetube.view (id, channel_id, video_id, lajk, dislajk) values (894, 62, 55, false, true);
insert into codetube.view (id, channel_id, video_id, lajk, dislajk) values (895, 100, 39, true, false);
insert into codetube.view (id, channel_id, video_id, lajk, dislajk) values (896, 29, 20, false, true);
insert into codetube.view (id, channel_id, video_id, lajk, dislajk) values (897, 90, 25, false, true);
insert into codetube.view (id, channel_id, video_id, lajk, dislajk) values (898, 91, 61, true, false);
insert into codetube.view (id, channel_id, video_id, lajk, dislajk) values (899, 53, 88, false, true);
insert into codetube.view (id, channel_id, video_id, lajk, dislajk) values (900, 40, 90, true, false);
insert into codetube.view (id, channel_id, video_id, lajk, dislajk) values (901, 80, 49, true, false);
insert into codetube.view (id, channel_id, video_id, lajk, dislajk) values (902, 22, 97, true, false);
insert into codetube.view (id, channel_id, video_id, lajk, dislajk) values (903, 80, 59, false, true);
insert into codetube.view (id, channel_id, video_id, lajk, dislajk) values (904, 60, 11, false, true);
insert into codetube.view (id, channel_id, video_id, lajk, dislajk) values (905, 78, 7, false, true);
insert into codetube.view (id, channel_id, video_id, lajk, dislajk) values (906, 82, 46, false, true);
insert into codetube.view (id, channel_id, video_id, lajk, dislajk) values (907, 76, 78, false, true);
insert into codetube.view (id, channel_id, video_id, lajk, dislajk) values (908, 14, 24, true, false);
insert into codetube.view (id, channel_id, video_id, lajk, dislajk) values (909, 80, 97, false, true);
insert into codetube.view (id, channel_id, video_id, lajk, dislajk) values (910, 59, 82, true, false);
insert into codetube.view (id, channel_id, video_id, lajk, dislajk) values (911, 82, 41, false, true);
insert into codetube.view (id, channel_id, video_id, lajk, dislajk) values (912, 60, 18, true, false);
insert into codetube.view (id, channel_id, video_id, lajk, dislajk) values (913, 1, 1, true, false);
insert into codetube.view (id, channel_id, video_id, lajk, dislajk) values (914, 72, 93, true, false);
insert into codetube.view (id, channel_id, video_id, lajk, dislajk) values (915, 68, 63, true, false);
insert into codetube.view (id, channel_id, video_id, lajk, dislajk) values (916, 29, 5, true, false);
insert into codetube.view (id, channel_id, video_id, lajk, dislajk) values (917, 18, 36, false, true);
insert into codetube.view (id, channel_id, video_id, lajk, dislajk) values (918, 30, 66, true, false);
insert into codetube.view (id, channel_id, video_id, lajk, dislajk) values (919, 3, 32, false, true);
insert into codetube.view (id, channel_id, video_id, lajk, dislajk) values (920, 78, 13, false, true);
insert into codetube.view (id, channel_id, video_id, lajk, dislajk) values (921, 35, 89, false, true);
insert into codetube.view (id, channel_id, video_id, lajk, dislajk) values (922, 78, 27, true, false);
insert into codetube.view (id, channel_id, video_id, lajk, dislajk) values (923, 37, 69, false, true);
insert into codetube.view (id, channel_id, video_id, lajk, dislajk) values (924, 19, 67, true, false);
insert into codetube.view (id, channel_id, video_id, lajk, dislajk) values (925, 12, 52, false, true);
insert into codetube.view (id, channel_id, video_id, lajk, dislajk) values (926, 79, 3, true, false);
insert into codetube.view (id, channel_id, video_id, lajk, dislajk) values (927, 78, 31, false, true);
insert into codetube.view (id, channel_id, video_id, lajk, dislajk) values (928, 18, 18, false, true);
insert into codetube.view (id, channel_id, video_id, lajk, dislajk) values (929, 54, 91, true, false);
insert into codetube.view (id, channel_id, video_id, lajk, dislajk) values (930, 64, 37, true, false);
insert into codetube.view (id, channel_id, video_id, lajk, dislajk) values (931, 78, 15, true, false);
insert into codetube.view (id, channel_id, video_id, lajk, dislajk) values (932, 60, 47, false, true);
insert into codetube.view (id, channel_id, video_id, lajk, dislajk) values (933, 63, 84, true, false);
insert into codetube.view (id, channel_id, video_id, lajk, dislajk) values (934, 37, 70, false, true);
insert into codetube.view (id, channel_id, video_id, lajk, dislajk) values (935, 66, 92, false, true);
insert into codetube.view (id, channel_id, video_id, lajk, dislajk) values (936, 90, 76, false, true);
insert into codetube.view (id, channel_id, video_id, lajk, dislajk) values (937, 95, 88, true, false);
insert into codetube.view (id, channel_id, video_id, lajk, dislajk) values (938, 14, 43, false, true);
insert into codetube.view (id, channel_id, video_id, lajk, dislajk) values (939, 94, 11, true, false);
insert into codetube.view (id, channel_id, video_id, lajk, dislajk) values (940, 16, 27, true, false);
insert into codetube.view (id, channel_id, video_id, lajk, dislajk) values (941, 65, 69, true, false);
insert into codetube.view (id, channel_id, video_id, lajk, dislajk) values (942, 56, 13, true, false);
insert into codetube.view (id, channel_id, video_id, lajk, dislajk) values (943, 87, 87, false, true);
insert into codetube.view (id, channel_id, video_id, lajk, dislajk) values (944, 2, 97, true, false);
insert into codetube.view (id, channel_id, video_id, lajk, dislajk) values (945, 77, 12, true, false);
insert into codetube.view (id, channel_id, video_id, lajk, dislajk) values (946, 13, 54, false, true);
insert into codetube.view (id, channel_id, video_id, lajk, dislajk) values (947, 92, 69, false, true);
insert into codetube.view (id, channel_id, video_id, lajk, dislajk) values (948, 70, 6, false, true);
insert into codetube.view (id, channel_id, video_id, lajk, dislajk) values (949, 17, 86, true, false);
insert into codetube.view (id, channel_id, video_id, lajk, dislajk) values (950, 72, 90, true, false);
insert into codetube.view (id, channel_id, video_id, lajk, dislajk) values (951, 62, 28, true, false);
insert into codetube.view (id, channel_id, video_id, lajk, dislajk) values (952, 16, 28, true, false);
insert into codetube.view (id, channel_id, video_id, lajk, dislajk) values (953, 40, 6, true, false);
insert into codetube.view (id, channel_id, video_id, lajk, dislajk) values (954, 50, 4, true, false);
insert into codetube.view (id, channel_id, video_id, lajk, dislajk) values (955, 64, 19, false, true);
insert into codetube.view (id, channel_id, video_id, lajk, dislajk) values (956, 88, 17, false, true);
insert into codetube.view (id, channel_id, video_id, lajk, dislajk) values (957, 41, 9, true, false);
insert into codetube.view (id, channel_id, video_id, lajk, dislajk) values (958, 4, 62, false, true);
insert into codetube.view (id, channel_id, video_id, lajk, dislajk) values (959, 91, 87, true, false);
insert into codetube.view (id, channel_id, video_id, lajk, dislajk) values (960, 96, 73, false, true);
insert into codetube.view (id, channel_id, video_id, lajk, dislajk) values (961, 33, 36, true, false);
insert into codetube.view (id, channel_id, video_id, lajk, dislajk) values (962, 36, 83, false, true);
insert into codetube.view (id, channel_id, video_id, lajk, dislajk) values (963, 5, 16, false, true);
insert into codetube.view (id, channel_id, video_id, lajk, dislajk) values (964, 99, 100, true, false);
insert into codetube.view (id, channel_id, video_id, lajk, dislajk) values (965, 10, 14, false, true);
insert into codetube.view (id, channel_id, video_id, lajk, dislajk) values (966, 81, 36, true, false);
insert into codetube.view (id, channel_id, video_id, lajk, dislajk) values (967, 65, 2, false, true);
insert into codetube.view (id, channel_id, video_id, lajk, dislajk) values (968, 80, 42, false, true);
insert into codetube.view (id, channel_id, video_id, lajk, dislajk) values (969, 9, 35, false, true);
insert into codetube.view (id, channel_id, video_id, lajk, dislajk) values (970, 69, 3, false, true);
insert into codetube.view (id, channel_id, video_id, lajk, dislajk) values (971, 39, 62, false, true);
insert into codetube.view (id, channel_id, video_id, lajk, dislajk) values (972, 9, 10, false, true);
insert into codetube.view (id, channel_id, video_id, lajk, dislajk) values (973, 22, 59, false, true);
insert into codetube.view (id, channel_id, video_id, lajk, dislajk) values (974, 34, 56, false, true);
insert into codetube.view (id, channel_id, video_id, lajk, dislajk) values (975, 96, 26, false, true);
insert into codetube.view (id, channel_id, video_id, lajk, dislajk) values (976, 64, 53, false, true);
insert into codetube.view (id, channel_id, video_id, lajk, dislajk) values (977, 69, 3, false, true);
insert into codetube.view (id, channel_id, video_id, lajk, dislajk) values (978, 5, 59, false, true);
insert into codetube.view (id, channel_id, video_id, lajk, dislajk) values (979, 51, 100, false, true);
insert into codetube.view (id, channel_id, video_id, lajk, dislajk) values (980, 81, 57, false, true);
insert into codetube.view (id, channel_id, video_id, lajk, dislajk) values (981, 38, 16, true, false);
insert into codetube.view (id, channel_id, video_id, lajk, dislajk) values (982, 53, 26, false, true);
insert into codetube.view (id, channel_id, video_id, lajk, dislajk) values (983, 53, 95, false, true);
insert into codetube.view (id, channel_id, video_id, lajk, dislajk) values (984, 47, 87, false, true);
insert into codetube.view (id, channel_id, video_id, lajk, dislajk) values (985, 62, 11, false, true);
insert into codetube.view (id, channel_id, video_id, lajk, dislajk) values (986, 17, 44, false, true);
insert into codetube.view (id, channel_id, video_id, lajk, dislajk) values (987, 85, 82, true, false);
insert into codetube.view (id, channel_id, video_id, lajk, dislajk) values (988, 89, 75, false, true);
insert into codetube.view (id, channel_id, video_id, lajk, dislajk) values (989, 34, 41, true, false);
insert into codetube.view (id, channel_id, video_id, lajk, dislajk) values (990, 36, 75, false, true);
insert into codetube.view (id, channel_id, video_id, lajk, dislajk) values (991, 33, 7, true, false);
insert into codetube.view (id, channel_id, video_id, lajk, dislajk) values (992, 86, 100, false, true);
insert into codetube.view (id, channel_id, video_id, lajk, dislajk) values (993, 32, 2, false, true);
insert into codetube.view (id, channel_id, video_id, lajk, dislajk) values (994, 81, 37, false, true);
insert into codetube.view (id, channel_id, video_id, lajk, dislajk) values (995, 61, 7, true, false);
insert into codetube.view (id, channel_id, video_id, lajk, dislajk) values (996, 61, 97, true, false);
insert into codetube.view (id, channel_id, video_id, lajk, dislajk) values (997, 4, 55, false, true);
insert into codetube.view (id, channel_id, video_id, lajk, dislajk) values (998, 52, 78, true, false);
insert into codetube.view (id, channel_id, video_id, lajk, dislajk) values (999, 4, 51, true, false);
insert into codetube.view (id, channel_id, video_id, lajk, dislajk) values (1000, 98, 51, false, true);

insert into codetube.playlist (channel_id, title, video_count) values (53, 'Drama|Romance', 0);
insert into codetube.playlist (channel_id, title, video_count) values (1, 'Comedy|Fantasy|Romance', 0);
insert into codetube.playlist (channel_id, title, video_count) values (100, 'Drama|Romance|War', 0);
insert into codetube.playlist (channel_id, title, video_count) values (74, 'Drama|War', 0);
insert into codetube.playlist (channel_id, title, video_count) values (12, 'Drama', 0);
insert into codetube.playlist (channel_id, title, video_count) values (15, 'Crime|Sci-Fi', 0);
insert into codetube.playlist (channel_id, title, video_count) values (2, 'Comedy', 0);
insert into codetube.playlist (channel_id, title, video_count) values (59, 'Drama', 0);
insert into codetube.playlist (channel_id, title, video_count) values (96, 'Adventure|Comedy|Fantasy', 0);
insert into codetube.playlist (channel_id, title, video_count) values (41, 'Romance|Sci-Fi', 0);
insert into codetube.playlist (channel_id, title, video_count) values (44, 'Drama|Romance', 0);
insert into codetube.playlist (channel_id, title, video_count) values (5, 'Documentary|Musical', 0);
insert into codetube.playlist (channel_id, title, video_count) values (76, 'Crime|Drama|Thriller', 0);
insert into codetube.playlist (channel_id, title, video_count) values (32, 'Comedy', 0);
insert into codetube.playlist (channel_id, title, video_count) values (36, 'Action|Adventure|Thriller', 0);
insert into codetube.playlist (channel_id, title, video_count) values (39, 'Romance', 0);
insert into codetube.playlist (channel_id, title, video_count) values (47, 'Documentary', 0);
insert into codetube.playlist (channel_id, title, video_count) values (8, 'Crime|Drama|Thriller', 0);
insert into codetube.playlist (channel_id, title, video_count) values (93, 'Documentary', 0);
insert into codetube.playlist (channel_id, title, video_count) values (81, 'Documentary', 0);
insert into codetube.playlist (channel_id, title, video_count) values (82, 'Thriller', 0);
insert into codetube.playlist (channel_id, title, video_count) values (97, 'Action|Adventure|Animation|Fantasy|Sci-Fi', 0);
insert into codetube.playlist (channel_id, title, video_count) values (71, 'Drama', 0);
insert into codetube.playlist (channel_id, title, video_count) values (49, 'Action|Adventure|Crime|Mystery|Romance', 0);
insert into codetube.playlist (channel_id, title, video_count) values (66, 'Drama', 0);
insert into codetube.playlist (channel_id, title, video_count) values (70, 'Documentary', 0);
insert into codetube.playlist (channel_id, title, video_count) values (61, 'Drama', 0);
insert into codetube.playlist (channel_id, title, video_count) values (43, 'Crime|Drama|Mystery', 0);
insert into codetube.playlist (channel_id, title, video_count) values (13, 'Action|Crime|Thriller', 0);
insert into codetube.playlist (channel_id, title, video_count) values (67, 'Drama', 0);
insert into codetube.playlist (channel_id, title, video_count) values (31, 'Horror|Thriller', 0);
insert into codetube.playlist (channel_id, title, video_count) values (19, 'Action|Adventure|Drama|Romance|Western', 0);
insert into codetube.playlist (channel_id, title, video_count) values (41, 'Comedy|Drama|Musical', 0);
insert into codetube.playlist (channel_id, title, video_count) values (29, 'Drama', 0);
insert into codetube.playlist (channel_id, title, video_count) values (23, 'Drama|Film-Noir', 0);
insert into codetube.playlist (channel_id, title, video_count) values (69, 'Drama', 0);
insert into codetube.playlist (channel_id, title, video_count) values (9, 'Drama|Mystery|Thriller', 0);
insert into codetube.playlist (channel_id, title, video_count) values (41, 'Documentary', 0);
insert into codetube.playlist (channel_id, title, video_count) values (68, 'Drama', 0);
insert into codetube.playlist (channel_id, title, video_count) values (29, '(no genres listed)', 0);
insert into codetube.playlist (channel_id, title, video_count) values (50, 'Action|Thriller', 0);
insert into codetube.playlist (channel_id, title, video_count) values (27, 'Comedy|Drama|Romance', 0);
insert into codetube.playlist (channel_id, title, video_count) values (21, 'Children|Drama', 0);
insert into codetube.playlist (channel_id, title, video_count) values (41, 'Comedy|Musical', 0);
insert into codetube.playlist (channel_id, title, video_count) values (23, 'Horror|Sci-Fi', 0);
insert into codetube.playlist (channel_id, title, video_count) values (65, 'Action|Crime|Drama', 0);
insert into codetube.playlist (channel_id, title, video_count) values (79, 'Comedy|Crime|Mystery', 0);
insert into codetube.playlist (channel_id, title, video_count) values (97, 'Drama', 0);
insert into codetube.playlist (channel_id, title, video_count) values (51, 'Drama', 0);
insert into codetube.playlist (channel_id, title, video_count) values (18, 'Comedy', 0);
insert into codetube.playlist (channel_id, title, video_count) values (94, 'Comedy|Horror', 0);
insert into codetube.playlist (channel_id, title, video_count) values (96, 'Comedy', 0);
insert into codetube.playlist (channel_id, title, video_count) values (100, 'Documentary', 0);
insert into codetube.playlist (channel_id, title, video_count) values (44, 'Drama', 0);
insert into codetube.playlist (channel_id, title, video_count) values (51, 'Horror|Thriller', 0);
insert into codetube.playlist (channel_id, title, video_count) values (11, 'Drama|Thriller', 0);
insert into codetube.playlist (channel_id, title, video_count) values (58, 'Drama', 0);
insert into codetube.playlist (channel_id, title, video_count) values (79, 'Drama|Film-Noir|Romance', 0);
insert into codetube.playlist (channel_id, title, video_count) values (58, 'Animation|Comedy|Fantasy', 0);
insert into codetube.playlist (channel_id, title, video_count) values (33, 'Drama', 0);
insert into codetube.playlist (channel_id, title, video_count) values (54, 'Horror|Mystery|Thriller', 0);
insert into codetube.playlist (channel_id, title, video_count) values (62, 'Comedy', 0);
insert into codetube.playlist (channel_id, title, video_count) values (98, 'Mystery|Thriller', 0);
insert into codetube.playlist (channel_id, title, video_count) values (47, 'Comedy|Drama|Romance', 0);
insert into codetube.playlist (channel_id, title, video_count) values (85, 'Drama|Romance|Western', 0);
insert into codetube.playlist (channel_id, title, video_count) values (80, 'Crime|Drama', 0);
insert into codetube.playlist (channel_id, title, video_count) values (45, 'Crime|Drama', 0);
insert into codetube.playlist (channel_id, title, video_count) values (88, 'Crime|Drama|Horror|Thriller', 0);
insert into codetube.playlist (channel_id, title, video_count) values (43, 'Crime|Drama|Film-Noir', 0);
insert into codetube.playlist (channel_id, title, video_count) values (5, 'Comedy|Drama', 0);
insert into codetube.playlist (channel_id, title, video_count) values (38, 'Documentary', 0);
insert into codetube.playlist (channel_id, title, video_count) values (20, 'Fantasy|Horror|Mystery|Romance', 0);
insert into codetube.playlist (channel_id, title, video_count) values (61, 'Action|Adventure|Fantasy', 0);
insert into codetube.playlist (channel_id, title, video_count) values (43, 'Horror|Thriller', 0);
insert into codetube.playlist (channel_id, title, video_count) values (33, 'Comedy|Romance', 0);
insert into codetube.playlist (channel_id, title, video_count) values (55, 'Horror|Mystery|Thriller', 0);
insert into codetube.playlist (channel_id, title, video_count) values (85, 'Drama|Mystery|Thriller', 0);
insert into codetube.playlist (channel_id, title, video_count) values (78, 'Documentary', 0);
insert into codetube.playlist (channel_id, title, video_count) values (39, 'Action|Sci-Fi|Thriller', 0);
insert into codetube.playlist (channel_id, title, video_count) values (59, 'Crime|Drama', 0);
insert into codetube.playlist (channel_id, title, video_count) values (35, 'Comedy', 0);
insert into codetube.playlist (channel_id, title, video_count) values (4, 'Drama|Romance', 0);
insert into codetube.playlist (channel_id, title, video_count) values (65, 'Comedy|Horror', 0);
insert into codetube.playlist (channel_id, title, video_count) values (5, 'Drama', 0);
insert into codetube.playlist (channel_id, title, video_count) values (19, 'Documentary', 0);
insert into codetube.playlist (channel_id, title, video_count) values (74, 'War', 0);
insert into codetube.playlist (channel_id, title, video_count) values (63, 'Crime|Drama|Mystery', 0);
insert into codetube.playlist (channel_id, title, video_count) values (60, 'Comedy', 0);
insert into codetube.playlist (channel_id, title, video_count) values (80, 'Comedy|Drama', 0);
insert into codetube.playlist (channel_id, title, video_count) values (54, 'Comedy|Drama|Sci-Fi', 0);
insert into codetube.playlist (channel_id, title, video_count) values (95, 'Comedy|Drama|Romance', 0);
insert into codetube.playlist (channel_id, title, video_count) values (46, 'Drama', 0);
insert into codetube.playlist (channel_id, title, video_count) values (81, 'Romance', 0);
insert into codetube.playlist (channel_id, title, video_count) values (47, 'Horror|Sci-Fi', 0);
insert into codetube.playlist (channel_id, title, video_count) values (28, 'Drama|Romance', 0);
insert into codetube.playlist (channel_id, title, video_count) values (41, 'Comedy', 0);
insert into codetube.playlist (channel_id, title, video_count) values (51, 'Comedy|Romance', 0);
insert into codetube.playlist (channel_id, title, video_count) values (35, 'Drama', 0);
insert into codetube.playlist (channel_id, title, video_count) values (96, 'Crime|Drama|Mystery', 0);
insert into codetube.playlist (channel_id, title, video_count) values (92, 'Drama', 0);
insert into codetube.playlist (channel_id, title, video_count) values (90, 'Drama', 0);
insert into codetube.playlist (channel_id, title, video_count) values (69, 'Crime|Western', 0);
insert into codetube.playlist (channel_id, title, video_count) values (89, 'Adventure|Comedy|Drama|Romance', 0);
insert into codetube.playlist (channel_id, title, video_count) values (65, 'Documentary', 0);
insert into codetube.playlist (channel_id, title, video_count) values (70, 'Fantasy', 0);
insert into codetube.playlist (channel_id, title, video_count) values (11, 'Crime|Mystery|Thriller', 0);
insert into codetube.playlist (channel_id, title, video_count) values (30, 'Comedy|Drama|Romance', 0);
insert into codetube.playlist (channel_id, title, video_count) values (51, 'Animation|Sci-Fi', 0);
insert into codetube.playlist (channel_id, title, video_count) values (22, 'Comedy|Romance', 0);
insert into codetube.playlist (channel_id, title, video_count) values (71, 'Action', 0);
insert into codetube.playlist (channel_id, title, video_count) values (3, 'Documentary', 0);
insert into codetube.playlist (channel_id, title, video_count) values (6, 'Comedy', 0);
insert into codetube.playlist (channel_id, title, video_count) values (78, 'Drama', 0);
insert into codetube.playlist (channel_id, title, video_count) values (92, 'Comedy', 0);
insert into codetube.playlist (channel_id, title, video_count) values (29, 'Action|Animation|Sci-Fi', 0);
insert into codetube.playlist (channel_id, title, video_count) values (36, 'Comedy', 0);
insert into codetube.playlist (channel_id, title, video_count) values (36, 'Comedy|Drama', 0);
insert into codetube.playlist (channel_id, title, video_count) values (52, 'Drama|War', 0);
insert into codetube.playlist (channel_id, title, video_count) values (49, 'Crime|Drama|Romance|Thriller', 0);
insert into codetube.playlist (channel_id, title, video_count) values (89, 'Horror', 0);
insert into codetube.playlist (channel_id, title, video_count) values (41, '(no genres listed)', 0);
insert into codetube.playlist (channel_id, title, video_count) values (33, 'Comedy', 0);
insert into codetube.playlist (channel_id, title, video_count) values (54, 'Crime|Drama|Film-Noir|Thriller', 0);
insert into codetube.playlist (channel_id, title, video_count) values (37, 'Drama', 0);
insert into codetube.playlist (channel_id, title, video_count) values (1, 'Drama|War', 0);
insert into codetube.playlist (channel_id, title, video_count) values (72, 'Action|Adventure|Drama|IMAX', 0);
insert into codetube.playlist (channel_id, title, video_count) values (50, 'Action|Adventure|Drama|Romance|Western', 0);
insert into codetube.playlist (channel_id, title, video_count) values (56, 'Drama', 0);
insert into codetube.playlist (channel_id, title, video_count) values (84, 'Comedy|Horror', 0);
insert into codetube.playlist (channel_id, title, video_count) values (80, 'Comedy', 0);
insert into codetube.playlist (channel_id, title, video_count) values (18, 'Documentary', 0);
insert into codetube.playlist (channel_id, title, video_count) values (59, 'Documentary', 0);
insert into codetube.playlist (channel_id, title, video_count) values (65, 'Children|Comedy|Fantasy', 0);
insert into codetube.playlist (channel_id, title, video_count) values (42, 'Adventure|Comedy', 0);
insert into codetube.playlist (channel_id, title, video_count) values (50, 'Comedy|Fantasy|Thriller', 0);
insert into codetube.playlist (channel_id, title, video_count) values (47, 'Drama', 0);
insert into codetube.playlist (channel_id, title, video_count) values (15, 'Comedy|Drama', 0);
insert into codetube.playlist (channel_id, title, video_count) values (15, 'Animation|Fantasy', 0);
insert into codetube.playlist (channel_id, title, video_count) values (86, 'Drama|Romance', 0);
insert into codetube.playlist (channel_id, title, video_count) values (14, 'Action|Thriller', 0);
insert into codetube.playlist (channel_id, title, video_count) values (53, 'Adventure|Drama', 0);
insert into codetube.playlist (channel_id, title, video_count) values (1, 'Comedy|Fantasy', 0);
insert into codetube.playlist (channel_id, title, video_count) values (97, 'Comedy|Drama', 0);
insert into codetube.playlist (channel_id, title, video_count) values (24, 'Drama|War', 0);
insert into codetube.playlist (channel_id, title, video_count) values (53, 'Drama|Romance', 0);
insert into codetube.playlist (channel_id, title, video_count) values (77, 'Horror', 0);
insert into codetube.playlist (channel_id, title, video_count) values (19, 'Action|Comedy|Crime', 0);
insert into codetube.playlist (channel_id, title, video_count) values (49, 'Crime|Documentary|War', 0);
insert into codetube.playlist (channel_id, title, video_count) values (63, 'Drama', 0);
insert into codetube.playlist (channel_id, title, video_count) values (56, 'Drama|Romance', 0);
insert into codetube.playlist (channel_id, title, video_count) values (59, 'Comedy|Romance|War', 0);
insert into codetube.playlist (channel_id, title, video_count) values (62, 'Comedy|War', 0);
insert into codetube.playlist (channel_id, title, video_count) values (18, 'Comedy', 0);
insert into codetube.playlist (channel_id, title, video_count) values (90, 'Drama|War', 0);
insert into codetube.playlist (channel_id, title, video_count) values (49, 'Comedy|Drama', 0);
insert into codetube.playlist (channel_id, title, video_count) values (61, 'Documentary', 0);
insert into codetube.playlist (channel_id, title, video_count) values (51, 'Action|Drama|Thriller', 0);
insert into codetube.playlist (channel_id, title, video_count) values (6, 'Comedy|Drama', 0);
insert into codetube.playlist (channel_id, title, video_count) values (89, 'Comedy|Documentary', 0);
insert into codetube.playlist (channel_id, title, video_count) values (48, 'Crime|Drama|Horror|Mystery|Thriller', 0);
insert into codetube.playlist (channel_id, title, video_count) values (9, 'Action|Comedy', 0);
insert into codetube.playlist (channel_id, title, video_count) values (66, 'Comedy|Crime|Drama', 0);
insert into codetube.playlist (channel_id, title, video_count) values (49, 'Drama', 0);
insert into codetube.playlist (channel_id, title, video_count) values (50, 'Drama', 0);
insert into codetube.playlist (channel_id, title, video_count) values (75, 'Crime|Drama|Mystery|Thriller', 0);
insert into codetube.playlist (channel_id, title, video_count) values (18, 'Drama|War', 0);
insert into codetube.playlist (channel_id, title, video_count) values (27, '(no genres listed)', 0);
insert into codetube.playlist (channel_id, title, video_count) values (37, 'Comedy|Musical', 0);
insert into codetube.playlist (channel_id, title, video_count) values (79, 'Documentary', 0);
insert into codetube.playlist (channel_id, title, video_count) values (93, 'Horror', 0);
insert into codetube.playlist (channel_id, title, video_count) values (99, 'Action|Crime|Thriller', 0);
insert into codetube.playlist (channel_id, title, video_count) values (36, 'Documentary|Musical', 0);
insert into codetube.playlist (channel_id, title, video_count) values (50, 'Drama', 0);
insert into codetube.playlist (channel_id, title, video_count) values (19, 'Comedy|Documentary', 0);
insert into codetube.playlist (channel_id, title, video_count) values (36, 'Comedy', 0);
insert into codetube.playlist (channel_id, title, video_count) values (54, 'Western', 0);
insert into codetube.playlist (channel_id, title, video_count) values (42, 'Thriller', 0);
insert into codetube.playlist (channel_id, title, video_count) values (8, 'Crime|Drama|Mystery|Romance', 0);
insert into codetube.playlist (channel_id, title, video_count) values (34, 'Drama', 0);
insert into codetube.playlist (channel_id, title, video_count) values (43, 'Crime|Film-Noir', 0);
insert into codetube.playlist (channel_id, title, video_count) values (99, 'Documentary', 0);
insert into codetube.playlist (channel_id, title, video_count) values (37, 'Crime|Drama|Thriller', 0);
insert into codetube.playlist (channel_id, title, video_count) values (45, 'Comedy|Documentary', 0);
insert into codetube.playlist (channel_id, title, video_count) values (50, 'Animation|Children', 0);
insert into codetube.playlist (channel_id, title, video_count) values (54, 'Horror', 0);
insert into codetube.playlist (channel_id, title, video_count) values (5, 'Comedy', 0);
insert into codetube.playlist (channel_id, title, video_count) values (83, 'Drama', 0);
insert into codetube.playlist (channel_id, title, video_count) values (49, 'Horror', 0);
insert into codetube.playlist (channel_id, title, video_count) values (30, 'Drama|Thriller', 0);
insert into codetube.playlist (channel_id, title, video_count) values (60, 'Action|Horror|Mystery', 0);
insert into codetube.playlist (channel_id, title, video_count) values (78, 'Animation', 0);
insert into codetube.playlist (channel_id, title, video_count) values (13, 'Comedy|Horror|Thriller', 0);
insert into codetube.playlist (channel_id, title, video_count) values (19, 'Mystery|Sci-Fi', 0);
insert into codetube.playlist (channel_id, title, video_count) values (94, 'Comedy|Horror', 0);
insert into codetube.playlist (channel_id, title, video_count) values (58, 'Documentary', 0);
insert into codetube.playlist (channel_id, title, video_count) values (37, 'Comedy|Crime|Horror|Mystery|Thriller', 0);
insert into codetube.playlist (channel_id, title, video_count) values (63, 'Drama', 0);
insert into codetube.playlist (channel_id, title, video_count) values (23, 'Comedy|Crime|Drama|Mystery|Romance', 0);
insert into codetube.playlist (channel_id, title, video_count) values (90, 'Horror|Thriller', 0);
insert into codetube.playlist (channel_id, title, video_count) values (42, 'Drama', 0);
insert into codetube.playlist (channel_id, title, video_count) values (82, 'Adventure|Children|Romance', 0);
insert into codetube.playlist (channel_id, title, video_count) values (51, 'Adventure|Children', 0);
insert into codetube.playlist (channel_id, title, video_count) values (17, 'Comedy|Drama', 0);
insert into codetube.playlist (channel_id, title, video_count) values (95, 'Drama|Mystery', 0);
insert into codetube.playlist (channel_id, title, video_count) values (58, 'Drama', 0);
insert into codetube.playlist (channel_id, title, video_count) values (62, 'Action|Comedy|Thriller', 0);
insert into codetube.playlist (channel_id, title, video_count) values (49, 'Drama|Romance', 0);
insert into codetube.playlist (channel_id, title, video_count) values (33, 'Animation|Comedy', 0);
insert into codetube.playlist (channel_id, title, video_count) values (24, 'Drama', 0);
insert into codetube.playlist (channel_id, title, video_count) values (43, 'Action|War', 0);
insert into codetube.playlist (channel_id, title, video_count) values (16, 'Children|Comedy|Fantasy', 0);
insert into codetube.playlist (channel_id, title, video_count) values (31, 'Drama|Romance', 0);
insert into codetube.playlist (channel_id, title, video_count) values (46, 'Crime|Drama', 0);
insert into codetube.playlist (channel_id, title, video_count) values (54, 'Drama', 0);
insert into codetube.playlist (channel_id, title, video_count) values (20, 'Action|Sci-Fi|War', 0);
insert into codetube.playlist (channel_id, title, video_count) values (32, 'Documentary', 0);
insert into codetube.playlist (channel_id, title, video_count) values (49, 'Drama|Romance', 0);
insert into codetube.playlist (channel_id, title, video_count) values (53, 'Comedy|Crime', 0);
insert into codetube.playlist (channel_id, title, video_count) values (48, 'Documentary|Horror', 0);
insert into codetube.playlist (channel_id, title, video_count) values (17, 'Documentary', 0);
insert into codetube.playlist (channel_id, title, video_count) values (78, 'Drama', 0);
insert into codetube.playlist (channel_id, title, video_count) values (29, 'Comedy', 0);
insert into codetube.playlist (channel_id, title, video_count) values (40, 'Comedy|Romance', 0);
insert into codetube.playlist (channel_id, title, video_count) values (6, 'Horror|Sci-Fi|Thriller', 0);
insert into codetube.playlist (channel_id, title, video_count) values (41, 'Drama', 0);
insert into codetube.playlist (channel_id, title, video_count) values (32, 'Drama', 0);
insert into codetube.playlist (channel_id, title, video_count) values (37, 'Documentary', 0);
insert into codetube.playlist (channel_id, title, video_count) values (18, 'Drama|Thriller', 0);
insert into codetube.playlist (channel_id, title, video_count) values (12, 'Children|Comedy|Sci-Fi', 0);
insert into codetube.playlist (channel_id, title, video_count) values (45, 'Drama|Horror|Mystery|Thriller', 0);
insert into codetube.playlist (channel_id, title, video_count) values (15, 'Adventure|Fantasy|Sci-Fi', 0);
insert into codetube.playlist (channel_id, title, video_count) values (94, 'Documentary', 0);
insert into codetube.playlist (channel_id, title, video_count) values (19, 'Action|Drama', 0);
insert into codetube.playlist (channel_id, title, video_count) values (37, 'Action|Adventure|Comedy', 0);
insert into codetube.playlist (channel_id, title, video_count) values (91, 'Documentary', 0);
insert into codetube.playlist (channel_id, title, video_count) values (3, 'Adventure|War', 0);
insert into codetube.playlist (channel_id, title, video_count) values (53, 'Comedy|Drama', 0);
insert into codetube.playlist (channel_id, title, video_count) values (75, 'Comedy', 0);
insert into codetube.playlist (channel_id, title, video_count) values (51, 'Horror', 0);
insert into codetube.playlist (channel_id, title, video_count) values (79, 'Drama|Romance', 0);
insert into codetube.playlist (channel_id, title, video_count) values (95, 'Drama', 0);
insert into codetube.playlist (channel_id, title, video_count) values (76, 'Musical', 0);
insert into codetube.playlist (channel_id, title, video_count) values (65, 'Comedy|Horror|Thriller', 0);
insert into codetube.playlist (channel_id, title, video_count) values (94, 'Western', 0);
insert into codetube.playlist (channel_id, title, video_count) values (27, 'Drama|War', 0);
insert into codetube.playlist (channel_id, title, video_count) values (59, 'Action|Drama|Thriller', 0);
insert into codetube.playlist (channel_id, title, video_count) values (39, 'Drama', 0);
insert into codetube.playlist (channel_id, title, video_count) values (30, 'Thriller', 0);
insert into codetube.playlist (channel_id, title, video_count) values (9, 'Comedy|Drama', 0);
insert into codetube.playlist (channel_id, title, video_count) values (34, 'Drama|Thriller', 0);
insert into codetube.playlist (channel_id, title, video_count) values (39, 'Action|Comedy|Drama', 0);
insert into codetube.playlist (channel_id, title, video_count) values (7, 'Drama|Mystery|Thriller', 0);
insert into codetube.playlist (channel_id, title, video_count) values (16, 'Comedy|Fantasy|Thriller', 0);
insert into codetube.playlist (channel_id, title, video_count) values (95, 'Documentary|IMAX', 0);
insert into codetube.playlist (channel_id, title, video_count) values (83, 'Comedy|Drama|Romance', 0);
insert into codetube.playlist (channel_id, title, video_count) values (7, 'Adventure|Animation|Children|Comedy|Fantasy', 0);
insert into codetube.playlist (channel_id, title, video_count) values (60, 'Comedy', 0);
insert into codetube.playlist (channel_id, title, video_count) values (97, 'Drama', 0);
insert into codetube.playlist (channel_id, title, video_count) values (30, 'Adventure|Comedy', 0);
insert into codetube.playlist (channel_id, title, video_count) values (25, 'Sci-Fi', 0);
insert into codetube.playlist (channel_id, title, video_count) values (12, 'Comedy|Drama', 0);
insert into codetube.playlist (channel_id, title, video_count) values (25, 'Comedy|Thriller', 0);
insert into codetube.playlist (channel_id, title, video_count) values (5, 'Drama|Thriller', 0);
insert into codetube.playlist (channel_id, title, video_count) values (58, 'Drama|Romance', 0);
insert into codetube.playlist (channel_id, title, video_count) values (49, 'Documentary', 0);
insert into codetube.playlist (channel_id, title, video_count) values (100, 'Comedy|Documentary|Romance', 0);
insert into codetube.playlist (channel_id, title, video_count) values (78, 'Animation|Children|Comedy|Musical', 0);
insert into codetube.playlist (channel_id, title, video_count) values (84, 'Documentary', 0);
insert into codetube.playlist (channel_id, title, video_count) values (39, 'Action|Adventure|Sci-Fi|Thriller', 0);
insert into codetube.playlist (channel_id, title, video_count) values (89, 'Action', 0);
insert into codetube.playlist (channel_id, title, video_count) values (53, 'Comedy|Fantasy|Horror', 0);
insert into codetube.playlist (channel_id, title, video_count) values (50, 'Action|Adventure|Drama|Romance|War', 0);
insert into codetube.playlist (channel_id, title, video_count) values (1, 'Documentary', 0);
insert into codetube.playlist (channel_id, title, video_count) values (34, 'Action|Horror|Mystery', 0);
insert into codetube.playlist (channel_id, title, video_count) values (12, 'Comedy|Drama|Romance', 0);
insert into codetube.playlist (channel_id, title, video_count) values (32, 'Animation|Comedy', 0);
insert into codetube.playlist (channel_id, title, video_count) values (69, 'Romance', 0);
insert into codetube.playlist (channel_id, title, video_count) values (78, 'Drama|Romance', 0);
insert into codetube.playlist (channel_id, title, video_count) values (79, 'Drama', 0);
insert into codetube.playlist (channel_id, title, video_count) values (18, 'Comedy|Drama|Romance', 0);
insert into codetube.playlist (channel_id, title, video_count) values (48, 'Comedy', 0);
insert into codetube.playlist (channel_id, title, video_count) values (65, 'Comedy|Drama', 0);
insert into codetube.playlist (channel_id, title, video_count) values (10, 'Drama|Thriller', 0);
insert into codetube.playlist (channel_id, title, video_count) values (17, 'Western', 0);
insert into codetube.playlist (channel_id, title, video_count) values (22, 'Comedy', 0);
insert into codetube.playlist (channel_id, title, video_count) values (4, 'Comedy', 0);
insert into codetube.playlist (channel_id, title, video_count) values (12, 'Comedy', 0);
insert into codetube.playlist (channel_id, title, video_count) values (91, 'Drama', 0);
insert into codetube.playlist (channel_id, title, video_count) values (74, 'Drama', 0);
insert into codetube.playlist (channel_id, title, video_count) values (31, 'Comedy|Musical', 0);
insert into codetube.playlist (channel_id, title, video_count) values (78, 'Thriller', 0);
insert into codetube.playlist (channel_id, title, video_count) values (17, 'Adventure|Children', 0);
insert into codetube.playlist (channel_id, title, video_count) values (92, 'Action|Drama|Romance|Thriller', 0);
insert into codetube.playlist (channel_id, title, video_count) values (44, 'Drama|War', 0);
insert into codetube.playlist (channel_id, title, video_count) values (53, 'Adventure|Animation|Children|Comedy|Fantasy|IMAX', 0);
insert into codetube.playlist (channel_id, title, video_count) values (54, 'Action|Drama|Thriller', 0);
insert into codetube.playlist (channel_id, title, video_count) values (20, 'Action|Crime|Horror|Sci-Fi|Thriller', 0);
insert into codetube.playlist (channel_id, title, video_count) values (5, 'Action|Adventure|Crime|Mystery|Romance', 0);
insert into codetube.playlist (channel_id, title, video_count) values (64, 'Mystery|Thriller', 0);
insert into codetube.playlist (channel_id, title, video_count) values (55, 'Animation|Children|Comedy', 0);
insert into codetube.playlist (channel_id, title, video_count) values (57, 'Crime|Drama', 0);
insert into codetube.playlist (channel_id, title, video_count) values (79, 'Comedy|Drama', 0);
insert into codetube.playlist (channel_id, title, video_count) values (62, 'Comedy|Drama|Fantasy|Romance', 0);
insert into codetube.playlist (channel_id, title, video_count) values (68, 'Action|Adventure|Fantasy|Sci-Fi', 0);
insert into codetube.playlist (channel_id, title, video_count) values (93, 'Action|Adventure', 0);
insert into codetube.playlist (channel_id, title, video_count) values (31, 'Comedy|Drama', 0);
insert into codetube.playlist (channel_id, title, video_count) values (25, 'Crime|Drama|Romance', 0);
insert into codetube.playlist (channel_id, title, video_count) values (61, 'Drama', 0);
insert into codetube.playlist (channel_id, title, video_count) values (18, 'Action|Crime|Drama|Thriller', 0);
insert into codetube.playlist (channel_id, title, video_count) values (53, 'Comedy|Documentary', 0);
insert into codetube.playlist (channel_id, title, video_count) values (67, 'Crime|Drama', 0);
insert into codetube.playlist (channel_id, title, video_count) values (33, 'Action|Animation|Drama|Sci-Fi', 0);
insert into codetube.playlist (channel_id, title, video_count) values (31, 'Comedy|Sci-Fi', 0);
insert into codetube.playlist (channel_id, title, video_count) values (81, 'Comedy|Crime|Thriller', 0);
insert into codetube.playlist (channel_id, title, video_count) values (98, 'Comedy|Horror', 0);
insert into codetube.playlist (channel_id, title, video_count) values (10, 'Mystery|Romance|Thriller', 0);
insert into codetube.playlist (channel_id, title, video_count) values (86, 'Comedy|Drama', 0);
insert into codetube.playlist (channel_id, title, video_count) values (72, 'Drama|Romance', 0);
insert into codetube.playlist (channel_id, title, video_count) values (31, 'Adventure|Drama|Fantasy|Horror|Sci-Fi', 0);
insert into codetube.playlist (channel_id, title, video_count) values (27, 'Crime|Drama|Romance', 0);
insert into codetube.playlist (channel_id, title, video_count) values (93, 'Drama|War', 0);
insert into codetube.playlist (channel_id, title, video_count) values (65, 'Drama|Horror|Thriller', 0);
insert into codetube.playlist (channel_id, title, video_count) values (46, 'Crime|Drama|Thriller', 0);
insert into codetube.playlist (channel_id, title, video_count) values (73, 'Adventure|Comedy|Sci-Fi', 0);
insert into codetube.playlist (channel_id, title, video_count) values (34, 'Drama', 0);
insert into codetube.playlist (channel_id, title, video_count) values (43, 'Horror|Thriller', 0);
insert into codetube.playlist (channel_id, title, video_count) values (61, 'Drama|Thriller', 0);
insert into codetube.playlist (channel_id, title, video_count) values (11, 'Crime|Horror|Thriller', 0);
insert into codetube.playlist (channel_id, title, video_count) values (57, 'Crime|Drama|Thriller', 0);
insert into codetube.playlist (channel_id, title, video_count) values (100, 'Action|Horror|Sci-Fi', 0);
insert into codetube.playlist (channel_id, title, video_count) values (88, 'Comedy', 0);
insert into codetube.playlist (channel_id, title, video_count) values (36, 'Crime|Drama', 0);
insert into codetube.playlist (channel_id, title, video_count) values (72, 'Comedy|Drama|Romance', 0);
insert into codetube.playlist (channel_id, title, video_count) values (72, 'Children|Comedy', 0);
insert into codetube.playlist (channel_id, title, video_count) values (42, 'Drama', 0);
insert into codetube.playlist (channel_id, title, video_count) values (43, 'Drama', 0);
insert into codetube.playlist (channel_id, title, video_count) values (10, 'Drama', 0);
insert into codetube.playlist (channel_id, title, video_count) values (40, 'Drama', 0);
insert into codetube.playlist (channel_id, title, video_count) values (75, 'Drama|Horror', 0);
insert into codetube.playlist (channel_id, title, video_count) values (91, 'Adventure|Animation|Children|Comedy|Fantasy', 0);
insert into codetube.playlist (channel_id, title, video_count) values (64, 'Comedy|Drama|Romance', 0);
insert into codetube.playlist (channel_id, title, video_count) values (35, 'Musical|Romance|War', 0);
insert into codetube.playlist (channel_id, title, video_count) values (68, 'Comedy', 0);
insert into codetube.playlist (channel_id, title, video_count) values (34, 'Documentary', 0);
insert into codetube.playlist (channel_id, title, video_count) values (99, 'Horror|Thriller', 0);
insert into codetube.playlist (channel_id, title, video_count) values (81, 'Animation|War', 0);
insert into codetube.playlist (channel_id, title, video_count) values (27, 'Drama', 0);
insert into codetube.playlist (channel_id, title, video_count) values (62, 'Comedy', 0);
insert into codetube.playlist (channel_id, title, video_count) values (95, 'Drama|Horror', 0);
insert into codetube.playlist (channel_id, title, video_count) values (25, 'Animation|Documentary|Drama|War', 0);
insert into codetube.playlist (channel_id, title, video_count) values (6, 'Drama|Romance', 0);
insert into codetube.playlist (channel_id, title, video_count) values (8, 'Drama', 0);
insert into codetube.playlist (channel_id, title, video_count) values (96, 'Horror', 0);
insert into codetube.playlist (channel_id, title, video_count) values (54, 'Crime|Documentary', 0);
insert into codetube.playlist (channel_id, title, video_count) values (34, 'Comedy|Drama', 0);
insert into codetube.playlist (channel_id, title, video_count) values (99, 'Comedy|Drama', 0);
insert into codetube.playlist (channel_id, title, video_count) values (82, 'Comedy', 0);
insert into codetube.playlist (channel_id, title, video_count) values (12, 'Crime|Drama', 0);
insert into codetube.playlist (channel_id, title, video_count) values (83, 'Comedy', 0);
insert into codetube.playlist (channel_id, title, video_count) values (80, 'Action|Sci-Fi|Thriller', 0);
insert into codetube.playlist (channel_id, title, video_count) values (91, 'Children|Comedy|Fantasy', 0);
insert into codetube.playlist (channel_id, title, video_count) values (54, 'Drama|Romance', 0);
insert into codetube.playlist (channel_id, title, video_count) values (39, 'Documentary|War', 0);
insert into codetube.playlist (channel_id, title, video_count) values (100, 'Drama|Thriller', 0);
insert into codetube.playlist (channel_id, title, video_count) values (21, 'Comedy|Romance', 0);
insert into codetube.playlist (channel_id, title, video_count) values (28, 'Adventure', 0);
insert into codetube.playlist (channel_id, title, video_count) values (50, 'Action|Sci-Fi|Thriller', 0);
insert into codetube.playlist (channel_id, title, video_count) values (75, 'Comedy', 0);
insert into codetube.playlist (channel_id, title, video_count) values (20, 'Drama', 0);
insert into codetube.playlist (channel_id, title, video_count) values (13, 'Adventure|Sci-Fi|Thriller', 0);
insert into codetube.playlist (channel_id, title, video_count) values (15, 'Action|Animation|Drama|War', 0);
insert into codetube.playlist (channel_id, title, video_count) values (55, 'Drama', 0);
insert into codetube.playlist (channel_id, title, video_count) values (64, 'Drama', 0);
insert into codetube.playlist (channel_id, title, video_count) values (58, 'Drama|Mystery|Thriller', 0);
insert into codetube.playlist (channel_id, title, video_count) values (89, 'Adventure|Drama', 0);
insert into codetube.playlist (channel_id, title, video_count) values (42, 'Drama|Romance|War', 0);
insert into codetube.playlist (channel_id, title, video_count) values (69, 'Documentary', 0);
insert into codetube.playlist (channel_id, title, video_count) values (38, 'Drama', 0);
insert into codetube.playlist (channel_id, title, video_count) values (30, 'Drama|Romance', 0);
insert into codetube.playlist (channel_id, title, video_count) values (82, 'Comedy|Romance', 0);
insert into codetube.playlist (channel_id, title, video_count) values (39, 'Drama|Sci-Fi', 0);
insert into codetube.playlist (channel_id, title, video_count) values (8, 'Crime|Film-Noir', 0);
insert into codetube.playlist (channel_id, title, video_count) values (31, 'Adventure|Children|Comedy|Drama|Fantasy', 0);
insert into codetube.playlist (channel_id, title, video_count) values (32, 'Comedy', 0);
insert into codetube.playlist (channel_id, title, video_count) values (56, 'Documentary', 0);
insert into codetube.playlist (channel_id, title, video_count) values (93, 'Adventure|Animation|Comedy', 0);
insert into codetube.playlist (channel_id, title, video_count) values (71, 'Comedy|Drama', 0);
insert into codetube.playlist (channel_id, title, video_count) values (47, '(no genres listed)', 0);
insert into codetube.playlist (channel_id, title, video_count) values (84, 'Drama|Romance', 0);
insert into codetube.playlist (channel_id, title, video_count) values (47, 'Documentary', 0);
insert into codetube.playlist (channel_id, title, video_count) values (38, 'Crime|Drama|Film-Noir|Thriller', 0);
insert into codetube.playlist (channel_id, title, video_count) values (84, 'Comedy|Drama|Fantasy', 0);
insert into codetube.playlist (channel_id, title, video_count) values (42, 'Drama', 0);
insert into codetube.playlist (channel_id, title, video_count) values (38, 'Drama', 0);
insert into codetube.playlist (channel_id, title, video_count) values (21, 'Comedy|Drama', 0);
insert into codetube.playlist (channel_id, title, video_count) values (28, 'Drama|Sci-Fi|Thriller', 0);
insert into codetube.playlist (channel_id, title, video_count) values (97, 'Drama', 0);
insert into codetube.playlist (channel_id, title, video_count) values (30, 'Crime|Drama', 0);
insert into codetube.playlist (channel_id, title, video_count) values (58, 'Crime|Thriller', 0);
insert into codetube.playlist (channel_id, title, video_count) values (6, 'Documentary', 0);
insert into codetube.playlist (channel_id, title, video_count) values (52, 'Adventure|Drama|Thriller', 0);
insert into codetube.playlist (channel_id, title, video_count) values (62, 'Drama|Romance', 0);
insert into codetube.playlist (channel_id, title, video_count) values (2, 'Comedy', 0);
insert into codetube.playlist (channel_id, title, video_count) values (66, 'Drama|Romance|War', 0);
insert into codetube.playlist (channel_id, title, video_count) values (5, 'Drama', 0);
insert into codetube.playlist (channel_id, title, video_count) values (43, 'Drama|War', 0);
insert into codetube.playlist (channel_id, title, video_count) values (89, 'Crime|Drama', 0);
insert into codetube.playlist (channel_id, title, video_count) values (92, 'Crime|Drama', 0);
insert into codetube.playlist (channel_id, title, video_count) values (22, 'Drama|Romance', 0);
insert into codetube.playlist (channel_id, title, video_count) values (61, 'Drama|Romance', 0);
insert into codetube.playlist (channel_id, title, video_count) values (82, 'Musical', 0);
insert into codetube.playlist (channel_id, title, video_count) values (20, 'Thriller', 0);
insert into codetube.playlist (channel_id, title, video_count) values (25, 'Action|Drama', 0);
insert into codetube.playlist (channel_id, title, video_count) values (11, 'Action|Comedy', 0);
insert into codetube.playlist (channel_id, title, video_count) values (27, 'Drama', 0);
insert into codetube.playlist (channel_id, title, video_count) values (19, 'Documentary', 0);
insert into codetube.playlist (channel_id, title, video_count) values (36, 'Horror|Mystery|Thriller', 0);
insert into codetube.playlist (channel_id, title, video_count) values (48, '(no genres listed)', 0);
insert into codetube.playlist (channel_id, title, video_count) values (60, 'Comedy|Musical|Romance', 0);
insert into codetube.playlist (channel_id, title, video_count) values (52, 'Drama|Romance', 0);
insert into codetube.playlist (channel_id, title, video_count) values (32, 'Action|Crime|Thriller', 0);
insert into codetube.playlist (channel_id, title, video_count) values (50, 'Drama|Romance', 0);
insert into codetube.playlist (channel_id, title, video_count) values (85, 'Drama|Romance', 0);
insert into codetube.playlist (channel_id, title, video_count) values (22, 'Comedy|Crime|Mystery', 0);
insert into codetube.playlist (channel_id, title, video_count) values (16, 'Comedy|Fantasy|Thriller', 0);
insert into codetube.playlist (channel_id, title, video_count) values (69, '(no genres listed)', 0);
insert into codetube.playlist (channel_id, title, video_count) values (100, 'Drama', 0);
insert into codetube.playlist (channel_id, title, video_count) values (94, 'Documentary', 0);
insert into codetube.playlist (channel_id, title, video_count) values (11, 'Comedy|Romance', 0);
insert into codetube.playlist (channel_id, title, video_count) values (86, 'Documentary', 0);
insert into codetube.playlist (channel_id, title, video_count) values (55, 'Action|Adventure|Comedy|Fantasy|Mystery', 0);
insert into codetube.playlist (channel_id, title, video_count) values (69, 'Drama|Horror|Mystery|Thriller', 0);
insert into codetube.playlist (channel_id, title, video_count) values (44, 'Action|Comedy|Romance', 0);
insert into codetube.playlist (channel_id, title, video_count) values (98, 'Drama|Mystery|Thriller', 0);
insert into codetube.playlist (channel_id, title, video_count) values (97, 'Drama', 0);
insert into codetube.playlist (channel_id, title, video_count) values (88, 'Documentary', 0);
insert into codetube.playlist (channel_id, title, video_count) values (24, 'Adventure|Drama', 0);
insert into codetube.playlist (channel_id, title, video_count) values (91, 'Comedy|Crime|Drama|Mystery', 0);
insert into codetube.playlist (channel_id, title, video_count) values (61, 'Action|Crime|Drama|Thriller', 0);
insert into codetube.playlist (channel_id, title, video_count) values (52, 'Comedy', 0);
insert into codetube.playlist (channel_id, title, video_count) values (55, 'Documentary|Romance', 0);
insert into codetube.playlist (channel_id, title, video_count) values (61, 'Comedy|Horror', 0);
insert into codetube.playlist (channel_id, title, video_count) values (7, 'Comedy|Drama|Romance', 0);
insert into codetube.playlist (channel_id, title, video_count) values (24, '(no genres listed)', 0);
insert into codetube.playlist (channel_id, title, video_count) values (21, 'Film-Noir|Thriller', 0);
insert into codetube.playlist (channel_id, title, video_count) values (55, 'Adventure|Western', 0);
insert into codetube.playlist (channel_id, title, video_count) values (55, 'Drama', 0);
insert into codetube.playlist (channel_id, title, video_count) values (69, 'Animation|Sci-Fi', 0);
insert into codetube.playlist (channel_id, title, video_count) values (56, 'Comedy|Drama', 0);
insert into codetube.playlist (channel_id, title, video_count) values (29, 'Drama|Fantasy', 0);
insert into codetube.playlist (channel_id, title, video_count) values (2, 'Drama|Fantasy', 0);
insert into codetube.playlist (channel_id, title, video_count) values (73, 'Drama', 0);
insert into codetube.playlist (channel_id, title, video_count) values (36, 'Comedy|Musical|Romance', 0);
insert into codetube.playlist (channel_id, title, video_count) values (88, 'Action|Adventure|Crime|Thriller', 0);
insert into codetube.playlist (channel_id, title, video_count) values (23, 'Documentary', 0);
insert into codetube.playlist (channel_id, title, video_count) values (13, 'Mystery|Thriller', 0);
insert into codetube.playlist (channel_id, title, video_count) values (96, 'Comedy|Drama|Romance', 0);
insert into codetube.playlist (channel_id, title, video_count) values (30, 'Comedy', 0);
insert into codetube.playlist (channel_id, title, video_count) values (67, 'Comedy|Romance', 0);
insert into codetube.playlist (channel_id, title, video_count) values (61, 'Documentary', 0);
insert into codetube.playlist (channel_id, title, video_count) values (34, 'Action|Comedy|Drama', 0);
insert into codetube.playlist (channel_id, title, video_count) values (73, 'Adventure|Animation|Children|Comedy|Sci-Fi', 0);
insert into codetube.playlist (channel_id, title, video_count) values (62, 'Drama|Romance', 0);
insert into codetube.playlist (channel_id, title, video_count) values (63, 'Documentary', 0);
insert into codetube.playlist (channel_id, title, video_count) values (64, 'Horror', 0);
insert into codetube.playlist (channel_id, title, video_count) values (74, 'Crime|Drama', 0);
insert into codetube.playlist (channel_id, title, video_count) values (86, 'Drama', 0);
insert into codetube.playlist (channel_id, title, video_count) values (53, 'Action|Drama|Romance|Sci-Fi', 0);
insert into codetube.playlist (channel_id, title, video_count) values (5, 'Thriller', 0);
insert into codetube.playlist (channel_id, title, video_count) values (11, 'Horror', 0);
insert into codetube.playlist (channel_id, title, video_count) values (37, 'Action|Adventure|Mystery|Romance', 0);
insert into codetube.playlist (channel_id, title, video_count) values (67, 'Comedy|Drama', 0);
insert into codetube.playlist (channel_id, title, video_count) values (67, 'Drama', 0);
insert into codetube.playlist (channel_id, title, video_count) values (34, 'Comedy|Drama|Romance', 0);
insert into codetube.playlist (channel_id, title, video_count) values (72, 'Comedy|Drama', 0);
insert into codetube.playlist (channel_id, title, video_count) values (56, 'Action|Adventure|Fantasy|Sci-Fi', 0);
insert into codetube.playlist (channel_id, title, video_count) values (100, 'Drama', 0);
insert into codetube.playlist (channel_id, title, video_count) values (25, 'Documentary|War', 0);
insert into codetube.playlist (channel_id, title, video_count) values (95, 'Drama', 0);
insert into codetube.playlist (channel_id, title, video_count) values (30, 'Drama', 0);
insert into codetube.playlist (channel_id, title, video_count) values (93, 'Drama', 0);
insert into codetube.playlist (channel_id, title, video_count) values (18, 'Drama', 0);
insert into codetube.playlist (channel_id, title, video_count) values (94, 'Drama', 0);
insert into codetube.playlist (channel_id, title, video_count) values (34, 'Drama|Thriller', 0);
insert into codetube.playlist (channel_id, title, video_count) values (9, 'Crime|Horror', 0);
insert into codetube.playlist (channel_id, title, video_count) values (6, 'Crime|Drama|Mystery|Thriller', 0);
insert into codetube.playlist (channel_id, title, video_count) values (2, 'Animation|Comedy|Musical', 0);
insert into codetube.playlist (channel_id, title, video_count) values (28, 'Comedy|Drama|Romance', 0);
insert into codetube.playlist (channel_id, title, video_count) values (20, 'Comedy|Horror|Thriller', 0);
insert into codetube.playlist (channel_id, title, video_count) values (43, 'Comedy|Crime|Thriller', 0);
insert into codetube.playlist (channel_id, title, video_count) values (28, 'Crime|Drama|Thriller|War', 0);
insert into codetube.playlist (channel_id, title, video_count) values (21, 'Drama|Romance', 0);
insert into codetube.playlist (channel_id, title, video_count) values (67, 'Comedy|Romance', 0);
insert into codetube.playlist (channel_id, title, video_count) values (96, 'Comedy|Fantasy|Romance', 0);
insert into codetube.playlist (channel_id, title, video_count) values (17, 'Comedy|Horror', 0);
insert into codetube.playlist (channel_id, title, video_count) values (57, 'Drama', 0);
insert into codetube.playlist (channel_id, title, video_count) values (6, 'Drama|Romance', 0);
insert into codetube.playlist (channel_id, title, video_count) values (65, 'Comedy|Drama', 0);
insert into codetube.playlist (channel_id, title, video_count) values (23, 'Comedy|Drama|Romance', 0);
insert into codetube.playlist (channel_id, title, video_count) values (68, 'Comedy', 0);
insert into codetube.playlist (channel_id, title, video_count) values (67, 'Crime|Drama', 0);
insert into codetube.playlist (channel_id, title, video_count) values (23, 'Comedy', 0);
insert into codetube.playlist (channel_id, title, video_count) values (23, 'Documentary', 0);
insert into codetube.playlist (channel_id, title, video_count) values (31, 'Action|Mystery', 0);
insert into codetube.playlist (channel_id, title, video_count) values (85, 'Children|Drama', 0);
insert into codetube.playlist (channel_id, title, video_count) values (43, 'Comedy|Romance', 0);
insert into codetube.playlist (channel_id, title, video_count) values (82, 'Comedy', 0);
insert into codetube.playlist (channel_id, title, video_count) values (63, 'Drama', 0);
insert into codetube.playlist (channel_id, title, video_count) values (6, '(no genres listed)', 0);
insert into codetube.playlist (channel_id, title, video_count) values (16, 'Drama|Romance', 0);
insert into codetube.playlist (channel_id, title, video_count) values (45, 'Comedy|Drama|War', 0);
insert into codetube.playlist (channel_id, title, video_count) values (56, 'Comedy', 0);
insert into codetube.playlist (channel_id, title, video_count) values (59, 'Drama', 0);
insert into codetube.playlist (channel_id, title, video_count) values (95, 'Adventure|Children', 0);
insert into codetube.playlist (channel_id, title, video_count) values (26, 'Comedy|Drama|Romance', 0);
insert into codetube.playlist (channel_id, title, video_count) values (28, 'Drama|Romance', 0);
insert into codetube.playlist (channel_id, title, video_count) values (91, 'Drama', 0);
insert into codetube.playlist (channel_id, title, video_count) values (62, 'Drama|Fantasy|Musical', 0);
insert into codetube.playlist (channel_id, title, video_count) values (85, 'Crime|Drama|Thriller', 0);
insert into codetube.playlist (channel_id, title, video_count) values (38, 'Drama|War', 0);
insert into codetube.playlist (channel_id, title, video_count) values (46, 'Horror', 0);
insert into codetube.playlist (channel_id, title, video_count) values (21, 'Drama', 0);
insert into codetube.playlist (channel_id, title, video_count) values (6, 'Drama|War', 0);
insert into codetube.playlist (channel_id, title, video_count) values (51, 'Comedy|Drama|Romance', 0);
insert into codetube.playlist (channel_id, title, video_count) values (38, 'Comedy|Musical', 0);
insert into codetube.playlist (channel_id, title, video_count) values (87, 'Drama', 0);
insert into codetube.playlist (channel_id, title, video_count) values (75, 'Drama', 0);
insert into codetube.playlist (channel_id, title, video_count) values (73, 'Drama', 0);
insert into codetube.playlist (channel_id, title, video_count) values (52, 'Documentary', 0);
insert into codetube.playlist (channel_id, title, video_count) values (56, 'Crime|Film-Noir|Mystery|Thriller', 0);
insert into codetube.playlist (channel_id, title, video_count) values (69, 'Action|Crime|Drama', 0);
insert into codetube.playlist (channel_id, title, video_count) values (2, 'Comedy|Crime', 0);
insert into codetube.playlist (channel_id, title, video_count) values (28, 'Documentary', 0);
insert into codetube.playlist (channel_id, title, video_count) values (8, 'Comedy', 0);
insert into codetube.playlist (channel_id, title, video_count) values (16, 'Crime|Thriller', 0);
insert into codetube.playlist (channel_id, title, video_count) values (66, 'Adventure|Comedy|Documentary', 0);
insert into codetube.playlist (channel_id, title, video_count) values (12, 'Comedy|Fantasy|Romance', 0);
insert into codetube.playlist (channel_id, title, video_count) values (62, 'Horror|Sci-Fi', 0);
insert into codetube.playlist (channel_id, title, video_count) values (14, 'Animation|Comedy', 0);
insert into codetube.playlist (channel_id, title, video_count) values (23, 'Drama', 0);
insert into codetube.playlist (channel_id, title, video_count) values (17, 'Action|Adventure|Comedy|Sci-Fi|Thriller', 0);
insert into codetube.playlist (channel_id, title, video_count) values (5, 'Horror', 0);
insert into codetube.playlist (channel_id, title, video_count) values (2, 'Comedy', 0);
insert into codetube.playlist (channel_id, title, video_count) values (44, 'Horror', 0);
insert into codetube.playlist (channel_id, title, video_count) values (21, 'Drama', 0);
insert into codetube.playlist (channel_id, title, video_count) values (38, 'Documentary', 0);
insert into codetube.playlist (channel_id, title, video_count) values (66, 'Comedy|Fantasy|Romance|Thriller', 0);
insert into codetube.playlist (channel_id, title, video_count) values (43, 'Drama', 0);
insert into codetube.playlist (channel_id, title, video_count) values (37, 'Action|Crime|Drama', 0);
insert into codetube.playlist (channel_id, title, video_count) values (96, 'Crime|Mystery|Thriller', 0);
insert into codetube.playlist (channel_id, title, video_count) values (59, 'Comedy|Drama', 0);
insert into codetube.playlist (channel_id, title, video_count) values (11, 'Horror', 0);
insert into codetube.playlist (channel_id, title, video_count) values (19, 'Horror|Mystery|Thriller', 0);
insert into codetube.playlist (channel_id, title, video_count) values (96, 'Adventure|Comedy|Musical', 0);
insert into codetube.playlist (channel_id, title, video_count) values (90, 'Sci-Fi', 0);
insert into codetube.playlist (channel_id, title, video_count) values (37, 'Drama|Romance|War', 0);
insert into codetube.playlist (channel_id, title, video_count) values (86, 'Crime|Drama', 0);
insert into codetube.playlist (channel_id, title, video_count) values (91, 'Drama', 0);
insert into codetube.playlist (channel_id, title, video_count) values (59, 'Comedy|Drama', 0);
insert into codetube.playlist (channel_id, title, video_count) values (87, 'Drama', 0);
insert into codetube.playlist (channel_id, title, video_count) values (11, 'Crime|Drama|Fantasy|Film-Noir|Mystery|Romance', 0);
insert into codetube.playlist (channel_id, title, video_count) values (68, 'Comedy', 0);
insert into codetube.playlist (channel_id, title, video_count) values (58, 'Horror|Thriller', 0);
insert into codetube.playlist (channel_id, title, video_count) values (77, 'Horror|Thriller', 0);
insert into codetube.playlist (channel_id, title, video_count) values (92, 'Drama|Romance', 0);
insert into codetube.playlist (channel_id, title, video_count) values (78, 'Drama', 0);
insert into codetube.playlist (channel_id, title, video_count) values (71, 'Crime|Drama|Thriller', 0);
insert into codetube.playlist (channel_id, title, video_count) values (31, 'Comedy|Drama', 0);
insert into codetube.playlist (channel_id, title, video_count) values (18, 'Action|Adventure|Animation|Drama|Fantasy', 0);
insert into codetube.playlist (channel_id, title, video_count) values (17, 'Comedy', 0);
insert into codetube.playlist (channel_id, title, video_count) values (84, 'Animation', 0);
insert into codetube.playlist (channel_id, title, video_count) values (76, 'Drama|War', 0);
insert into codetube.playlist (channel_id, title, video_count) values (77, 'Comedy', 0);
insert into codetube.playlist (channel_id, title, video_count) values (6, 'Documentary|Drama|Thriller', 0);
insert into codetube.playlist (channel_id, title, video_count) values (61, 'Comedy|Crime|Drama', 0);
insert into codetube.playlist (channel_id, title, video_count) values (73, 'Action|Adventure|Crime|Drama|Sci-Fi|Thriller|War', 0);
insert into codetube.playlist (channel_id, title, video_count) values (56, 'Drama|Mystery', 0);
insert into codetube.playlist (channel_id, title, video_count) values (84, 'Drama', 0);
insert into codetube.playlist (channel_id, title, video_count) values (59, 'Horror', 0);
insert into codetube.playlist (channel_id, title, video_count) values (92, 'Crime|Drama|Film-Noir|Mystery', 0);
insert into codetube.playlist (channel_id, title, video_count) values (96, 'Comedy|Sci-Fi', 0);
insert into codetube.playlist (channel_id, title, video_count) values (32, 'Action|Crime|Drama', 0);
insert into codetube.playlist (channel_id, title, video_count) values (90, 'Action|Comedy', 0);
insert into codetube.playlist (channel_id, title, video_count) values (95, 'Musical|Sci-Fi', 0);
insert into codetube.playlist (channel_id, title, video_count) values (33, 'Drama', 0);
insert into codetube.playlist (channel_id, title, video_count) values (1, 'Action|Sci-Fi', 0);
insert into codetube.playlist (channel_id, title, video_count) values (51, 'Action|Adventure|Crime|Sci-Fi|Thriller', 0);
insert into codetube.playlist (channel_id, title, video_count) values (29, 'Drama', 0);
insert into codetube.playlist (channel_id, title, video_count) values (34, 'Comedy|Drama|Romance', 0);
insert into codetube.playlist (channel_id, title, video_count) values (18, 'Action|Horror', 0);
insert into codetube.playlist (channel_id, title, video_count) values (30, 'Action', 0);
insert into codetube.playlist (channel_id, title, video_count) values (92, 'Action|Drama|Thriller', 0);
insert into codetube.playlist (channel_id, title, video_count) values (6, 'Comedy|Fantasy|Musical', 0);
insert into codetube.playlist (channel_id, title, video_count) values (20, 'Comedy|Drama', 0);
insert into codetube.playlist (channel_id, title, video_count) values (7, 'Drama', 0);
insert into codetube.playlist (channel_id, title, video_count) values (63, 'Action|Crime|Thriller', 0);
insert into codetube.playlist (channel_id, title, video_count) values (63, 'Drama|Romance', 0);
insert into codetube.playlist (channel_id, title, video_count) values (3, 'Action|Children|Drama', 0);
insert into codetube.playlist (channel_id, title, video_count) values (15, 'Comedy|Romance', 0);
insert into codetube.playlist (channel_id, title, video_count) values (15, 'Adventure|Comedy|Crime|Fantasy', 0);
insert into codetube.playlist (channel_id, title, video_count) values (64, 'Adventure|Comedy', 0);
insert into codetube.playlist (channel_id, title, video_count) values (68, 'Action|Thriller', 0);
insert into codetube.playlist (channel_id, title, video_count) values (90, 'Musical|Romance', 0);
insert into codetube.playlist (channel_id, title, video_count) values (17, 'Documentary', 0);
insert into codetube.playlist (channel_id, title, video_count) values (8, 'Comedy', 0);
insert into codetube.playlist (channel_id, title, video_count) values (82, 'Drama', 0);
insert into codetube.playlist (channel_id, title, video_count) values (24, 'Animation|Children|Comedy', 0);
insert into codetube.playlist (channel_id, title, video_count) values (67, 'Drama|Horror|Thriller', 0);
insert into codetube.playlist (channel_id, title, video_count) values (21, 'Action|Adventure', 0);
insert into codetube.playlist (channel_id, title, video_count) values (22, 'Comedy|Drama', 0);
insert into codetube.playlist (channel_id, title, video_count) values (29, 'Comedy', 0);
insert into codetube.playlist (channel_id, title, video_count) values (45, 'Adventure|Comedy|Sci-Fi', 0);
insert into codetube.playlist (channel_id, title, video_count) values (83, 'Action|Drama|War', 0);
insert into codetube.playlist (channel_id, title, video_count) values (56, 'Drama|Romance', 0);
insert into codetube.playlist (channel_id, title, video_count) values (28, 'Drama', 0);
insert into codetube.playlist (channel_id, title, video_count) values (96, 'Drama|Fantasy|Horror', 0);
insert into codetube.playlist (channel_id, title, video_count) values (51, 'Action|Thriller', 0);
insert into codetube.playlist (channel_id, title, video_count) values (11, 'Drama', 0);
insert into codetube.playlist (channel_id, title, video_count) values (7, 'Thriller', 0);
insert into codetube.playlist (channel_id, title, video_count) values (58, 'Horror|Mystery|Thriller', 0);
insert into codetube.playlist (channel_id, title, video_count) values (55, 'Drama|Film-Noir', 0);
insert into codetube.playlist (channel_id, title, video_count) values (47, 'Drama', 0);
insert into codetube.playlist (channel_id, title, video_count) values (19, 'Comedy|Horror', 0);
insert into codetube.playlist (channel_id, title, video_count) values (9, 'Horror|Sci-Fi', 0);
insert into codetube.playlist (channel_id, title, video_count) values (15, 'Comedy', 0);
insert into codetube.playlist (channel_id, title, video_count) values (81, 'Horror', 0);
insert into codetube.playlist (channel_id, title, video_count) values (47, 'Drama', 0);
insert into codetube.playlist (channel_id, title, video_count) values (32, 'Action|Comedy|Thriller', 0);
insert into codetube.playlist (channel_id, title, video_count) values (36, 'Drama', 0);
insert into codetube.playlist (channel_id, title, video_count) values (35, 'Drama', 0);
insert into codetube.playlist (channel_id, title, video_count) values (79, 'Drama', 0);
insert into codetube.playlist (channel_id, title, video_count) values (12, 'Comedy|Romance', 0);
insert into codetube.playlist (channel_id, title, video_count) values (38, 'Adventure|Animation|Children', 0);
insert into codetube.playlist (channel_id, title, video_count) values (88, 'Comedy|Drama', 0);
insert into codetube.playlist (channel_id, title, video_count) values (50, 'Drama|Romance', 0);
insert into codetube.playlist (channel_id, title, video_count) values (76, 'Comedy', 0);
insert into codetube.playlist (channel_id, title, video_count) values (35, 'Drama', 0);
insert into codetube.playlist (channel_id, title, video_count) values (46, 'Comedy|Drama', 0);
insert into codetube.playlist (channel_id, title, video_count) values (58, 'Comedy|Thriller', 0);
insert into codetube.playlist (channel_id, title, video_count) values (82, 'Drama', 0);
insert into codetube.playlist (channel_id, title, video_count) values (74, 'Documentary', 0);
insert into codetube.playlist (channel_id, title, video_count) values (80, 'Documentary', 0);
insert into codetube.playlist (channel_id, title, video_count) values (51, 'Comedy|Horror', 0);
insert into codetube.playlist (channel_id, title, video_count) values (13, 'Comedy|Drama|Romance', 0);
insert into codetube.playlist (channel_id, title, video_count) values (44, 'Western', 0);
insert into codetube.playlist (channel_id, title, video_count) values (27, 'Crime|Drama', 0);
insert into codetube.playlist (channel_id, title, video_count) values (60, 'Thriller', 0);
insert into codetube.playlist (channel_id, title, video_count) values (64, 'Documentary', 0);
insert into codetube.playlist (channel_id, title, video_count) values (12, 'Action|Thriller', 0);
insert into codetube.playlist (channel_id, title, video_count) values (96, 'Drama|Romance', 0);
insert into codetube.playlist (channel_id, title, video_count) values (6, 'Comedy|Romance', 0);
insert into codetube.playlist (channel_id, title, video_count) values (78, 'Comedy|Drama|Romance', 0);
insert into codetube.playlist (channel_id, title, video_count) values (94, 'Drama|Romance', 0);
insert into codetube.playlist (channel_id, title, video_count) values (44, 'Comedy|Drama|Romance', 0);
insert into codetube.playlist (channel_id, title, video_count) values (7, 'Drama', 0);
insert into codetube.playlist (channel_id, title, video_count) values (99, 'Adventure|Animation', 0);
insert into codetube.playlist (channel_id, title, video_count) values (99, 'Comedy|Crime', 0);
insert into codetube.playlist (channel_id, title, video_count) values (72, 'Documentary', 0);
insert into codetube.playlist (channel_id, title, video_count) values (54, 'Drama', 0);
insert into codetube.playlist (channel_id, title, video_count) values (78, 'Drama|Romance|Thriller', 0);
insert into codetube.playlist (channel_id, title, video_count) values (33, 'Horror|Thriller', 0);
insert into codetube.playlist (channel_id, title, video_count) values (45, 'Thriller', 0);
insert into codetube.playlist (channel_id, title, video_count) values (39, 'Comedy|Drama|Fantasy|Romance', 0);
insert into codetube.playlist (channel_id, title, video_count) values (49, 'Documentary', 0);
insert into codetube.playlist (channel_id, title, video_count) values (24, 'Adventure|Animation|Comedy', 0);
insert into codetube.playlist (channel_id, title, video_count) values (82, 'Comedy|Romance', 0);
insert into codetube.playlist (channel_id, title, video_count) values (44, 'Comedy', 0);
insert into codetube.playlist (channel_id, title, video_count) values (43, 'Drama|Romance', 0);
insert into codetube.playlist (channel_id, title, video_count) values (31, 'Drama', 0);
insert into codetube.playlist (channel_id, title, video_count) values (11, 'Comedy|Drama', 0);
insert into codetube.playlist (channel_id, title, video_count) values (1, 'Drama', 0);
insert into codetube.playlist (channel_id, title, video_count) values (25, 'Drama|Romance', 0);
insert into codetube.playlist (channel_id, title, video_count) values (27, 'Drama', 0);
insert into codetube.playlist (channel_id, title, video_count) values (67, 'Action|Thriller', 0);
insert into codetube.playlist (channel_id, title, video_count) values (98, 'Crime|Thriller', 0);
insert into codetube.playlist (channel_id, title, video_count) values (67, 'Comedy|Drama', 0);
insert into codetube.playlist (channel_id, title, video_count) values (7, 'Documentary', 0);
insert into codetube.playlist (channel_id, title, video_count) values (92, 'Drama|Fantasy|Mystery|Romance|Sci-Fi', 0);
insert into codetube.playlist (channel_id, title, video_count) values (96, 'Drama|Romance', 0);
insert into codetube.playlist (channel_id, title, video_count) values (90, 'Adventure|Comedy', 0);
insert into codetube.playlist (channel_id, title, video_count) values (80, 'Comedy', 0);
insert into codetube.playlist (channel_id, title, video_count) values (93, 'Drama', 0);
insert into codetube.playlist (channel_id, title, video_count) values (2, 'Crime|Drama', 0);
insert into codetube.playlist (channel_id, title, video_count) values (69, 'Drama|Thriller', 0);
insert into codetube.playlist (channel_id, title, video_count) values (25, 'Drama', 0);
insert into codetube.playlist (channel_id, title, video_count) values (89, 'Horror|Mystery', 0);
insert into codetube.playlist (channel_id, title, video_count) values (76, 'Comedy|Crime|Drama|War', 0);
insert into codetube.playlist (channel_id, title, video_count) values (79, 'Drama', 0);
insert into codetube.playlist (channel_id, title, video_count) values (12, 'Comedy|Horror', 0);
insert into codetube.playlist (channel_id, title, video_count) values (22, 'Documentary|Thriller', 0);
insert into codetube.playlist (channel_id, title, video_count) values (74, 'Children|Comedy|Fantasy', 0);
insert into codetube.playlist (channel_id, title, video_count) values (74, 'Drama|Romance', 0);
insert into codetube.playlist (channel_id, title, video_count) values (67, 'Documentary', 0);
insert into codetube.playlist (channel_id, title, video_count) values (97, 'Drama|Thriller', 0);
insert into codetube.playlist (channel_id, title, video_count) values (53, 'Comedy', 0);
insert into codetube.playlist (channel_id, title, video_count) values (25, 'Drama', 0);
insert into codetube.playlist (channel_id, title, video_count) values (47, 'Comedy|Drama', 0);
insert into codetube.playlist (channel_id, title, video_count) values (9, 'Comedy', 0);
insert into codetube.playlist (channel_id, title, video_count) values (61, 'Comedy', 0);
insert into codetube.playlist (channel_id, title, video_count) values (30, 'Comedy|Drama|Musical', 0);
insert into codetube.playlist (channel_id, title, video_count) values (67, 'Comedy|Sci-Fi', 0);
insert into codetube.playlist (channel_id, title, video_count) values (57, 'Comedy', 0);
insert into codetube.playlist (channel_id, title, video_count) values (15, 'Drama|Thriller', 0);
insert into codetube.playlist (channel_id, title, video_count) values (14, 'Sci-Fi', 0);
insert into codetube.playlist (channel_id, title, video_count) values (15, '(no genres listed)', 0);
insert into codetube.playlist (channel_id, title, video_count) values (13, 'Adventure|Animation|Children|Comedy|Fantasy|IMAX', 0);
insert into codetube.playlist (channel_id, title, video_count) values (9, 'Comedy|Romance', 0);
insert into codetube.playlist (channel_id, title, video_count) values (56, 'Drama|Thriller', 0);
insert into codetube.playlist (channel_id, title, video_count) values (14, 'Comedy', 0);
insert into codetube.playlist (channel_id, title, video_count) values (34, 'Documentary', 0);
insert into codetube.playlist (channel_id, title, video_count) values (75, 'Adventure|Animation|Drama|Sci-Fi|War', 0);
insert into codetube.playlist (channel_id, title, video_count) values (40, 'Adventure|Animation|Children|Drama', 0);
insert into codetube.playlist (channel_id, title, video_count) values (17, 'Crime|Drama|Thriller', 0);
insert into codetube.playlist (channel_id, title, video_count) values (87, 'Drama', 0);
insert into codetube.playlist (channel_id, title, video_count) values (32, 'Comedy', 0);
insert into codetube.playlist (channel_id, title, video_count) values (74, 'Comedy|Romance', 0);
insert into codetube.playlist (channel_id, title, video_count) values (81, 'Documentary|Musical', 0);
insert into codetube.playlist (channel_id, title, video_count) values (88, 'Comedy|Drama', 0);
insert into codetube.playlist (channel_id, title, video_count) values (10, 'Crime|Drama|Thriller', 0);
insert into codetube.playlist (channel_id, title, video_count) values (59, 'Drama|Romance', 0);
insert into codetube.playlist (channel_id, title, video_count) values (10, 'Comedy', 0);
insert into codetube.playlist (channel_id, title, video_count) values (18, 'Crime|Drama|Horror', 0);
insert into codetube.playlist (channel_id, title, video_count) values (6, 'Comedy|Drama', 0);
insert into codetube.playlist (channel_id, title, video_count) values (55, 'Adventure|Comedy|Sci-Fi|Thriller', 0);
insert into codetube.playlist (channel_id, title, video_count) values (22, 'Action|Comedy', 0);
insert into codetube.playlist (channel_id, title, video_count) values (16, 'Documentary|Musical', 0);
insert into codetube.playlist (channel_id, title, video_count) values (98, 'Musical|Western', 0);
insert into codetube.playlist (channel_id, title, video_count) values (43, 'Crime|Drama|Film-Noir|Romance', 0);
insert into codetube.playlist (channel_id, title, video_count) values (26, 'Drama|Romance|War', 0);
insert into codetube.playlist (channel_id, title, video_count) values (30, 'Animation|Children', 0);
insert into codetube.playlist (channel_id, title, video_count) values (78, 'Action|Adventure|Drama', 0);
insert into codetube.playlist (channel_id, title, video_count) values (30, 'Documentary', 0);
insert into codetube.playlist (channel_id, title, video_count) values (93, 'Comedy|Romance', 0);
insert into codetube.playlist (channel_id, title, video_count) values (94, 'Drama|Romance', 0);
insert into codetube.playlist (channel_id, title, video_count) values (24, 'Documentary', 0);
insert into codetube.playlist (channel_id, title, video_count) values (1, 'Comedy', 0);
insert into codetube.playlist (channel_id, title, video_count) values (68, 'Drama', 0);
insert into codetube.playlist (channel_id, title, video_count) values (22, 'Drama', 0);
insert into codetube.playlist (channel_id, title, video_count) values (50, 'Drama|War', 0);
insert into codetube.playlist (channel_id, title, video_count) values (68, 'Adventure|Comedy|Crime|Drama', 0);
insert into codetube.playlist (channel_id, title, video_count) values (12, 'Documentary|Musical', 0);
insert into codetube.playlist (channel_id, title, video_count) values (1, 'Drama', 0);
insert into codetube.playlist (channel_id, title, video_count) values (43, 'Drama', 0);
insert into codetube.playlist (channel_id, title, video_count) values (22, 'Comedy|Drama', 0);
insert into codetube.playlist (channel_id, title, video_count) values (14, 'Comedy', 0);
insert into codetube.playlist (channel_id, title, video_count) values (53, 'Drama', 0);
insert into codetube.playlist (channel_id, title, video_count) values (30, 'Comedy|Drama|Romance', 0);
insert into codetube.playlist (channel_id, title, video_count) values (92, 'Comedy|Horror', 0);
insert into codetube.playlist (channel_id, title, video_count) values (14, 'Drama|Romance', 0);
insert into codetube.playlist (channel_id, title, video_count) values (67, 'Crime|Drama', 0);
insert into codetube.playlist (channel_id, title, video_count) values (23, 'Comedy|Fantasy|Horror', 0);
insert into codetube.playlist (channel_id, title, video_count) values (83, 'Crime|Drama|Thriller', 0);
insert into codetube.playlist (channel_id, title, video_count) values (81, 'Action|Western', 0);
insert into codetube.playlist (channel_id, title, video_count) values (68, 'Thriller', 0);
insert into codetube.playlist (channel_id, title, video_count) values (16, 'Crime|Horror|Mystery|Sci-Fi|Thriller', 0);
insert into codetube.playlist (channel_id, title, video_count) values (49, 'Drama|Musical|Romance', 0);
insert into codetube.playlist (channel_id, title, video_count) values (63, 'Drama|War', 0);
insert into codetube.playlist (channel_id, title, video_count) values (4, 'Drama', 0);
insert into codetube.playlist (channel_id, title, video_count) values (26, 'Drama', 0);
insert into codetube.playlist (channel_id, title, video_count) values (65, 'Adventure|Drama|IMAX', 0);
insert into codetube.playlist (channel_id, title, video_count) values (23, 'Drama|Romance', 0);
insert into codetube.playlist (channel_id, title, video_count) values (4, 'Western', 0);
insert into codetube.playlist (channel_id, title, video_count) values (17, 'Drama|Fantasy', 0);
insert into codetube.playlist (channel_id, title, video_count) values (44, 'Horror|Thriller', 0);
insert into codetube.playlist (channel_id, title, video_count) values (86, 'Comedy|Romance', 0);
insert into codetube.playlist (channel_id, title, video_count) values (84, 'Comedy|Drama', 0);
insert into codetube.playlist (channel_id, title, video_count) values (44, 'Comedy|Drama|Romance', 0);
insert into codetube.playlist (channel_id, title, video_count) values (41, 'Drama', 0);
insert into codetube.playlist (channel_id, title, video_count) values (93, 'Documentary', 0);
insert into codetube.playlist (channel_id, title, video_count) values (85, 'Action|Drama|Thriller', 0);
insert into codetube.playlist (channel_id, title, video_count) values (84, 'Documentary', 0);
insert into codetube.playlist (channel_id, title, video_count) values (11, 'Comedy|Drama', 0);
insert into codetube.playlist (channel_id, title, video_count) values (65, 'Crime|Sci-Fi', 0);
insert into codetube.playlist (channel_id, title, video_count) values (15, 'Action|Romance|Sci-Fi', 0);
insert into codetube.playlist (channel_id, title, video_count) values (64, 'Comedy|Crime|Drama', 0);
insert into codetube.playlist (channel_id, title, video_count) values (40, 'Adventure|Animation|Children|Comedy', 0);
insert into codetube.playlist (channel_id, title, video_count) values (79, 'Drama|Romance', 0);
insert into codetube.playlist (channel_id, title, video_count) values (76, 'Adventure|Horror|Sci-Fi|Thriller', 0);
insert into codetube.playlist (channel_id, title, video_count) values (31, 'Comedy', 0);
insert into codetube.playlist (channel_id, title, video_count) values (36, 'Documentary', 0);
insert into codetube.playlist (channel_id, title, video_count) values (11, 'Action|Thriller', 0);
insert into codetube.playlist (channel_id, title, video_count) values (64, 'Crime|Drama|Thriller', 0);
insert into codetube.playlist (channel_id, title, video_count) values (83, 'Crime|Film-Noir', 0);
insert into codetube.playlist (channel_id, title, video_count) values (31, 'Documentary', 0);
insert into codetube.playlist (channel_id, title, video_count) values (55, 'Drama', 0);
insert into codetube.playlist (channel_id, title, video_count) values (83, 'Comedy', 0);
insert into codetube.playlist (channel_id, title, video_count) values (95, 'Documentary', 0);
insert into codetube.playlist (channel_id, title, video_count) values (42, 'Horror', 0);
insert into codetube.playlist (channel_id, title, video_count) values (64, 'Comedy|Documentary', 0);
insert into codetube.playlist (channel_id, title, video_count) values (50, 'Documentary', 0);
insert into codetube.playlist (channel_id, title, video_count) values (88, 'Drama', 0);
insert into codetube.playlist (channel_id, title, video_count) values (18, 'Drama|Romance', 0);
insert into codetube.playlist (channel_id, title, video_count) values (27, 'Comedy|Romance', 0);
insert into codetube.playlist (channel_id, title, video_count) values (94, 'Action', 0);
insert into codetube.playlist (channel_id, title, video_count) values (19, 'Documentary', 0);
insert into codetube.playlist (channel_id, title, video_count) values (4, 'Comedy|Drama|Romance', 0);
insert into codetube.playlist (channel_id, title, video_count) values (11, 'Comedy', 0);
insert into codetube.playlist (channel_id, title, video_count) values (1, 'Drama', 0);
insert into codetube.playlist (channel_id, title, video_count) values (33, 'Comedy', 0);
insert into codetube.playlist (channel_id, title, video_count) values (52, 'Action|Comedy|Thriller', 0);
insert into codetube.playlist (channel_id, title, video_count) values (1, 'Comedy|Drama|Romance', 0);
insert into codetube.playlist (channel_id, title, video_count) values (70, 'Drama', 0);
insert into codetube.playlist (channel_id, title, video_count) values (63, 'Crime|Mystery', 0);
insert into codetube.playlist (channel_id, title, video_count) values (32, 'Drama|Romance|Thriller', 0);
insert into codetube.playlist (channel_id, title, video_count) values (48, 'Comedy|Drama', 0);
insert into codetube.playlist (channel_id, title, video_count) values (76, 'Action|Adventure|Animation', 0);
insert into codetube.playlist (channel_id, title, video_count) values (20, 'Drama', 0);
insert into codetube.playlist (channel_id, title, video_count) values (89, 'Documentary', 0);
insert into codetube.playlist (channel_id, title, video_count) values (92, 'Drama', 0);
insert into codetube.playlist (channel_id, title, video_count) values (20, 'Crime|Drama|Thriller', 0);
insert into codetube.playlist (channel_id, title, video_count) values (28, 'Action|Crime|Drama', 0);
insert into codetube.playlist (channel_id, title, video_count) values (75, 'Horror|Mystery|Sci-Fi', 0);
insert into codetube.playlist (channel_id, title, video_count) values (89, 'Western', 0);
insert into codetube.playlist (channel_id, title, video_count) values (9, 'Western', 0);
insert into codetube.playlist (channel_id, title, video_count) values (45, 'Crime|Drama', 0);
insert into codetube.playlist (channel_id, title, video_count) values (21, 'Drama', 0);
insert into codetube.playlist (channel_id, title, video_count) values (30, 'Action|Comedy|Romance', 0);
insert into codetube.playlist (channel_id, title, video_count) values (23, 'Action|Drama|Thriller', 0);
insert into codetube.playlist (channel_id, title, video_count) values (79, 'Drama', 0);
insert into codetube.playlist (channel_id, title, video_count) values (58, 'Animation', 0);
insert into codetube.playlist (channel_id, title, video_count) values (38, 'Comedy', 0);
insert into codetube.playlist (channel_id, title, video_count) values (27, 'Action|Drama|Thriller', 0);
insert into codetube.playlist (channel_id, title, video_count) values (83, 'Comedy|Romance', 0);
insert into codetube.playlist (channel_id, title, video_count) values (72, 'Comedy|Drama', 0);
insert into codetube.playlist (channel_id, title, video_count) values (19, 'Comedy', 0);
insert into codetube.playlist (channel_id, title, video_count) values (18, 'Documentary', 0);
insert into codetube.playlist (channel_id, title, video_count) values (4, 'Sci-Fi', 0);
insert into codetube.playlist (channel_id, title, video_count) values (37, '(no genres listed)', 0);
insert into codetube.playlist (channel_id, title, video_count) values (68, 'Children|Comedy|Fantasy', 0);
insert into codetube.playlist (channel_id, title, video_count) values (58, 'Drama|War', 0);
insert into codetube.playlist (channel_id, title, video_count) values (26, 'Comedy|Mystery|Romance', 0);
insert into codetube.playlist (channel_id, title, video_count) values (17, 'Western', 0);
insert into codetube.playlist (channel_id, title, video_count) values (24, 'Comedy|Crime|Mystery', 0);
insert into codetube.playlist (channel_id, title, video_count) values (88, 'Comedy', 0);
insert into codetube.playlist (channel_id, title, video_count) values (90, 'Drama|Romance', 0);
insert into codetube.playlist (channel_id, title, video_count) values (54, 'Drama|Romance', 0);
insert into codetube.playlist (channel_id, title, video_count) values (77, 'Drama', 0);
insert into codetube.playlist (channel_id, title, video_count) values (71, 'Drama', 0);
insert into codetube.playlist (channel_id, title, video_count) values (77, 'Drama', 0);
insert into codetube.playlist (channel_id, title, video_count) values (82, 'Action|Thriller', 0);
insert into codetube.playlist (channel_id, title, video_count) values (29, 'Crime|Drama', 0);
insert into codetube.playlist (channel_id, title, video_count) values (29, 'Comedy', 0);
insert into codetube.playlist (channel_id, title, video_count) values (59, 'Documentary|War', 0);
insert into codetube.playlist (channel_id, title, video_count) values (40, 'Documentary', 0);
insert into codetube.playlist (channel_id, title, video_count) values (20, 'Horror', 0);
insert into codetube.playlist (channel_id, title, video_count) values (28, 'Drama', 0);
insert into codetube.playlist (channel_id, title, video_count) values (62, 'Drama|Romance', 0);
insert into codetube.playlist (channel_id, title, video_count) values (66, 'Adventure|Drama|War', 0);
insert into codetube.playlist (channel_id, title, video_count) values (43, '(no genres listed)', 0);
insert into codetube.playlist (channel_id, title, video_count) values (19, 'Crime', 0);
insert into codetube.playlist (channel_id, title, video_count) values (76, 'Horror|Mystery', 0);
insert into codetube.playlist (channel_id, title, video_count) values (61, 'Action|Adventure|Comedy', 0);
insert into codetube.playlist (channel_id, title, video_count) values (80, 'Crime|Drama', 0);
insert into codetube.playlist (channel_id, title, video_count) values (87, 'Crime|Drama|Thriller', 0);
insert into codetube.playlist (channel_id, title, video_count) values (57, 'Comedy', 0);
insert into codetube.playlist (channel_id, title, video_count) values (40, 'Drama', 0);
insert into codetube.playlist (channel_id, title, video_count) values (32, 'Horror', 0);
insert into codetube.playlist (channel_id, title, video_count) values (48, 'Drama|Romance', 0);
insert into codetube.playlist (channel_id, title, video_count) values (26, 'Comedy|Drama|Romance', 0);
insert into codetube.playlist (channel_id, title, video_count) values (26, 'Crime|Mystery|Thriller', 0);
insert into codetube.playlist (channel_id, title, video_count) values (23, 'Horror|Thriller', 0);
insert into codetube.playlist (channel_id, title, video_count) values (43, 'Comedy|Drama', 0);
insert into codetube.playlist (channel_id, title, video_count) values (74, 'Comedy', 0);
insert into codetube.playlist (channel_id, title, video_count) values (22, 'Adventure|Comedy', 0);
insert into codetube.playlist (channel_id, title, video_count) values (55, 'Adventure|Drama', 0);
insert into codetube.playlist (channel_id, title, video_count) values (52, 'Comedy', 0);
insert into codetube.playlist (channel_id, title, video_count) values (45, 'Action|Animation|Fantasy', 0);
insert into codetube.playlist (channel_id, title, video_count) values (49, 'Comedy', 0);
insert into codetube.playlist (channel_id, title, video_count) values (24, 'Drama', 0);
insert into codetube.playlist (channel_id, title, video_count) values (42, 'Horror', 0);
insert into codetube.playlist (channel_id, title, video_count) values (85, 'Comedy|Drama', 0);
insert into codetube.playlist (channel_id, title, video_count) values (99, 'Documentary', 0);
insert into codetube.playlist (channel_id, title, video_count) values (79, 'Action|Horror|Sci-Fi', 0);
insert into codetube.playlist (channel_id, title, video_count) values (30, 'Drama', 0);
insert into codetube.playlist (channel_id, title, video_count) values (42, 'Drama', 0);
insert into codetube.playlist (channel_id, title, video_count) values (33, 'Horror|Sci-Fi', 0);
insert into codetube.playlist (channel_id, title, video_count) values (64, 'Comedy|Drama', 0);
insert into codetube.playlist (channel_id, title, video_count) values (57, 'Action|Drama|War', 0);
insert into codetube.playlist (channel_id, title, video_count) values (94, 'Drama', 0);
insert into codetube.playlist (channel_id, title, video_count) values (52, 'Comedy', 0);
insert into codetube.playlist (channel_id, title, video_count) values (48, 'Action|Children', 0);
insert into codetube.playlist (channel_id, title, video_count) values (25, 'Documentary', 0);
insert into codetube.playlist (channel_id, title, video_count) values (95, 'Drama', 0);
insert into codetube.playlist (channel_id, title, video_count) values (86, 'Horror|Thriller', 0);
insert into codetube.playlist (channel_id, title, video_count) values (60, 'Adventure|Musical', 0);
insert into codetube.playlist (channel_id, title, video_count) values (1, 'Horror|Sci-Fi|Thriller', 0);
insert into codetube.playlist (channel_id, title, video_count) values (48, 'Animation|Drama', 0);
insert into codetube.playlist (channel_id, title, video_count) values (87, 'Drama|Horror|Thriller', 0);
insert into codetube.playlist (channel_id, title, video_count) values (32, 'Comedy', 0);
insert into codetube.playlist (channel_id, title, video_count) values (79, 'Horror|Sci-Fi', 0);
insert into codetube.playlist (channel_id, title, video_count) values (42, 'Comedy', 0);
insert into codetube.playlist (channel_id, title, video_count) values (33, 'Action|Adventure|Drama|Romance|War', 0);
insert into codetube.playlist (channel_id, title, video_count) values (63, 'Drama|War', 0);
insert into codetube.playlist (channel_id, title, video_count) values (36, 'Comedy', 0);
insert into codetube.playlist (channel_id, title, video_count) values (13, 'Crime|Drama', 0);
insert into codetube.playlist (channel_id, title, video_count) values (4, 'Action', 0);
insert into codetube.playlist (channel_id, title, video_count) values (15, 'Drama|War', 0);
insert into codetube.playlist (channel_id, title, video_count) values (65, 'Action|Adventure|Children|Drama', 0);
insert into codetube.playlist (channel_id, title, video_count) values (56, 'Drama|Romance', 0);
insert into codetube.playlist (channel_id, title, video_count) values (51, 'Drama', 0);
insert into codetube.playlist (channel_id, title, video_count) values (34, 'Comedy|Drama|Romance', 0);
insert into codetube.playlist (channel_id, title, video_count) values (9, 'Drama|Horror|Thriller', 0);
insert into codetube.playlist (channel_id, title, video_count) values (98, 'Documentary', 0);
insert into codetube.playlist (channel_id, title, video_count) values (6, 'Action|Crime|Western', 0);
insert into codetube.playlist (channel_id, title, video_count) values (50, 'Drama', 0);
insert into codetube.playlist (channel_id, title, video_count) values (4, 'Animation', 0);
insert into codetube.playlist (channel_id, title, video_count) values (44, 'Drama', 0);
insert into codetube.playlist (channel_id, title, video_count) values (42, 'Thriller', 0);
insert into codetube.playlist (channel_id, title, video_count) values (56, 'Crime|Drama|Thriller', 0);
insert into codetube.playlist (channel_id, title, video_count) values (90, 'Drama|Romance', 0);
insert into codetube.playlist (channel_id, title, video_count) values (66, 'Drama|Romance', 0);
insert into codetube.playlist (channel_id, title, video_count) values (43, 'Comedy|Drama', 0);
insert into codetube.playlist (channel_id, title, video_count) values (74, 'Drama|Fantasy|Thriller|War', 0);
insert into codetube.playlist (channel_id, title, video_count) values (8, 'Comedy|Drama', 0);
insert into codetube.playlist (channel_id, title, video_count) values (71, 'Comedy|Drama', 0);
insert into codetube.playlist (channel_id, title, video_count) values (30, 'Adventure|Animation|Children|Sci-Fi', 0);
insert into codetube.playlist (channel_id, title, video_count) values (22, 'Horror|Sci-Fi', 0);
insert into codetube.playlist (channel_id, title, video_count) values (69, 'Comedy|Drama', 0);
insert into codetube.playlist (channel_id, title, video_count) values (32, 'Comedy', 0);
insert into codetube.playlist (channel_id, title, video_count) values (68, 'Adventure|Western', 0);
insert into codetube.playlist (channel_id, title, video_count) values (30, '(no genres listed)', 0);
insert into codetube.playlist (channel_id, title, video_count) values (31, 'Drama', 0);
insert into codetube.playlist (channel_id, title, video_count) values (61, 'Drama|Fantasy|Mystery', 0);
insert into codetube.playlist (channel_id, title, video_count) values (85, 'Drama|Horror|Thriller', 0);
insert into codetube.playlist (channel_id, title, video_count) values (27, 'Animation|Children|Fantasy|Musical', 0);
insert into codetube.playlist (channel_id, title, video_count) values (64, 'Drama|War', 0);
insert into codetube.playlist (channel_id, title, video_count) values (32, 'Comedy|Horror', 0);
insert into codetube.playlist (channel_id, title, video_count) values (41, 'Action|Adventure|Drama', 0);
insert into codetube.playlist (channel_id, title, video_count) values (33, 'Drama', 0);
insert into codetube.playlist (channel_id, title, video_count) values (22, 'Action|Adventure', 0);
insert into codetube.playlist (channel_id, title, video_count) values (1, 'Action|Comedy|Romance|Western', 0);
insert into codetube.playlist (channel_id, title, video_count) values (46, 'Comedy', 0);
insert into codetube.playlist (channel_id, title, video_count) values (24, 'Drama|Fantasy|Horror|Mystery|Thriller', 0);
insert into codetube.playlist (channel_id, title, video_count) values (93, 'Drama', 0);
insert into codetube.playlist (channel_id, title, video_count) values (22, 'Comedy|Sci-Fi', 0);
insert into codetube.playlist (channel_id, title, video_count) values (83, 'Crime|Drama', 0);
insert into codetube.playlist (channel_id, title, video_count) values (29, 'Action|Adventure|Animation|Comedy', 0);
insert into codetube.playlist (channel_id, title, video_count) values (58, 'Comedy', 0);
insert into codetube.playlist (channel_id, title, video_count) values (2, 'Crime|Thriller', 0);
insert into codetube.playlist (channel_id, title, video_count) values (91, 'Drama', 0);
insert into codetube.playlist (channel_id, title, video_count) values (12, '(no genres listed)', 0);
insert into codetube.playlist (channel_id, title, video_count) values (3, 'Drama|Romance|War', 0);
insert into codetube.playlist (channel_id, title, video_count) values (27, 'Drama', 0);
insert into codetube.playlist (channel_id, title, video_count) values (99, 'Comedy|Drama', 0);
insert into codetube.playlist (channel_id, title, video_count) values (71, 'Documentary', 0);
insert into codetube.playlist (channel_id, title, video_count) values (67, 'Comedy|Drama', 0);
insert into codetube.playlist (channel_id, title, video_count) values (29, 'Drama|Western', 0);
insert into codetube.playlist (channel_id, title, video_count) values (24, 'Drama', 0);
insert into codetube.playlist (channel_id, title, video_count) values (72, 'Action|Animation|Sci-Fi', 0);
insert into codetube.playlist (channel_id, title, video_count) values (68, 'Drama', 0);
insert into codetube.playlist (channel_id, title, video_count) values (94, 'Drama', 0);
insert into codetube.playlist (channel_id, title, video_count) values (6, 'Comedy', 0);
insert into codetube.playlist (channel_id, title, video_count) values (51, 'Crime|Drama|Thriller', 0);
insert into codetube.playlist (channel_id, title, video_count) values (63, 'Drama', 0);
insert into codetube.playlist (channel_id, title, video_count) values (79, 'Crime|Drama', 0);
insert into codetube.playlist (channel_id, title, video_count) values (90, 'Comedy|Drama|Fantasy', 0);
insert into codetube.playlist (channel_id, title, video_count) values (44, 'Adventure|Children|Fantasy', 0);
insert into codetube.playlist (channel_id, title, video_count) values (24, 'Adventure|Drama|Romance|Thriller|War', 0);
insert into codetube.playlist (channel_id, title, video_count) values (18, 'Comedy|Drama|Romance', 0);
insert into codetube.playlist (channel_id, title, video_count) values (81, 'Drama', 0);
insert into codetube.playlist (channel_id, title, video_count) values (39, 'Documentary', 0);
insert into codetube.playlist (channel_id, title, video_count) values (45, 'Comedy|Crime|Mystery', 0);
insert into codetube.playlist (channel_id, title, video_count) values (42, 'Comedy|Drama|Fantasy', 0);
insert into codetube.playlist (channel_id, title, video_count) values (97, 'Drama', 0);
insert into codetube.playlist (channel_id, title, video_count) values (61, 'Drama|Romance|Western', 0);
insert into codetube.playlist (channel_id, title, video_count) values (82, 'Documentary|Mystery', 0);
insert into codetube.playlist (channel_id, title, video_count) values (41, 'Drama|Horror', 0);
insert into codetube.playlist (channel_id, title, video_count) values (53, 'Crime|Film-Noir|Thriller', 0);
insert into codetube.playlist (channel_id, title, video_count) values (82, 'Drama', 0);
insert into codetube.playlist (channel_id, title, video_count) values (79, 'Comedy|Drama|Fantasy|Musical', 0);
insert into codetube.playlist (channel_id, title, video_count) values (67, 'Drama', 0);
insert into codetube.playlist (channel_id, title, video_count) values (69, 'Comedy|Drama', 0);
insert into codetube.playlist (channel_id, title, video_count) values (52, 'Horror|Mystery', 0);
insert into codetube.playlist (channel_id, title, video_count) values (98, 'Drama|Mystery', 0);
insert into codetube.playlist (channel_id, title, video_count) values (61, 'Drama|Thriller', 0);
insert into codetube.playlist (channel_id, title, video_count) values (75, 'Horror|Thriller', 0);
insert into codetube.playlist (channel_id, title, video_count) values (94, 'Action|Sci-Fi', 0);
insert into codetube.playlist (channel_id, title, video_count) values (95, 'Drama', 0);
insert into codetube.playlist (channel_id, title, video_count) values (81, 'Crime|Drama', 0);
insert into codetube.playlist (channel_id, title, video_count) values (35, 'Crime|Horror|Thriller', 0);
insert into codetube.playlist (channel_id, title, video_count) values (10, 'Comedy|Romance', 0);
insert into codetube.playlist (channel_id, title, video_count) values (97, 'Comedy|Musical', 0);
insert into codetube.playlist (channel_id, title, video_count) values (73, 'Romance|Western', 0);
insert into codetube.playlist (channel_id, title, video_count) values (31, 'Crime|Drama', 0);
insert into codetube.playlist (channel_id, title, video_count) values (7, 'Documentary', 0);
insert into codetube.playlist (channel_id, title, video_count) values (16, 'Children|Comedy', 0);
insert into codetube.playlist (channel_id, title, video_count) values (51, 'Action|Adventure|Thriller|IMAX', 0);
insert into codetube.playlist (channel_id, title, video_count) values (74, 'Horror', 0);
insert into codetube.playlist (channel_id, title, video_count) values (67, 'Comedy|Drama', 0);
insert into codetube.playlist (channel_id, title, video_count) values (5, 'Action|Drama|Thriller|War', 0);
insert into codetube.playlist (channel_id, title, video_count) values (6, 'Animation|Children|Drama', 0);
insert into codetube.playlist (channel_id, title, video_count) values (22, 'Adventure|Children|Fantasy', 0);
insert into codetube.playlist (channel_id, title, video_count) values (63, 'Comedy', 0);
insert into codetube.playlist (channel_id, title, video_count) values (60, 'Action|Crime|Drama|Thriller', 0);
insert into codetube.playlist (channel_id, title, video_count) values (13, 'Action|Adventure|Fantasy|Horror', 0);
insert into codetube.playlist (channel_id, title, video_count) values (94, 'Drama', 0);
insert into codetube.playlist (channel_id, title, video_count) values (84, 'Adventure|Fantasy', 0);
insert into codetube.playlist (channel_id, title, video_count) values (87, 'Drama', 0);
insert into codetube.playlist (channel_id, title, video_count) values (16, 'Comedy|Romance', 0);
insert into codetube.playlist (channel_id, title, video_count) values (44, 'Comedy', 0);

insert into codetube.playlist_video (playlist_id, video_id) values (6, 22);
insert into codetube.playlist_video (playlist_id, video_id) values (40, 33);
insert into codetube.playlist_video (playlist_id, video_id) values (3, 31);
insert into codetube.playlist_video (playlist_id, video_id) values (23, 80);
insert into codetube.playlist_video (playlist_id, video_id) values (83, 52);
insert into codetube.playlist_video (playlist_id, video_id) values (71, 5);
insert into codetube.playlist_video (playlist_id, video_id) values (80, 90);
insert into codetube.playlist_video (playlist_id, video_id) values (14, 61);
insert into codetube.playlist_video (playlist_id, video_id) values (1, 9);
insert into codetube.playlist_video (playlist_id, video_id) values (45, 55);
insert into codetube.playlist_video (playlist_id, video_id) values (14, 87);
insert into codetube.playlist_video (playlist_id, video_id) values (66, 12);
insert into codetube.playlist_video (playlist_id, video_id) values (30, 24);
insert into codetube.playlist_video (playlist_id, video_id) values (74, 78);
insert into codetube.playlist_video (playlist_id, video_id) values (85, 1);
insert into codetube.playlist_video (playlist_id, video_id) values (81, 80);
insert into codetube.playlist_video (playlist_id, video_id) values (80, 88);
insert into codetube.playlist_video (playlist_id, video_id) values (68, 65);
insert into codetube.playlist_video (playlist_id, video_id) values (96, 17);
insert into codetube.playlist_video (playlist_id, video_id) values (90, 64);
insert into codetube.playlist_video (playlist_id, video_id) values (89, 50);
insert into codetube.playlist_video (playlist_id, video_id) values (58, 63);
insert into codetube.playlist_video (playlist_id, video_id) values (39, 90);
insert into codetube.playlist_video (playlist_id, video_id) values (2, 45);
insert into codetube.playlist_video (playlist_id, video_id) values (4, 11);
insert into codetube.playlist_video (playlist_id, video_id) values (36, 6);
insert into codetube.playlist_video (playlist_id, video_id) values (2, 73);
insert into codetube.playlist_video (playlist_id, video_id) values (49, 69);
insert into codetube.playlist_video (playlist_id, video_id) values (51, 65);
insert into codetube.playlist_video (playlist_id, video_id) values (28, 20);
insert into codetube.playlist_video (playlist_id, video_id) values (2, 8);
insert into codetube.playlist_video (playlist_id, video_id) values (17, 53);
insert into codetube.playlist_video (playlist_id, video_id) values (92, 77);
insert into codetube.playlist_video (playlist_id, video_id) values (38, 18);
insert into codetube.playlist_video (playlist_id, video_id) values (5, 22);
insert into codetube.playlist_video (playlist_id, video_id) values (26, 74);
insert into codetube.playlist_video (playlist_id, video_id) values (70, 95);
insert into codetube.playlist_video (playlist_id, video_id) values (16, 2);
insert into codetube.playlist_video (playlist_id, video_id) values (59, 74);
insert into codetube.playlist_video (playlist_id, video_id) values (97, 40);
insert into codetube.playlist_video (playlist_id, video_id) values (47, 58);
insert into codetube.playlist_video (playlist_id, video_id) values (14, 39);
insert into codetube.playlist_video (playlist_id, video_id) values (40, 95);
insert into codetube.playlist_video (playlist_id, video_id) values (76, 67);
insert into codetube.playlist_video (playlist_id, video_id) values (33, 100);
insert into codetube.playlist_video (playlist_id, video_id) values (46, 30);
insert into codetube.playlist_video (playlist_id, video_id) values (95, 1);
insert into codetube.playlist_video (playlist_id, video_id) values (58, 80);
insert into codetube.playlist_video (playlist_id, video_id) values (25, 31);
insert into codetube.playlist_video (playlist_id, video_id) values (33, 65);
insert into codetube.playlist_video (playlist_id, video_id) values (12, 34);
insert into codetube.playlist_video (playlist_id, video_id) values (88, 37);
insert into codetube.playlist_video (playlist_id, video_id) values (13, 61);
insert into codetube.playlist_video (playlist_id, video_id) values (34, 59);
insert into codetube.playlist_video (playlist_id, video_id) values (17, 85);
insert into codetube.playlist_video (playlist_id, video_id) values (29, 57);
insert into codetube.playlist_video (playlist_id, video_id) values (61, 54);
insert into codetube.playlist_video (playlist_id, video_id) values (7, 4);
insert into codetube.playlist_video (playlist_id, video_id) values (21, 59);
insert into codetube.playlist_video (playlist_id, video_id) values (54, 63);
insert into codetube.playlist_video (playlist_id, video_id) values (62, 61);
insert into codetube.playlist_video (playlist_id, video_id) values (98, 13);
insert into codetube.playlist_video (playlist_id, video_id) values (79, 15);
insert into codetube.playlist_video (playlist_id, video_id) values (89, 78);
insert into codetube.playlist_video (playlist_id, video_id) values (30, 50);
insert into codetube.playlist_video (playlist_id, video_id) values (74, 12);
insert into codetube.playlist_video (playlist_id, video_id) values (80, 17);
insert into codetube.playlist_video (playlist_id, video_id) values (71, 40);
insert into codetube.playlist_video (playlist_id, video_id) values (13, 44);
insert into codetube.playlist_video (playlist_id, video_id) values (70, 20);
insert into codetube.playlist_video (playlist_id, video_id) values (67, 77);
insert into codetube.playlist_video (playlist_id, video_id) values (56, 20);
insert into codetube.playlist_video (playlist_id, video_id) values (62, 26);
insert into codetube.playlist_video (playlist_id, video_id) values (92, 90);
insert into codetube.playlist_video (playlist_id, video_id) values (39, 19);
insert into codetube.playlist_video (playlist_id, video_id) values (74, 48);
insert into codetube.playlist_video (playlist_id, video_id) values (27, 21);
insert into codetube.playlist_video (playlist_id, video_id) values (20, 45);
insert into codetube.playlist_video (playlist_id, video_id) values (13, 88);
insert into codetube.playlist_video (playlist_id, video_id) values (12, 55);
insert into codetube.playlist_video (playlist_id, video_id) values (46, 82);
insert into codetube.playlist_video (playlist_id, video_id) values (41, 46);
insert into codetube.playlist_video (playlist_id, video_id) values (79, 60);
insert into codetube.playlist_video (playlist_id, video_id) values (60, 87);
insert into codetube.playlist_video (playlist_id, video_id) values (54, 55);
insert into codetube.playlist_video (playlist_id, video_id) values (23, 42);
insert into codetube.playlist_video (playlist_id, video_id) values (4, 98);
insert into codetube.playlist_video (playlist_id, video_id) values (66, 44);
insert into codetube.playlist_video (playlist_id, video_id) values (38, 85);
insert into codetube.playlist_video (playlist_id, video_id) values (89, 5);
insert into codetube.playlist_video (playlist_id, video_id) values (43, 43);
insert into codetube.playlist_video (playlist_id, video_id) values (75, 84);
insert into codetube.playlist_video (playlist_id, video_id) values (87, 55);
insert into codetube.playlist_video (playlist_id, video_id) values (7, 81);
insert into codetube.playlist_video (playlist_id, video_id) values (30, 81);
insert into codetube.playlist_video (playlist_id, video_id) values (29, 78);
insert into codetube.playlist_video (playlist_id, video_id) values (9, 26);
insert into codetube.playlist_video (playlist_id, video_id) values (61, 93);
insert into codetube.playlist_video (playlist_id, video_id) values (96, 10);
insert into codetube.playlist_video (playlist_id, video_id) values (45, 67);
insert into codetube.playlist_video (playlist_id, video_id) values (66, 9);
insert into codetube.playlist_video (playlist_id, video_id) values (47, 59);
insert into codetube.playlist_video (playlist_id, video_id) values (53, 84);
insert into codetube.playlist_video (playlist_id, video_id) values (41, 40);
insert into codetube.playlist_video (playlist_id, video_id) values (82, 85);
insert into codetube.playlist_video (playlist_id, video_id) values (77, 1);
insert into codetube.playlist_video (playlist_id, video_id) values (19, 39);
insert into codetube.playlist_video (playlist_id, video_id) values (14, 63);
insert into codetube.playlist_video (playlist_id, video_id) values (30, 57);
insert into codetube.playlist_video (playlist_id, video_id) values (15, 68);
insert into codetube.playlist_video (playlist_id, video_id) values (31, 74);
insert into codetube.playlist_video (playlist_id, video_id) values (9, 6);
insert into codetube.playlist_video (playlist_id, video_id) values (66, 74);
insert into codetube.playlist_video (playlist_id, video_id) values (91, 84);
insert into codetube.playlist_video (playlist_id, video_id) values (28, 88);
insert into codetube.playlist_video (playlist_id, video_id) values (91, 92);
insert into codetube.playlist_video (playlist_id, video_id) values (94, 24);
insert into codetube.playlist_video (playlist_id, video_id) values (42, 5);
insert into codetube.playlist_video (playlist_id, video_id) values (32, 62);
insert into codetube.playlist_video (playlist_id, video_id) values (43, 89);
insert into codetube.playlist_video (playlist_id, video_id) values (31, 47);
insert into codetube.playlist_video (playlist_id, video_id) values (59, 79);
insert into codetube.playlist_video (playlist_id, video_id) values (26, 44);
insert into codetube.playlist_video (playlist_id, video_id) values (29, 23);
insert into codetube.playlist_video (playlist_id, video_id) values (42, 86);
insert into codetube.playlist_video (playlist_id, video_id) values (94, 30);
insert into codetube.playlist_video (playlist_id, video_id) values (35, 90);
insert into codetube.playlist_video (playlist_id, video_id) values (98, 34);
insert into codetube.playlist_video (playlist_id, video_id) values (13, 33);
insert into codetube.playlist_video (playlist_id, video_id) values (61, 90);
insert into codetube.playlist_video (playlist_id, video_id) values (41, 30);
insert into codetube.playlist_video (playlist_id, video_id) values (21, 73);
insert into codetube.playlist_video (playlist_id, video_id) values (90, 49);
insert into codetube.playlist_video (playlist_id, video_id) values (16, 34);
insert into codetube.playlist_video (playlist_id, video_id) values (7, 21);
insert into codetube.playlist_video (playlist_id, video_id) values (95, 89);
insert into codetube.playlist_video (playlist_id, video_id) values (41, 7);
insert into codetube.playlist_video (playlist_id, video_id) values (64, 58);
insert into codetube.playlist_video (playlist_id, video_id) values (44, 22);
insert into codetube.playlist_video (playlist_id, video_id) values (46, 87);
insert into codetube.playlist_video (playlist_id, video_id) values (37, 68);
insert into codetube.playlist_video (playlist_id, video_id) values (13, 35);
insert into codetube.playlist_video (playlist_id, video_id) values (9, 87);
insert into codetube.playlist_video (playlist_id, video_id) values (99, 54);
insert into codetube.playlist_video (playlist_id, video_id) values (57, 70);
insert into codetube.playlist_video (playlist_id, video_id) values (46, 61);
insert into codetube.playlist_video (playlist_id, video_id) values (63, 68);
insert into codetube.playlist_video (playlist_id, video_id) values (66, 68);
insert into codetube.playlist_video (playlist_id, video_id) values (7, 80);
insert into codetube.playlist_video (playlist_id, video_id) values (48, 3);
insert into codetube.playlist_video (playlist_id, video_id) values (98, 89);
insert into codetube.playlist_video (playlist_id, video_id) values (39, 66);
insert into codetube.playlist_video (playlist_id, video_id) values (64, 52);
insert into codetube.playlist_video (playlist_id, video_id) values (9, 37);
insert into codetube.playlist_video (playlist_id, video_id) values (9, 93);
insert into codetube.playlist_video (playlist_id, video_id) values (69, 52);
insert into codetube.playlist_video (playlist_id, video_id) values (94, 66);
insert into codetube.playlist_video (playlist_id, video_id) values (39, 58);
insert into codetube.playlist_video (playlist_id, video_id) values (85, 59);
insert into codetube.playlist_video (playlist_id, video_id) values (10, 54);
insert into codetube.playlist_video (playlist_id, video_id) values (88, 33);
insert into codetube.playlist_video (playlist_id, video_id) values (35, 88);
insert into codetube.playlist_video (playlist_id, video_id) values (28, 72);
insert into codetube.playlist_video (playlist_id, video_id) values (67, 12);
insert into codetube.playlist_video (playlist_id, video_id) values (6, 86);
insert into codetube.playlist_video (playlist_id, video_id) values (96, 1);
insert into codetube.playlist_video (playlist_id, video_id) values (32, 34);
insert into codetube.playlist_video (playlist_id, video_id) values (84, 16);
insert into codetube.playlist_video (playlist_id, video_id) values (52, 8);
insert into codetube.playlist_video (playlist_id, video_id) values (27, 48);
insert into codetube.playlist_video (playlist_id, video_id) values (7, 41);
insert into codetube.playlist_video (playlist_id, video_id) values (8, 48);
insert into codetube.playlist_video (playlist_id, video_id) values (55, 1);
insert into codetube.playlist_video (playlist_id, video_id) values (13, 21);
insert into codetube.playlist_video (playlist_id, video_id) values (36, 98);
insert into codetube.playlist_video (playlist_id, video_id) values (90, 94);
insert into codetube.playlist_video (playlist_id, video_id) values (12, 76);
insert into codetube.playlist_video (playlist_id, video_id) values (79, 41);
insert into codetube.playlist_video (playlist_id, video_id) values (44, 37);
insert into codetube.playlist_video (playlist_id, video_id) values (96, 50);
insert into codetube.playlist_video (playlist_id, video_id) values (94, 12);
insert into codetube.playlist_video (playlist_id, video_id) values (86, 100);
insert into codetube.playlist_video (playlist_id, video_id) values (89, 2);
insert into codetube.playlist_video (playlist_id, video_id) values (5, 72);
insert into codetube.playlist_video (playlist_id, video_id) values (86, 42);
insert into codetube.playlist_video (playlist_id, video_id) values (96, 82);
insert into codetube.playlist_video (playlist_id, video_id) values (76, 100);
insert into codetube.playlist_video (playlist_id, video_id) values (98, 24);
insert into codetube.playlist_video (playlist_id, video_id) values (30, 21);
insert into codetube.playlist_video (playlist_id, video_id) values (23, 20);
insert into codetube.playlist_video (playlist_id, video_id) values (97, 88);
insert into codetube.playlist_video (playlist_id, video_id) values (25, 10);
insert into codetube.playlist_video (playlist_id, video_id) values (65, 27);
insert into codetube.playlist_video (playlist_id, video_id) values (52, 4);
insert into codetube.playlist_video (playlist_id, video_id) values (96, 58);
insert into codetube.playlist_video (playlist_id, video_id) values (64, 45);
insert into codetube.playlist_video (playlist_id, video_id) values (71, 45);
insert into codetube.playlist_video (playlist_id, video_id) values (20, 26);
insert into codetube.playlist_video (playlist_id, video_id) values (22, 7);
insert into codetube.playlist_video (playlist_id, video_id) values (45, 43);
insert into codetube.playlist_video (playlist_id, video_id) values (20, 59);
insert into codetube.playlist_video (playlist_id, video_id) values (19, 70);
insert into codetube.playlist_video (playlist_id, video_id) values (25, 25);
insert into codetube.playlist_video (playlist_id, video_id) values (93, 81);
insert into codetube.playlist_video (playlist_id, video_id) values (20, 5);
insert into codetube.playlist_video (playlist_id, video_id) values (72, 6);
insert into codetube.playlist_video (playlist_id, video_id) values (23, 86);
insert into codetube.playlist_video (playlist_id, video_id) values (3, 55);
insert into codetube.playlist_video (playlist_id, video_id) values (60, 13);
insert into codetube.playlist_video (playlist_id, video_id) values (71, 48);
insert into codetube.playlist_video (playlist_id, video_id) values (26, 52);
insert into codetube.playlist_video (playlist_id, video_id) values (87, 16);
insert into codetube.playlist_video (playlist_id, video_id) values (29, 15);
insert into codetube.playlist_video (playlist_id, video_id) values (87, 21);
insert into codetube.playlist_video (playlist_id, video_id) values (59, 46);
insert into codetube.playlist_video (playlist_id, video_id) values (6, 98);
insert into codetube.playlist_video (playlist_id, video_id) values (32, 50);
insert into codetube.playlist_video (playlist_id, video_id) values (96, 3);
insert into codetube.playlist_video (playlist_id, video_id) values (75, 2);
insert into codetube.playlist_video (playlist_id, video_id) values (5, 16);
insert into codetube.playlist_video (playlist_id, video_id) values (27, 12);
insert into codetube.playlist_video (playlist_id, video_id) values (25, 83);
insert into codetube.playlist_video (playlist_id, video_id) values (7, 12);
insert into codetube.playlist_video (playlist_id, video_id) values (57, 58);
insert into codetube.playlist_video (playlist_id, video_id) values (27, 10);
insert into codetube.playlist_video (playlist_id, video_id) values (54, 2);
insert into codetube.playlist_video (playlist_id, video_id) values (55, 31);
insert into codetube.playlist_video (playlist_id, video_id) values (64, 32);
insert into codetube.playlist_video (playlist_id, video_id) values (8, 86);
insert into codetube.playlist_video (playlist_id, video_id) values (72, 7);
insert into codetube.playlist_video (playlist_id, video_id) values (2, 29);
insert into codetube.playlist_video (playlist_id, video_id) values (39, 64);
insert into codetube.playlist_video (playlist_id, video_id) values (51, 32);
insert into codetube.playlist_video (playlist_id, video_id) values (9, 78);
insert into codetube.playlist_video (playlist_id, video_id) values (15, 16);
insert into codetube.playlist_video (playlist_id, video_id) values (94, 14);
insert into codetube.playlist_video (playlist_id, video_id) values (82, 41);
insert into codetube.playlist_video (playlist_id, video_id) values (3, 48);
insert into codetube.playlist_video (playlist_id, video_id) values (21, 75);
insert into codetube.playlist_video (playlist_id, video_id) values (78, 60);
insert into codetube.playlist_video (playlist_id, video_id) values (60, 90);
insert into codetube.playlist_video (playlist_id, video_id) values (31, 3);
insert into codetube.playlist_video (playlist_id, video_id) values (27, 59);
insert into codetube.playlist_video (playlist_id, video_id) values (9, 23);
insert into codetube.playlist_video (playlist_id, video_id) values (66, 26);
insert into codetube.playlist_video (playlist_id, video_id) values (51, 55);
insert into codetube.playlist_video (playlist_id, video_id) values (68, 30);
insert into codetube.playlist_video (playlist_id, video_id) values (34, 5);
insert into codetube.playlist_video (playlist_id, video_id) values (82, 77);
insert into codetube.playlist_video (playlist_id, video_id) values (100, 47);
insert into codetube.playlist_video (playlist_id, video_id) values (36, 35);
insert into codetube.playlist_video (playlist_id, video_id) values (20, 88);
insert into codetube.playlist_video (playlist_id, video_id) values (53, 71);
insert into codetube.playlist_video (playlist_id, video_id) values (50, 39);
insert into codetube.playlist_video (playlist_id, video_id) values (83, 26);
insert into codetube.playlist_video (playlist_id, video_id) values (88, 60);
insert into codetube.playlist_video (playlist_id, video_id) values (77, 77);
insert into codetube.playlist_video (playlist_id, video_id) values (41, 21);
insert into codetube.playlist_video (playlist_id, video_id) values (55, 95);
insert into codetube.playlist_video (playlist_id, video_id) values (32, 48);
insert into codetube.playlist_video (playlist_id, video_id) values (38, 31);
insert into codetube.playlist_video (playlist_id, video_id) values (16, 57);
insert into codetube.playlist_video (playlist_id, video_id) values (56, 90);
insert into codetube.playlist_video (playlist_id, video_id) values (4, 46);
insert into codetube.playlist_video (playlist_id, video_id) values (7, 79);
insert into codetube.playlist_video (playlist_id, video_id) values (46, 66);
insert into codetube.playlist_video (playlist_id, video_id) values (66, 87);
insert into codetube.playlist_video (playlist_id, video_id) values (19, 49);
insert into codetube.playlist_video (playlist_id, video_id) values (89, 34);
insert into codetube.playlist_video (playlist_id, video_id) values (41, 80);
insert into codetube.playlist_video (playlist_id, video_id) values (1, 4);
insert into codetube.playlist_video (playlist_id, video_id) values (7, 64);
insert into codetube.playlist_video (playlist_id, video_id) values (88, 93);
insert into codetube.playlist_video (playlist_id, video_id) values (46, 52);
insert into codetube.playlist_video (playlist_id, video_id) values (46, 78);
insert into codetube.playlist_video (playlist_id, video_id) values (64, 16);
insert into codetube.playlist_video (playlist_id, video_id) values (51, 4);
insert into codetube.playlist_video (playlist_id, video_id) values (30, 14);
insert into codetube.playlist_video (playlist_id, video_id) values (6, 57);
insert into codetube.playlist_video (playlist_id, video_id) values (37, 88);
insert into codetube.playlist_video (playlist_id, video_id) values (64, 5);
insert into codetube.playlist_video (playlist_id, video_id) values (53, 86);
insert into codetube.playlist_video (playlist_id, video_id) values (69, 57);
insert into codetube.playlist_video (playlist_id, video_id) values (80, 30);
insert into codetube.playlist_video (playlist_id, video_id) values (55, 16);
insert into codetube.playlist_video (playlist_id, video_id) values (87, 2);
insert into codetube.playlist_video (playlist_id, video_id) values (73, 60);
insert into codetube.playlist_video (playlist_id, video_id) values (25, 79);
insert into codetube.playlist_video (playlist_id, video_id) values (85, 85);
insert into codetube.playlist_video (playlist_id, video_id) values (89, 88);
insert into codetube.playlist_video (playlist_id, video_id) values (63, 95);
insert into codetube.playlist_video (playlist_id, video_id) values (57, 65);
insert into codetube.playlist_video (playlist_id, video_id) values (88, 97);
insert into codetube.playlist_video (playlist_id, video_id) values (48, 49);
insert into codetube.playlist_video (playlist_id, video_id) values (55, 83);
insert into codetube.playlist_video (playlist_id, video_id) values (42, 57);
insert into codetube.playlist_video (playlist_id, video_id) values (99, 10);
insert into codetube.playlist_video (playlist_id, video_id) values (5, 45);
insert into codetube.playlist_video (playlist_id, video_id) values (76, 84);
insert into codetube.playlist_video (playlist_id, video_id) values (28, 23);
insert into codetube.playlist_video (playlist_id, video_id) values (48, 46);
insert into codetube.playlist_video (playlist_id, video_id) values (59, 51);
insert into codetube.playlist_video (playlist_id, video_id) values (95, 98);
insert into codetube.playlist_video (playlist_id, video_id) values (95, 8);
insert into codetube.playlist_video (playlist_id, video_id) values (15, 76);
insert into codetube.playlist_video (playlist_id, video_id) values (63, 64);
insert into codetube.playlist_video (playlist_id, video_id) values (80, 22);
insert into codetube.playlist_video (playlist_id, video_id) values (83, 74);
insert into codetube.playlist_video (playlist_id, video_id) values (31, 70);
insert into codetube.playlist_video (playlist_id, video_id) values (77, 74);
insert into codetube.playlist_video (playlist_id, video_id) values (41, 2);
insert into codetube.playlist_video (playlist_id, video_id) values (84, 78);
insert into codetube.playlist_video (playlist_id, video_id) values (60, 90);
insert into codetube.playlist_video (playlist_id, video_id) values (3, 48);
insert into codetube.playlist_video (playlist_id, video_id) values (97, 70);
insert into codetube.playlist_video (playlist_id, video_id) values (57, 76);
insert into codetube.playlist_video (playlist_id, video_id) values (45, 16);
insert into codetube.playlist_video (playlist_id, video_id) values (75, 91);
insert into codetube.playlist_video (playlist_id, video_id) values (99, 60);
insert into codetube.playlist_video (playlist_id, video_id) values (9, 86);
insert into codetube.playlist_video (playlist_id, video_id) values (42, 39);
insert into codetube.playlist_video (playlist_id, video_id) values (5, 31);
insert into codetube.playlist_video (playlist_id, video_id) values (2, 82);
insert into codetube.playlist_video (playlist_id, video_id) values (66, 19);
insert into codetube.playlist_video (playlist_id, video_id) values (24, 47);
insert into codetube.playlist_video (playlist_id, video_id) values (94, 63);
insert into codetube.playlist_video (playlist_id, video_id) values (95, 85);
insert into codetube.playlist_video (playlist_id, video_id) values (9, 71);
insert into codetube.playlist_video (playlist_id, video_id) values (48, 24);
insert into codetube.playlist_video (playlist_id, video_id) values (39, 100);
insert into codetube.playlist_video (playlist_id, video_id) values (57, 75);
insert into codetube.playlist_video (playlist_id, video_id) values (13, 9);
insert into codetube.playlist_video (playlist_id, video_id) values (69, 73);
insert into codetube.playlist_video (playlist_id, video_id) values (24, 7);
insert into codetube.playlist_video (playlist_id, video_id) values (12, 98);
insert into codetube.playlist_video (playlist_id, video_id) values (55, 20);
insert into codetube.playlist_video (playlist_id, video_id) values (40, 76);
insert into codetube.playlist_video (playlist_id, video_id) values (93, 8);
insert into codetube.playlist_video (playlist_id, video_id) values (89, 19);
insert into codetube.playlist_video (playlist_id, video_id) values (86, 30);
insert into codetube.playlist_video (playlist_id, video_id) values (10, 87);
insert into codetube.playlist_video (playlist_id, video_id) values (6, 56);
insert into codetube.playlist_video (playlist_id, video_id) values (17, 68);
insert into codetube.playlist_video (playlist_id, video_id) values (1, 16);
insert into codetube.playlist_video (playlist_id, video_id) values (5, 81);
insert into codetube.playlist_video (playlist_id, video_id) values (42, 17);
insert into codetube.playlist_video (playlist_id, video_id) values (30, 98);
insert into codetube.playlist_video (playlist_id, video_id) values (28, 23);
insert into codetube.playlist_video (playlist_id, video_id) values (86, 30);
insert into codetube.playlist_video (playlist_id, video_id) values (73, 61);
insert into codetube.playlist_video (playlist_id, video_id) values (69, 52);
insert into codetube.playlist_video (playlist_id, video_id) values (50, 10);
insert into codetube.playlist_video (playlist_id, video_id) values (61, 22);
insert into codetube.playlist_video (playlist_id, video_id) values (42, 91);
insert into codetube.playlist_video (playlist_id, video_id) values (84, 96);
insert into codetube.playlist_video (playlist_id, video_id) values (86, 84);
insert into codetube.playlist_video (playlist_id, video_id) values (6, 9);
insert into codetube.playlist_video (playlist_id, video_id) values (48, 52);
insert into codetube.playlist_video (playlist_id, video_id) values (49, 39);
insert into codetube.playlist_video (playlist_id, video_id) values (58, 22);
insert into codetube.playlist_video (playlist_id, video_id) values (56, 71);
insert into codetube.playlist_video (playlist_id, video_id) values (80, 63);
insert into codetube.playlist_video (playlist_id, video_id) values (69, 3);
insert into codetube.playlist_video (playlist_id, video_id) values (81, 70);
insert into codetube.playlist_video (playlist_id, video_id) values (35, 89);
insert into codetube.playlist_video (playlist_id, video_id) values (34, 2);
insert into codetube.playlist_video (playlist_id, video_id) values (75, 73);
insert into codetube.playlist_video (playlist_id, video_id) values (3, 88);
insert into codetube.playlist_video (playlist_id, video_id) values (39, 61);
insert into codetube.playlist_video (playlist_id, video_id) values (47, 81);
insert into codetube.playlist_video (playlist_id, video_id) values (21, 48);
insert into codetube.playlist_video (playlist_id, video_id) values (62, 54);
insert into codetube.playlist_video (playlist_id, video_id) values (76, 47);
insert into codetube.playlist_video (playlist_id, video_id) values (78, 80);
insert into codetube.playlist_video (playlist_id, video_id) values (5, 65);
insert into codetube.playlist_video (playlist_id, video_id) values (55, 32);
insert into codetube.playlist_video (playlist_id, video_id) values (67, 93);
insert into codetube.playlist_video (playlist_id, video_id) values (96, 9);
insert into codetube.playlist_video (playlist_id, video_id) values (22, 6);
insert into codetube.playlist_video (playlist_id, video_id) values (51, 93);
insert into codetube.playlist_video (playlist_id, video_id) values (2, 15);
insert into codetube.playlist_video (playlist_id, video_id) values (2, 46);
insert into codetube.playlist_video (playlist_id, video_id) values (14, 12);
insert into codetube.playlist_video (playlist_id, video_id) values (59, 65);
insert into codetube.playlist_video (playlist_id, video_id) values (38, 2);
insert into codetube.playlist_video (playlist_id, video_id) values (73, 60);
insert into codetube.playlist_video (playlist_id, video_id) values (81, 53);
insert into codetube.playlist_video (playlist_id, video_id) values (16, 31);
insert into codetube.playlist_video (playlist_id, video_id) values (48, 30);
insert into codetube.playlist_video (playlist_id, video_id) values (53, 73);
insert into codetube.playlist_video (playlist_id, video_id) values (70, 16);
insert into codetube.playlist_video (playlist_id, video_id) values (83, 49);
insert into codetube.playlist_video (playlist_id, video_id) values (64, 47);
insert into codetube.playlist_video (playlist_id, video_id) values (27, 22);
insert into codetube.playlist_video (playlist_id, video_id) values (84, 40);
insert into codetube.playlist_video (playlist_id, video_id) values (30, 68);
insert into codetube.playlist_video (playlist_id, video_id) values (21, 16);
insert into codetube.playlist_video (playlist_id, video_id) values (73, 4);
insert into codetube.playlist_video (playlist_id, video_id) values (42, 94);
insert into codetube.playlist_video (playlist_id, video_id) values (61, 93);
insert into codetube.playlist_video (playlist_id, video_id) values (71, 12);
insert into codetube.playlist_video (playlist_id, video_id) values (86, 94);
insert into codetube.playlist_video (playlist_id, video_id) values (73, 3);
insert into codetube.playlist_video (playlist_id, video_id) values (93, 90);
insert into codetube.playlist_video (playlist_id, video_id) values (63, 50);
insert into codetube.playlist_video (playlist_id, video_id) values (81, 40);
insert into codetube.playlist_video (playlist_id, video_id) values (61, 4);
insert into codetube.playlist_video (playlist_id, video_id) values (20, 72);
insert into codetube.playlist_video (playlist_id, video_id) values (21, 88);
insert into codetube.playlist_video (playlist_id, video_id) values (51, 79);
insert into codetube.playlist_video (playlist_id, video_id) values (46, 63);
insert into codetube.playlist_video (playlist_id, video_id) values (31, 93);
insert into codetube.playlist_video (playlist_id, video_id) values (92, 56);
insert into codetube.playlist_video (playlist_id, video_id) values (80, 97);
insert into codetube.playlist_video (playlist_id, video_id) values (36, 38);
insert into codetube.playlist_video (playlist_id, video_id) values (59, 47);
insert into codetube.playlist_video (playlist_id, video_id) values (17, 84);
insert into codetube.playlist_video (playlist_id, video_id) values (55, 63);
insert into codetube.playlist_video (playlist_id, video_id) values (27, 70);
insert into codetube.playlist_video (playlist_id, video_id) values (4, 34);
insert into codetube.playlist_video (playlist_id, video_id) values (15, 46);
insert into codetube.playlist_video (playlist_id, video_id) values (83, 23);
insert into codetube.playlist_video (playlist_id, video_id) values (33, 82);
insert into codetube.playlist_video (playlist_id, video_id) values (1, 4);
insert into codetube.playlist_video (playlist_id, video_id) values (57, 83);
insert into codetube.playlist_video (playlist_id, video_id) values (44, 37);
insert into codetube.playlist_video (playlist_id, video_id) values (19, 12);
insert into codetube.playlist_video (playlist_id, video_id) values (82, 90);
insert into codetube.playlist_video (playlist_id, video_id) values (39, 4);
insert into codetube.playlist_video (playlist_id, video_id) values (60, 11);
insert into codetube.playlist_video (playlist_id, video_id) values (73, 61);
insert into codetube.playlist_video (playlist_id, video_id) values (94, 15);
insert into codetube.playlist_video (playlist_id, video_id) values (62, 26);
insert into codetube.playlist_video (playlist_id, video_id) values (52, 70);
insert into codetube.playlist_video (playlist_id, video_id) values (55, 49);
insert into codetube.playlist_video (playlist_id, video_id) values (69, 44);
insert into codetube.playlist_video (playlist_id, video_id) values (6, 86);
insert into codetube.playlist_video (playlist_id, video_id) values (74, 41);
insert into codetube.playlist_video (playlist_id, video_id) values (69, 21);
insert into codetube.playlist_video (playlist_id, video_id) values (62, 33);
insert into codetube.playlist_video (playlist_id, video_id) values (60, 10);
insert into codetube.playlist_video (playlist_id, video_id) values (42, 20);
insert into codetube.playlist_video (playlist_id, video_id) values (26, 6);
insert into codetube.playlist_video (playlist_id, video_id) values (51, 77);
insert into codetube.playlist_video (playlist_id, video_id) values (51, 11);
insert into codetube.playlist_video (playlist_id, video_id) values (90, 22);
insert into codetube.playlist_video (playlist_id, video_id) values (64, 78);
insert into codetube.playlist_video (playlist_id, video_id) values (1, 35);
insert into codetube.playlist_video (playlist_id, video_id) values (23, 36);
insert into codetube.playlist_video (playlist_id, video_id) values (81, 50);
insert into codetube.playlist_video (playlist_id, video_id) values (36, 55);
insert into codetube.playlist_video (playlist_id, video_id) values (44, 74);
insert into codetube.playlist_video (playlist_id, video_id) values (72, 8);
insert into codetube.playlist_video (playlist_id, video_id) values (74, 68);
insert into codetube.playlist_video (playlist_id, video_id) values (36, 63);
insert into codetube.playlist_video (playlist_id, video_id) values (84, 98);
insert into codetube.playlist_video (playlist_id, video_id) values (61, 73);
insert into codetube.playlist_video (playlist_id, video_id) values (96, 52);
insert into codetube.playlist_video (playlist_id, video_id) values (62, 5);
insert into codetube.playlist_video (playlist_id, video_id) values (24, 41);
insert into codetube.playlist_video (playlist_id, video_id) values (56, 98);
insert into codetube.playlist_video (playlist_id, video_id) values (72, 69);
insert into codetube.playlist_video (playlist_id, video_id) values (40, 15);
insert into codetube.playlist_video (playlist_id, video_id) values (14, 92);
insert into codetube.playlist_video (playlist_id, video_id) values (19, 80);
insert into codetube.playlist_video (playlist_id, video_id) values (29, 35);
insert into codetube.playlist_video (playlist_id, video_id) values (68, 32);
insert into codetube.playlist_video (playlist_id, video_id) values (88, 31);
insert into codetube.playlist_video (playlist_id, video_id) values (7, 63);
insert into codetube.playlist_video (playlist_id, video_id) values (77, 13);
insert into codetube.playlist_video (playlist_id, video_id) values (4, 58);
insert into codetube.playlist_video (playlist_id, video_id) values (64, 72);
insert into codetube.playlist_video (playlist_id, video_id) values (55, 41);
insert into codetube.playlist_video (playlist_id, video_id) values (61, 28);
insert into codetube.playlist_video (playlist_id, video_id) values (99, 59);
insert into codetube.playlist_video (playlist_id, video_id) values (72, 61);
insert into codetube.playlist_video (playlist_id, video_id) values (18, 75);
insert into codetube.playlist_video (playlist_id, video_id) values (4, 82);
insert into codetube.playlist_video (playlist_id, video_id) values (40, 11);
insert into codetube.playlist_video (playlist_id, video_id) values (84, 9);
insert into codetube.playlist_video (playlist_id, video_id) values (2, 63);
insert into codetube.playlist_video (playlist_id, video_id) values (47, 68);
insert into codetube.playlist_video (playlist_id, video_id) values (1, 52);
insert into codetube.playlist_video (playlist_id, video_id) values (62, 34);
insert into codetube.playlist_video (playlist_id, video_id) values (39, 11);
insert into codetube.playlist_video (playlist_id, video_id) values (35, 27);
insert into codetube.playlist_video (playlist_id, video_id) values (11, 22);
insert into codetube.playlist_video (playlist_id, video_id) values (4, 53);
insert into codetube.playlist_video (playlist_id, video_id) values (73, 84);
insert into codetube.playlist_video (playlist_id, video_id) values (37, 6);
insert into codetube.playlist_video (playlist_id, video_id) values (61, 11);
insert into codetube.playlist_video (playlist_id, video_id) values (86, 98);
insert into codetube.playlist_video (playlist_id, video_id) values (34, 64);
insert into codetube.playlist_video (playlist_id, video_id) values (84, 53);
insert into codetube.playlist_video (playlist_id, video_id) values (79, 37);
insert into codetube.playlist_video (playlist_id, video_id) values (49, 15);
insert into codetube.playlist_video (playlist_id, video_id) values (43, 56);
insert into codetube.playlist_video (playlist_id, video_id) values (21, 12);
insert into codetube.playlist_video (playlist_id, video_id) values (97, 74);
insert into codetube.playlist_video (playlist_id, video_id) values (38, 50);
insert into codetube.playlist_video (playlist_id, video_id) values (75, 56);
insert into codetube.playlist_video (playlist_id, video_id) values (12, 60);
insert into codetube.playlist_video (playlist_id, video_id) values (5, 84);
insert into codetube.playlist_video (playlist_id, video_id) values (51, 80);
insert into codetube.playlist_video (playlist_id, video_id) values (86, 14);
insert into codetube.playlist_video (playlist_id, video_id) values (59, 79);
insert into codetube.playlist_video (playlist_id, video_id) values (97, 49);
insert into codetube.playlist_video (playlist_id, video_id) values (95, 47);
insert into codetube.playlist_video (playlist_id, video_id) values (90, 22);
insert into codetube.playlist_video (playlist_id, video_id) values (34, 18);
insert into codetube.playlist_video (playlist_id, video_id) values (93, 53);
insert into codetube.playlist_video (playlist_id, video_id) values (2, 67);
insert into codetube.playlist_video (playlist_id, video_id) values (98, 54);
insert into codetube.playlist_video (playlist_id, video_id) values (87, 29);
insert into codetube.playlist_video (playlist_id, video_id) values (70, 53);
insert into codetube.playlist_video (playlist_id, video_id) values (50, 80);
insert into codetube.playlist_video (playlist_id, video_id) values (36, 42);
insert into codetube.playlist_video (playlist_id, video_id) values (19, 9);
insert into codetube.playlist_video (playlist_id, video_id) values (31, 56);
insert into codetube.playlist_video (playlist_id, video_id) values (66, 95);
insert into codetube.playlist_video (playlist_id, video_id) values (40, 36);
insert into codetube.playlist_video (playlist_id, video_id) values (65, 96);
insert into codetube.playlist_video (playlist_id, video_id) values (58, 52);
insert into codetube.playlist_video (playlist_id, video_id) values (65, 52);
insert into codetube.playlist_video (playlist_id, video_id) values (20, 48);
insert into codetube.playlist_video (playlist_id, video_id) values (78, 17);
insert into codetube.playlist_video (playlist_id, video_id) values (70, 13);
insert into codetube.playlist_video (playlist_id, video_id) values (99, 32);
insert into codetube.playlist_video (playlist_id, video_id) values (44, 64);
insert into codetube.playlist_video (playlist_id, video_id) values (46, 19);
insert into codetube.playlist_video (playlist_id, video_id) values (4, 14);
insert into codetube.playlist_video (playlist_id, video_id) values (47, 22);
insert into codetube.playlist_video (playlist_id, video_id) values (64, 98);
insert into codetube.playlist_video (playlist_id, video_id) values (19, 78);
insert into codetube.playlist_video (playlist_id, video_id) values (58, 17);
insert into codetube.playlist_video (playlist_id, video_id) values (31, 71);
insert into codetube.playlist_video (playlist_id, video_id) values (10, 2);
insert into codetube.playlist_video (playlist_id, video_id) values (33, 67);
insert into codetube.playlist_video (playlist_id, video_id) values (75, 36);
insert into codetube.playlist_video (playlist_id, video_id) values (2, 1);
insert into codetube.playlist_video (playlist_id, video_id) values (38, 40);
insert into codetube.playlist_video (playlist_id, video_id) values (22, 52);
insert into codetube.playlist_video (playlist_id, video_id) values (40, 55);
insert into codetube.playlist_video (playlist_id, video_id) values (98, 6);
insert into codetube.playlist_video (playlist_id, video_id) values (8, 75);
insert into codetube.playlist_video (playlist_id, video_id) values (95, 45);
insert into codetube.playlist_video (playlist_id, video_id) values (76, 48);
insert into codetube.playlist_video (playlist_id, video_id) values (94, 92);
insert into codetube.playlist_video (playlist_id, video_id) values (10, 94);
insert into codetube.playlist_video (playlist_id, video_id) values (19, 48);
insert into codetube.playlist_video (playlist_id, video_id) values (70, 31);
insert into codetube.playlist_video (playlist_id, video_id) values (13, 38);
insert into codetube.playlist_video (playlist_id, video_id) values (15, 55);
insert into codetube.playlist_video (playlist_id, video_id) values (35, 73);
insert into codetube.playlist_video (playlist_id, video_id) values (87, 88);
insert into codetube.playlist_video (playlist_id, video_id) values (61, 58);
insert into codetube.playlist_video (playlist_id, video_id) values (67, 68);
insert into codetube.playlist_video (playlist_id, video_id) values (65, 1);
insert into codetube.playlist_video (playlist_id, video_id) values (42, 63);
insert into codetube.playlist_video (playlist_id, video_id) values (66, 56);
insert into codetube.playlist_video (playlist_id, video_id) values (68, 25);
insert into codetube.playlist_video (playlist_id, video_id) values (67, 95);
insert into codetube.playlist_video (playlist_id, video_id) values (60, 1);
insert into codetube.playlist_video (playlist_id, video_id) values (45, 68);
insert into codetube.playlist_video (playlist_id, video_id) values (85, 88);
insert into codetube.playlist_video (playlist_id, video_id) values (89, 64);
insert into codetube.playlist_video (playlist_id, video_id) values (91, 84);
insert into codetube.playlist_video (playlist_id, video_id) values (30, 20);
insert into codetube.playlist_video (playlist_id, video_id) values (23, 20);
insert into codetube.playlist_video (playlist_id, video_id) values (28, 42);
insert into codetube.playlist_video (playlist_id, video_id) values (25, 27);
insert into codetube.playlist_video (playlist_id, video_id) values (79, 92);
insert into codetube.playlist_video (playlist_id, video_id) values (24, 28);
insert into codetube.playlist_video (playlist_id, video_id) values (79, 74);
insert into codetube.playlist_video (playlist_id, video_id) values (1, 80);
insert into codetube.playlist_video (playlist_id, video_id) values (30, 51);
insert into codetube.playlist_video (playlist_id, video_id) values (98, 63);
insert into codetube.playlist_video (playlist_id, video_id) values (62, 13);
insert into codetube.playlist_video (playlist_id, video_id) values (20, 95);
insert into codetube.playlist_video (playlist_id, video_id) values (88, 72);
insert into codetube.playlist_video (playlist_id, video_id) values (56, 58);
insert into codetube.playlist_video (playlist_id, video_id) values (98, 9);
insert into codetube.playlist_video (playlist_id, video_id) values (50, 86);
insert into codetube.playlist_video (playlist_id, video_id) values (56, 4);
insert into codetube.playlist_video (playlist_id, video_id) values (56, 64);
insert into codetube.playlist_video (playlist_id, video_id) values (12, 92);
insert into codetube.playlist_video (playlist_id, video_id) values (87, 43);
insert into codetube.playlist_video (playlist_id, video_id) values (96, 5);
insert into codetube.playlist_video (playlist_id, video_id) values (42, 14);
insert into codetube.playlist_video (playlist_id, video_id) values (57, 53);
insert into codetube.playlist_video (playlist_id, video_id) values (29, 88);
insert into codetube.playlist_video (playlist_id, video_id) values (59, 58);
insert into codetube.playlist_video (playlist_id, video_id) values (91, 45);
insert into codetube.playlist_video (playlist_id, video_id) values (36, 50);
insert into codetube.playlist_video (playlist_id, video_id) values (87, 86);
insert into codetube.playlist_video (playlist_id, video_id) values (6, 78);
insert into codetube.playlist_video (playlist_id, video_id) values (90, 75);
insert into codetube.playlist_video (playlist_id, video_id) values (60, 56);
insert into codetube.playlist_video (playlist_id, video_id) values (37, 19);
insert into codetube.playlist_video (playlist_id, video_id) values (20, 51);
insert into codetube.playlist_video (playlist_id, video_id) values (4, 20);
insert into codetube.playlist_video (playlist_id, video_id) values (9, 7);
insert into codetube.playlist_video (playlist_id, video_id) values (93, 73);
insert into codetube.playlist_video (playlist_id, video_id) values (15, 49);
insert into codetube.playlist_video (playlist_id, video_id) values (22, 13);
insert into codetube.playlist_video (playlist_id, video_id) values (40, 54);
insert into codetube.playlist_video (playlist_id, video_id) values (58, 83);
insert into codetube.playlist_video (playlist_id, video_id) values (65, 60);
insert into codetube.playlist_video (playlist_id, video_id) values (83, 98);
insert into codetube.playlist_video (playlist_id, video_id) values (53, 69);
insert into codetube.playlist_video (playlist_id, video_id) values (95, 91);
insert into codetube.playlist_video (playlist_id, video_id) values (89, 33);
insert into codetube.playlist_video (playlist_id, video_id) values (81, 54);
insert into codetube.playlist_video (playlist_id, video_id) values (57, 20);
insert into codetube.playlist_video (playlist_id, video_id) values (23, 54);
insert into codetube.playlist_video (playlist_id, video_id) values (68, 3);
insert into codetube.playlist_video (playlist_id, video_id) values (22, 97);
insert into codetube.playlist_video (playlist_id, video_id) values (98, 6);
insert into codetube.playlist_video (playlist_id, video_id) values (11, 20);
insert into codetube.playlist_video (playlist_id, video_id) values (86, 53);
insert into codetube.playlist_video (playlist_id, video_id) values (64, 69);
insert into codetube.playlist_video (playlist_id, video_id) values (37, 66);
insert into codetube.playlist_video (playlist_id, video_id) values (13, 15);
insert into codetube.playlist_video (playlist_id, video_id) values (23, 81);
insert into codetube.playlist_video (playlist_id, video_id) values (53, 57);
insert into codetube.playlist_video (playlist_id, video_id) values (85, 86);
insert into codetube.playlist_video (playlist_id, video_id) values (70, 31);
insert into codetube.playlist_video (playlist_id, video_id) values (99, 32);
insert into codetube.playlist_video (playlist_id, video_id) values (15, 38);
insert into codetube.playlist_video (playlist_id, video_id) values (12, 78);
insert into codetube.playlist_video (playlist_id, video_id) values (22, 16);
insert into codetube.playlist_video (playlist_id, video_id) values (69, 46);
insert into codetube.playlist_video (playlist_id, video_id) values (8, 25);
insert into codetube.playlist_video (playlist_id, video_id) values (91, 78);
insert into codetube.playlist_video (playlist_id, video_id) values (9, 33);
insert into codetube.playlist_video (playlist_id, video_id) values (5, 36);
insert into codetube.playlist_video (playlist_id, video_id) values (68, 39);
insert into codetube.playlist_video (playlist_id, video_id) values (90, 50);
insert into codetube.playlist_video (playlist_id, video_id) values (14, 70);
insert into codetube.playlist_video (playlist_id, video_id) values (88, 42);
insert into codetube.playlist_video (playlist_id, video_id) values (34, 95);
insert into codetube.playlist_video (playlist_id, video_id) values (78, 76);
insert into codetube.playlist_video (playlist_id, video_id) values (100, 58);
insert into codetube.playlist_video (playlist_id, video_id) values (18, 92);
insert into codetube.playlist_video (playlist_id, video_id) values (12, 62);
insert into codetube.playlist_video (playlist_id, video_id) values (35, 84);
insert into codetube.playlist_video (playlist_id, video_id) values (81, 100);
insert into codetube.playlist_video (playlist_id, video_id) values (5, 78);
insert into codetube.playlist_video (playlist_id, video_id) values (91, 25);
insert into codetube.playlist_video (playlist_id, video_id) values (84, 72);
insert into codetube.playlist_video (playlist_id, video_id) values (99, 66);
insert into codetube.playlist_video (playlist_id, video_id) values (90, 19);
insert into codetube.playlist_video (playlist_id, video_id) values (48, 66);
insert into codetube.playlist_video (playlist_id, video_id) values (65, 16);
insert into codetube.playlist_video (playlist_id, video_id) values (52, 95);
insert into codetube.playlist_video (playlist_id, video_id) values (83, 68);
insert into codetube.playlist_video (playlist_id, video_id) values (5, 98);
insert into codetube.playlist_video (playlist_id, video_id) values (7, 70);
insert into codetube.playlist_video (playlist_id, video_id) values (13, 17);
insert into codetube.playlist_video (playlist_id, video_id) values (83, 92);
insert into codetube.playlist_video (playlist_id, video_id) values (89, 84);
insert into codetube.playlist_video (playlist_id, video_id) values (30, 99);
insert into codetube.playlist_video (playlist_id, video_id) values (74, 98);
insert into codetube.playlist_video (playlist_id, video_id) values (74, 52);
insert into codetube.playlist_video (playlist_id, video_id) values (72, 97);
insert into codetube.playlist_video (playlist_id, video_id) values (66, 99);
insert into codetube.playlist_video (playlist_id, video_id) values (6, 39);
insert into codetube.playlist_video (playlist_id, video_id) values (49, 58);
insert into codetube.playlist_video (playlist_id, video_id) values (25, 31);
insert into codetube.playlist_video (playlist_id, video_id) values (33, 71);
insert into codetube.playlist_video (playlist_id, video_id) values (100, 25);
insert into codetube.playlist_video (playlist_id, video_id) values (67, 22);
insert into codetube.playlist_video (playlist_id, video_id) values (66, 6);
insert into codetube.playlist_video (playlist_id, video_id) values (1, 20);
insert into codetube.playlist_video (playlist_id, video_id) values (88, 70);
insert into codetube.playlist_video (playlist_id, video_id) values (42, 61);
insert into codetube.playlist_video (playlist_id, video_id) values (64, 88);
insert into codetube.playlist_video (playlist_id, video_id) values (6, 42);
insert into codetube.playlist_video (playlist_id, video_id) values (77, 64);
insert into codetube.playlist_video (playlist_id, video_id) values (29, 38);
insert into codetube.playlist_video (playlist_id, video_id) values (70, 69);
insert into codetube.playlist_video (playlist_id, video_id) values (61, 62);
insert into codetube.playlist_video (playlist_id, video_id) values (41, 70);
insert into codetube.playlist_video (playlist_id, video_id) values (85, 84);
insert into codetube.playlist_video (playlist_id, video_id) values (59, 95);
insert into codetube.playlist_video (playlist_id, video_id) values (93, 85);
insert into codetube.playlist_video (playlist_id, video_id) values (29, 6);
insert into codetube.playlist_video (playlist_id, video_id) values (46, 50);
insert into codetube.playlist_video (playlist_id, video_id) values (5, 61);
insert into codetube.playlist_video (playlist_id, video_id) values (48, 30);
insert into codetube.playlist_video (playlist_id, video_id) values (72, 85);
insert into codetube.playlist_video (playlist_id, video_id) values (10, 2);
insert into codetube.playlist_video (playlist_id, video_id) values (69, 69);
insert into codetube.playlist_video (playlist_id, video_id) values (9, 25);
insert into codetube.playlist_video (playlist_id, video_id) values (97, 65);
insert into codetube.playlist_video (playlist_id, video_id) values (86, 61);
insert into codetube.playlist_video (playlist_id, video_id) values (8, 91);
insert into codetube.playlist_video (playlist_id, video_id) values (60, 4);
insert into codetube.playlist_video (playlist_id, video_id) values (88, 92);
insert into codetube.playlist_video (playlist_id, video_id) values (87, 2);
insert into codetube.playlist_video (playlist_id, video_id) values (16, 29);
insert into codetube.playlist_video (playlist_id, video_id) values (28, 100);
insert into codetube.playlist_video (playlist_id, video_id) values (56, 52);
insert into codetube.playlist_video (playlist_id, video_id) values (95, 76);
insert into codetube.playlist_video (playlist_id, video_id) values (79, 62);
insert into codetube.playlist_video (playlist_id, video_id) values (43, 30);
insert into codetube.playlist_video (playlist_id, video_id) values (94, 9);
insert into codetube.playlist_video (playlist_id, video_id) values (74, 86);
insert into codetube.playlist_video (playlist_id, video_id) values (14, 59);
insert into codetube.playlist_video (playlist_id, video_id) values (3, 74);
insert into codetube.playlist_video (playlist_id, video_id) values (28, 66);
insert into codetube.playlist_video (playlist_id, video_id) values (82, 62);
insert into codetube.playlist_video (playlist_id, video_id) values (60, 41);
insert into codetube.playlist_video (playlist_id, video_id) values (23, 23);
insert into codetube.playlist_video (playlist_id, video_id) values (14, 59);
insert into codetube.playlist_video (playlist_id, video_id) values (15, 14);
insert into codetube.playlist_video (playlist_id, video_id) values (68, 25);
insert into codetube.playlist_video (playlist_id, video_id) values (56, 27);
insert into codetube.playlist_video (playlist_id, video_id) values (55, 6);
insert into codetube.playlist_video (playlist_id, video_id) values (23, 34);
insert into codetube.playlist_video (playlist_id, video_id) values (2, 24);
insert into codetube.playlist_video (playlist_id, video_id) values (50, 88);
insert into codetube.playlist_video (playlist_id, video_id) values (73, 61);
insert into codetube.playlist_video (playlist_id, video_id) values (87, 64);
insert into codetube.playlist_video (playlist_id, video_id) values (56, 97);
insert into codetube.playlist_video (playlist_id, video_id) values (53, 2);
insert into codetube.playlist_video (playlist_id, video_id) values (46, 48);
insert into codetube.playlist_video (playlist_id, video_id) values (87, 57);
insert into codetube.playlist_video (playlist_id, video_id) values (33, 3);
insert into codetube.playlist_video (playlist_id, video_id) values (79, 26);
insert into codetube.playlist_video (playlist_id, video_id) values (37, 47);
insert into codetube.playlist_video (playlist_id, video_id) values (12, 96);
insert into codetube.playlist_video (playlist_id, video_id) values (86, 1);
insert into codetube.playlist_video (playlist_id, video_id) values (27, 41);
insert into codetube.playlist_video (playlist_id, video_id) values (95, 59);
insert into codetube.playlist_video (playlist_id, video_id) values (56, 70);
insert into codetube.playlist_video (playlist_id, video_id) values (90, 93);
insert into codetube.playlist_video (playlist_id, video_id) values (76, 79);
insert into codetube.playlist_video (playlist_id, video_id) values (55, 64);
insert into codetube.playlist_video (playlist_id, video_id) values (93, 75);
insert into codetube.playlist_video (playlist_id, video_id) values (43, 30);
insert into codetube.playlist_video (playlist_id, video_id) values (52, 16);
insert into codetube.playlist_video (playlist_id, video_id) values (55, 1);
insert into codetube.playlist_video (playlist_id, video_id) values (73, 98);
insert into codetube.playlist_video (playlist_id, video_id) values (55, 67);
insert into codetube.playlist_video (playlist_id, video_id) values (72, 1);
insert into codetube.playlist_video (playlist_id, video_id) values (16, 3);
insert into codetube.playlist_video (playlist_id, video_id) values (44, 34);
insert into codetube.playlist_video (playlist_id, video_id) values (18, 11);
insert into codetube.playlist_video (playlist_id, video_id) values (18, 83);
insert into codetube.playlist_video (playlist_id, video_id) values (12, 90);
insert into codetube.playlist_video (playlist_id, video_id) values (12, 49);
insert into codetube.playlist_video (playlist_id, video_id) values (78, 17);
insert into codetube.playlist_video (playlist_id, video_id) values (53, 83);
insert into codetube.playlist_video (playlist_id, video_id) values (8, 8);
insert into codetube.playlist_video (playlist_id, video_id) values (90, 64);
insert into codetube.playlist_video (playlist_id, video_id) values (22, 99);
insert into codetube.playlist_video (playlist_id, video_id) values (74, 70);
insert into codetube.playlist_video (playlist_id, video_id) values (38, 50);
insert into codetube.playlist_video (playlist_id, video_id) values (49, 9);
insert into codetube.playlist_video (playlist_id, video_id) values (3, 65);
insert into codetube.playlist_video (playlist_id, video_id) values (31, 50);
insert into codetube.playlist_video (playlist_id, video_id) values (26, 64);
insert into codetube.playlist_video (playlist_id, video_id) values (57, 55);
insert into codetube.playlist_video (playlist_id, video_id) values (47, 78);
insert into codetube.playlist_video (playlist_id, video_id) values (75, 51);
insert into codetube.playlist_video (playlist_id, video_id) values (44, 59);
insert into codetube.playlist_video (playlist_id, video_id) values (58, 15);
insert into codetube.playlist_video (playlist_id, video_id) values (57, 90);
insert into codetube.playlist_video (playlist_id, video_id) values (45, 9);
insert into codetube.playlist_video (playlist_id, video_id) values (47, 63);
insert into codetube.playlist_video (playlist_id, video_id) values (7, 65);
insert into codetube.playlist_video (playlist_id, video_id) values (95, 5);
insert into codetube.playlist_video (playlist_id, video_id) values (37, 54);
insert into codetube.playlist_video (playlist_id, video_id) values (79, 8);
insert into codetube.playlist_video (playlist_id, video_id) values (56, 55);
insert into codetube.playlist_video (playlist_id, video_id) values (16, 84);
insert into codetube.playlist_video (playlist_id, video_id) values (82, 46);
insert into codetube.playlist_video (playlist_id, video_id) values (97, 24);
insert into codetube.playlist_video (playlist_id, video_id) values (98, 50);
insert into codetube.playlist_video (playlist_id, video_id) values (54, 45);
insert into codetube.playlist_video (playlist_id, video_id) values (30, 74);
insert into codetube.playlist_video (playlist_id, video_id) values (18, 2);
insert into codetube.playlist_video (playlist_id, video_id) values (76, 13);
insert into codetube.playlist_video (playlist_id, video_id) values (34, 15);
insert into codetube.playlist_video (playlist_id, video_id) values (98, 45);
insert into codetube.playlist_video (playlist_id, video_id) values (64, 17);
insert into codetube.playlist_video (playlist_id, video_id) values (36, 79);
insert into codetube.playlist_video (playlist_id, video_id) values (30, 50);
insert into codetube.playlist_video (playlist_id, video_id) values (78, 21);
insert into codetube.playlist_video (playlist_id, video_id) values (79, 93);
insert into codetube.playlist_video (playlist_id, video_id) values (89, 76);
insert into codetube.playlist_video (playlist_id, video_id) values (40, 65);
insert into codetube.playlist_video (playlist_id, video_id) values (34, 8);
insert into codetube.playlist_video (playlist_id, video_id) values (44, 69);
insert into codetube.playlist_video (playlist_id, video_id) values (33, 63);
insert into codetube.playlist_video (playlist_id, video_id) values (83, 80);
insert into codetube.playlist_video (playlist_id, video_id) values (67, 69);
insert into codetube.playlist_video (playlist_id, video_id) values (8, 37);
insert into codetube.playlist_video (playlist_id, video_id) values (16, 15);
insert into codetube.playlist_video (playlist_id, video_id) values (8, 17);
insert into codetube.playlist_video (playlist_id, video_id) values (41, 86);
insert into codetube.playlist_video (playlist_id, video_id) values (98, 67);
insert into codetube.playlist_video (playlist_id, video_id) values (36, 46);
insert into codetube.playlist_video (playlist_id, video_id) values (17, 72);
insert into codetube.playlist_video (playlist_id, video_id) values (70, 62);
insert into codetube.playlist_video (playlist_id, video_id) values (57, 42);
insert into codetube.playlist_video (playlist_id, video_id) values (22, 79);
insert into codetube.playlist_video (playlist_id, video_id) values (76, 92);
insert into codetube.playlist_video (playlist_id, video_id) values (31, 9);
insert into codetube.playlist_video (playlist_id, video_id) values (75, 20);
insert into codetube.playlist_video (playlist_id, video_id) values (85, 64);
insert into codetube.playlist_video (playlist_id, video_id) values (6, 90);
insert into codetube.playlist_video (playlist_id, video_id) values (13, 24);
insert into codetube.playlist_video (playlist_id, video_id) values (46, 81);
insert into codetube.playlist_video (playlist_id, video_id) values (10, 48);
insert into codetube.playlist_video (playlist_id, video_id) values (51, 32);
insert into codetube.playlist_video (playlist_id, video_id) values (67, 95);
insert into codetube.playlist_video (playlist_id, video_id) values (82, 6);
insert into codetube.playlist_video (playlist_id, video_id) values (37, 16);
insert into codetube.playlist_video (playlist_id, video_id) values (29, 40);
insert into codetube.playlist_video (playlist_id, video_id) values (61, 80);
insert into codetube.playlist_video (playlist_id, video_id) values (18, 29);
insert into codetube.playlist_video (playlist_id, video_id) values (7, 60);
insert into codetube.playlist_video (playlist_id, video_id) values (52, 88);
insert into codetube.playlist_video (playlist_id, video_id) values (31, 89);
insert into codetube.playlist_video (playlist_id, video_id) values (2, 98);
insert into codetube.playlist_video (playlist_id, video_id) values (37, 68);
insert into codetube.playlist_video (playlist_id, video_id) values (78, 89);
insert into codetube.playlist_video (playlist_id, video_id) values (37, 76);
insert into codetube.playlist_video (playlist_id, video_id) values (96, 1);
insert into codetube.playlist_video (playlist_id, video_id) values (59, 9);
insert into codetube.playlist_video (playlist_id, video_id) values (57, 62);
insert into codetube.playlist_video (playlist_id, video_id) values (74, 25);
insert into codetube.playlist_video (playlist_id, video_id) values (2, 23);
insert into codetube.playlist_video (playlist_id, video_id) values (18, 5);
insert into codetube.playlist_video (playlist_id, video_id) values (65, 23);
insert into codetube.playlist_video (playlist_id, video_id) values (79, 41);
insert into codetube.playlist_video (playlist_id, video_id) values (75, 8);
insert into codetube.playlist_video (playlist_id, video_id) values (48, 75);
insert into codetube.playlist_video (playlist_id, video_id) values (26, 90);
insert into codetube.playlist_video (playlist_id, video_id) values (87, 34);
insert into codetube.playlist_video (playlist_id, video_id) values (89, 75);
insert into codetube.playlist_video (playlist_id, video_id) values (77, 54);
insert into codetube.playlist_video (playlist_id, video_id) values (65, 15);
insert into codetube.playlist_video (playlist_id, video_id) values (48, 11);
insert into codetube.playlist_video (playlist_id, video_id) values (20, 9);
insert into codetube.playlist_video (playlist_id, video_id) values (100, 12);
insert into codetube.playlist_video (playlist_id, video_id) values (95, 23);
insert into codetube.playlist_video (playlist_id, video_id) values (53, 96);
insert into codetube.playlist_video (playlist_id, video_id) values (31, 75);
insert into codetube.playlist_video (playlist_id, video_id) values (20, 21);
insert into codetube.playlist_video (playlist_id, video_id) values (58, 13);
insert into codetube.playlist_video (playlist_id, video_id) values (19, 57);
insert into codetube.playlist_video (playlist_id, video_id) values (72, 86);
insert into codetube.playlist_video (playlist_id, video_id) values (59, 63);
insert into codetube.playlist_video (playlist_id, video_id) values (99, 51);
insert into codetube.playlist_video (playlist_id, video_id) values (32, 65);
insert into codetube.playlist_video (playlist_id, video_id) values (45, 45);
insert into codetube.playlist_video (playlist_id, video_id) values (11, 59);
insert into codetube.playlist_video (playlist_id, video_id) values (67, 97);
insert into codetube.playlist_video (playlist_id, video_id) values (93, 6);
insert into codetube.playlist_video (playlist_id, video_id) values (56, 89);
insert into codetube.playlist_video (playlist_id, video_id) values (21, 47);
insert into codetube.playlist_video (playlist_id, video_id) values (8, 13);
insert into codetube.playlist_video (playlist_id, video_id) values (87, 83);
insert into codetube.playlist_video (playlist_id, video_id) values (13, 62);
insert into codetube.playlist_video (playlist_id, video_id) values (44, 32);
insert into codetube.playlist_video (playlist_id, video_id) values (90, 31);
insert into codetube.playlist_video (playlist_id, video_id) values (53, 61);
insert into codetube.playlist_video (playlist_id, video_id) values (6, 93);
insert into codetube.playlist_video (playlist_id, video_id) values (22, 48);
insert into codetube.playlist_video (playlist_id, video_id) values (62, 11);
insert into codetube.playlist_video (playlist_id, video_id) values (97, 17);
insert into codetube.playlist_video (playlist_id, video_id) values (58, 74);
insert into codetube.playlist_video (playlist_id, video_id) values (30, 31);
insert into codetube.playlist_video (playlist_id, video_id) values (42, 43);
insert into codetube.playlist_video (playlist_id, video_id) values (56, 64);
insert into codetube.playlist_video (playlist_id, video_id) values (26, 38);
insert into codetube.playlist_video (playlist_id, video_id) values (40, 92);
insert into codetube.playlist_video (playlist_id, video_id) values (61, 33);
insert into codetube.playlist_video (playlist_id, video_id) values (53, 97);
insert into codetube.playlist_video (playlist_id, video_id) values (1, 51);
insert into codetube.playlist_video (playlist_id, video_id) values (30, 98);
insert into codetube.playlist_video (playlist_id, video_id) values (81, 62);
insert into codetube.playlist_video (playlist_id, video_id) values (83, 51);
insert into codetube.playlist_video (playlist_id, video_id) values (8, 64);
insert into codetube.playlist_video (playlist_id, video_id) values (7, 3);
insert into codetube.playlist_video (playlist_id, video_id) values (72, 56);
insert into codetube.playlist_video (playlist_id, video_id) values (85, 99);
insert into codetube.playlist_video (playlist_id, video_id) values (95, 35);
insert into codetube.playlist_video (playlist_id, video_id) values (65, 99);
insert into codetube.playlist_video (playlist_id, video_id) values (12, 24);
insert into codetube.playlist_video (playlist_id, video_id) values (52, 94);
insert into codetube.playlist_video (playlist_id, video_id) values (17, 11);
insert into codetube.playlist_video (playlist_id, video_id) values (49, 49);
insert into codetube.playlist_video (playlist_id, video_id) values (82, 58);
insert into codetube.playlist_video (playlist_id, video_id) values (86, 32);
insert into codetube.playlist_video (playlist_id, video_id) values (24, 49);
insert into codetube.playlist_video (playlist_id, video_id) values (80, 80);
insert into codetube.playlist_video (playlist_id, video_id) values (13, 6);
insert into codetube.playlist_video (playlist_id, video_id) values (81, 85);
insert into codetube.playlist_video (playlist_id, video_id) values (43, 54);
insert into codetube.playlist_video (playlist_id, video_id) values (83, 51);
insert into codetube.playlist_video (playlist_id, video_id) values (67, 18);
insert into codetube.playlist_video (playlist_id, video_id) values (5, 28);
insert into codetube.playlist_video (playlist_id, video_id) values (59, 77);
insert into codetube.playlist_video (playlist_id, video_id) values (28, 83);
insert into codetube.playlist_video (playlist_id, video_id) values (75, 43);
insert into codetube.playlist_video (playlist_id, video_id) values (99, 69);
insert into codetube.playlist_video (playlist_id, video_id) values (25, 100);
insert into codetube.playlist_video (playlist_id, video_id) values (34, 6);
insert into codetube.playlist_video (playlist_id, video_id) values (13, 84);
insert into codetube.playlist_video (playlist_id, video_id) values (73, 75);
insert into codetube.playlist_video (playlist_id, video_id) values (38, 65);
insert into codetube.playlist_video (playlist_id, video_id) values (22, 100);
insert into codetube.playlist_video (playlist_id, video_id) values (50, 80);
insert into codetube.playlist_video (playlist_id, video_id) values (58, 98);
insert into codetube.playlist_video (playlist_id, video_id) values (53, 47);
insert into codetube.playlist_video (playlist_id, video_id) values (51, 70);
insert into codetube.playlist_video (playlist_id, video_id) values (76, 88);
insert into codetube.playlist_video (playlist_id, video_id) values (44, 67);
insert into codetube.playlist_video (playlist_id, video_id) values (81, 94);
insert into codetube.playlist_video (playlist_id, video_id) values (41, 40);
insert into codetube.playlist_video (playlist_id, video_id) values (78, 62);
insert into codetube.playlist_video (playlist_id, video_id) values (43, 50);
insert into codetube.playlist_video (playlist_id, video_id) values (9, 55);
insert into codetube.playlist_video (playlist_id, video_id) values (58, 48);
insert into codetube.playlist_video (playlist_id, video_id) values (54, 67);
insert into codetube.playlist_video (playlist_id, video_id) values (40, 31);
insert into codetube.playlist_video (playlist_id, video_id) values (4, 38);
insert into codetube.playlist_video (playlist_id, video_id) values (33, 49);
insert into codetube.playlist_video (playlist_id, video_id) values (55, 27);
insert into codetube.playlist_video (playlist_id, video_id) values (69, 44);
insert into codetube.playlist_video (playlist_id, video_id) values (42, 74);
insert into codetube.playlist_video (playlist_id, video_id) values (50, 7);
insert into codetube.playlist_video (playlist_id, video_id) values (9, 67);
insert into codetube.playlist_video (playlist_id, video_id) values (47, 87);
insert into codetube.playlist_video (playlist_id, video_id) values (88, 87);
insert into codetube.playlist_video (playlist_id, video_id) values (2, 15);
insert into codetube.playlist_video (playlist_id, video_id) values (60, 12);
insert into codetube.playlist_video (playlist_id, video_id) values (8, 76);
insert into codetube.playlist_video (playlist_id, video_id) values (1, 69);
insert into codetube.playlist_video (playlist_id, video_id) values (30, 44);
insert into codetube.playlist_video (playlist_id, video_id) values (15, 41);
insert into codetube.playlist_video (playlist_id, video_id) values (25, 78);
insert into codetube.playlist_video (playlist_id, video_id) values (38, 68);
insert into codetube.playlist_video (playlist_id, video_id) values (89, 17);
insert into codetube.playlist_video (playlist_id, video_id) values (32, 73);
insert into codetube.playlist_video (playlist_id, video_id) values (87, 97);
insert into codetube.playlist_video (playlist_id, video_id) values (79, 4);
insert into codetube.playlist_video (playlist_id, video_id) values (2, 20);
insert into codetube.playlist_video (playlist_id, video_id) values (71, 66);
insert into codetube.playlist_video (playlist_id, video_id) values (63, 3);
insert into codetube.playlist_video (playlist_id, video_id) values (30, 100);
insert into codetube.playlist_video (playlist_id, video_id) values (20, 24);
insert into codetube.playlist_video (playlist_id, video_id) values (24, 80);
insert into codetube.playlist_video (playlist_id, video_id) values (4, 92);
insert into codetube.playlist_video (playlist_id, video_id) values (100, 36);
insert into codetube.playlist_video (playlist_id, video_id) values (60, 40);
insert into codetube.playlist_video (playlist_id, video_id) values (83, 7);
insert into codetube.playlist_video (playlist_id, video_id) values (47, 10);
insert into codetube.playlist_video (playlist_id, video_id) values (39, 60);
insert into codetube.playlist_video (playlist_id, video_id) values (29, 34);
insert into codetube.playlist_video (playlist_id, video_id) values (88, 69);
insert into codetube.playlist_video (playlist_id, video_id) values (51, 82);
insert into codetube.playlist_video (playlist_id, video_id) values (50, 10);
insert into codetube.playlist_video (playlist_id, video_id) values (90, 59);
insert into codetube.playlist_video (playlist_id, video_id) values (90, 91);
insert into codetube.playlist_video (playlist_id, video_id) values (4, 47);
insert into codetube.playlist_video (playlist_id, video_id) values (39, 19);
insert into codetube.playlist_video (playlist_id, video_id) values (100, 26);
insert into codetube.playlist_video (playlist_id, video_id) values (23, 72);
insert into codetube.playlist_video (playlist_id, video_id) values (44, 58);
insert into codetube.playlist_video (playlist_id, video_id) values (1, 46);
insert into codetube.playlist_video (playlist_id, video_id) values (41, 62);
insert into codetube.playlist_video (playlist_id, video_id) values (88, 49);
insert into codetube.playlist_video (playlist_id, video_id) values (10, 41);
insert into codetube.playlist_video (playlist_id, video_id) values (46, 80);
insert into codetube.playlist_video (playlist_id, video_id) values (95, 16);
insert into codetube.playlist_video (playlist_id, video_id) values (25, 29);
insert into codetube.playlist_video (playlist_id, video_id) values (8, 4);
insert into codetube.playlist_video (playlist_id, video_id) values (98, 81);
insert into codetube.playlist_video (playlist_id, video_id) values (12, 12);
insert into codetube.playlist_video (playlist_id, video_id) values (30, 59);
insert into codetube.playlist_video (playlist_id, video_id) values (7, 100);
insert into codetube.playlist_video (playlist_id, video_id) values (86, 63);
insert into codetube.playlist_video (playlist_id, video_id) values (21, 84);
insert into codetube.playlist_video (playlist_id, video_id) values (58, 79);
insert into codetube.playlist_video (playlist_id, video_id) values (56, 64);
insert into codetube.playlist_video (playlist_id, video_id) values (20, 4);
insert into codetube.playlist_video (playlist_id, video_id) values (84, 58);
insert into codetube.playlist_video (playlist_id, video_id) values (66, 58);
insert into codetube.playlist_video (playlist_id, video_id) values (61, 25);
insert into codetube.playlist_video (playlist_id, video_id) values (47, 38);
insert into codetube.playlist_video (playlist_id, video_id) values (56, 28);
insert into codetube.playlist_video (playlist_id, video_id) values (95, 47);
insert into codetube.playlist_video (playlist_id, video_id) values (49, 15);
insert into codetube.playlist_video (playlist_id, video_id) values (1, 36);
insert into codetube.playlist_video (playlist_id, video_id) values (22, 30);

insert into codetube.stream (id, channel_id, title, description, viewers_count, lajks_count, dislajks_count) values (1, 79, 'Robust 24 hour leverage', 'Morbi non quam nec dui luctus rutrum. Nulla tellus.', 56, 28, 5);
insert into codetube.stream (id, channel_id, title, description, viewers_count, lajks_count, dislajks_count) values (2, 69, 'Organized grid-enabled toolset', 'Nam dui.', 43, 21, 4);
insert into codetube.stream (id, channel_id, title, description, viewers_count, lajks_count, dislajks_count) values (3, 9, 'Universal clear-thinking secured line', 'Proin interdum mauris non ligula pellentesque ultrices. Phasellus id sapien in sapien iaculis congue.', 92, 46, 9);
insert into codetube.stream (id, channel_id, title, description, viewers_count, lajks_count, dislajks_count) values (4, 38, 'Upgradable 5th generation strategy', 'Duis mattis egestas metus.', 31, 15, 3);
insert into codetube.stream (id, channel_id, title, description, viewers_count, lajks_count, dislajks_count) values (5, 42, 'Total 6th generation ability', 'Quisque porta volutpat erat. Quisque erat eros, viverra eget, congue eget, semper rutrum, nulla.', 79, 39, 7);
insert into codetube.stream (id, channel_id, title, description, viewers_count, lajks_count, dislajks_count) values (6, 28, 'Multi-layered foreground infrastructure', 'Fusce lacus purus, aliquet at, feugiat non, pretium quis, lectus. Suspendisse potenti.', 64, 32, 6);
insert into codetube.stream (id, channel_id, title, description, viewers_count, lajks_count, dislajks_count) values (7, 52, 'Business-focused logistical pricing structure', 'Cras mi pede, malesuada in, imperdiet et, commodo vulputate, justo. In blandit ultrices enim.', 85, 42, 8);
insert into codetube.stream (id, channel_id, title, description, viewers_count, lajks_count, dislajks_count) values (8, 93, 'Distributed leading edge software', 'In blandit ultrices enim. Lorem ipsum dolor sit amet, consectetuer adipiscing elit.', 22, 11, 2);
insert into codetube.stream (id, channel_id, title, description, viewers_count, lajks_count, dislajks_count) values (9, 33, 'Face to face well-modulated installation', 'Nam dui. Proin leo odio, porttitor id, consequat in, consequat ut, nulla.', 49, 24, 4);
insert into codetube.stream (id, channel_id, title, description, viewers_count, lajks_count, dislajks_count) values (10, 56, 'Ameliorated motivating encryption', 'Vivamus tortor. Duis mattis egestas metus.', 70, 35, 7);

insert into codetube.stream_channel (id, stream_id, channel_id, action, is_watching) values (1, 10, 55, true, true);
insert into codetube.stream_channel (id, stream_id, channel_id, action, is_watching) values (2, 2, 86, false, true);
insert into codetube.stream_channel (id, stream_id, channel_id, action, is_watching) values (3, 2, 31, false, true);
insert into codetube.stream_channel (id, stream_id, channel_id, action, is_watching) values (4, 2, 75, true, false);
insert into codetube.stream_channel (id, stream_id, channel_id, action, is_watching) values (5, 9, 71, true, true);
insert into codetube.stream_channel (id, stream_id, channel_id, action, is_watching) values (6, 1, 13, false, true);
insert into codetube.stream_channel (id, stream_id, channel_id, action, is_watching) values (7, 8, 55, false, true);
insert into codetube.stream_channel (id, stream_id, channel_id, action, is_watching) values (8, 8, 64, false, false);
insert into codetube.stream_channel (id, stream_id, channel_id, action, is_watching) values (9, 9, 86, true, false);
insert into codetube.stream_channel (id, stream_id, channel_id, action, is_watching) values (10, 10, 62, true, false);
insert into codetube.stream_channel (id, stream_id, channel_id, action, is_watching) values (11, 4, 80, true, false);
insert into codetube.stream_channel (id, stream_id, channel_id, action, is_watching) values (12, 6, 43, true, false);
insert into codetube.stream_channel (id, stream_id, channel_id, action, is_watching) values (13, 7, 75, true, true);
insert into codetube.stream_channel (id, stream_id, channel_id, action, is_watching) values (14, 4, 81, true, true);
insert into codetube.stream_channel (id, stream_id, channel_id, action, is_watching) values (15, 4, 27, false, false);
insert into codetube.stream_channel (id, stream_id, channel_id, action, is_watching) values (16, 8, 91, true, true);
insert into codetube.stream_channel (id, stream_id, channel_id, action, is_watching) values (17, 8, 37, true, false);
insert into codetube.stream_channel (id, stream_id, channel_id, action, is_watching) values (18, 2, 65, false, true);
insert into codetube.stream_channel (id, stream_id, channel_id, action, is_watching) values (19, 2, 83, false, true);
insert into codetube.stream_channel (id, stream_id, channel_id, action, is_watching) values (20, 7, 85, false, true);
insert into codetube.stream_channel (id, stream_id, channel_id, action, is_watching) values (21, 2, 62, false, false);
insert into codetube.stream_channel (id, stream_id, channel_id, action, is_watching) values (22, 9, 97, true, true);
insert into codetube.stream_channel (id, stream_id, channel_id, action, is_watching) values (23, 7, 4, true, true);
insert into codetube.stream_channel (id, stream_id, channel_id, action, is_watching) values (24, 7, 64, false, true);
insert into codetube.stream_channel (id, stream_id, channel_id, action, is_watching) values (25, 7, 5, true, true);
insert into codetube.stream_channel (id, stream_id, channel_id, action, is_watching) values (26, 10, 57, true, true);
insert into codetube.stream_channel (id, stream_id, channel_id, action, is_watching) values (27, 2, 99, false, true);
insert into codetube.stream_channel (id, stream_id, channel_id, action, is_watching) values (28, 6, 82, true, false);
insert into codetube.stream_channel (id, stream_id, channel_id, action, is_watching) values (29, 2, 1, false, true);
insert into codetube.stream_channel (id, stream_id, channel_id, action, is_watching) values (30, 2, 89, true, true);
insert into codetube.stream_channel (id, stream_id, channel_id, action, is_watching) values (31, 3, 65, true, false);
insert into codetube.stream_channel (id, stream_id, channel_id, action, is_watching) values (32, 9, 48, true, false);
insert into codetube.stream_channel (id, stream_id, channel_id, action, is_watching) values (33, 7, 54, false, true);
insert into codetube.stream_channel (id, stream_id, channel_id, action, is_watching) values (34, 6, 32, true, true);
insert into codetube.stream_channel (id, stream_id, channel_id, action, is_watching) values (35, 10, 99, true, true);
insert into codetube.stream_channel (id, stream_id, channel_id, action, is_watching) values (36, 9, 94, false, false);
insert into codetube.stream_channel (id, stream_id, channel_id, action, is_watching) values (37, 8, 53, true, false);
insert into codetube.stream_channel (id, stream_id, channel_id, action, is_watching) values (38, 3, 80, false, false);
insert into codetube.stream_channel (id, stream_id, channel_id, action, is_watching) values (39, 4, 53, true, false);
insert into codetube.stream_channel (id, stream_id, channel_id, action, is_watching) values (40, 8, 18, true, false);
insert into codetube.stream_channel (id, stream_id, channel_id, action, is_watching) values (41, 10, 18, true, true);
insert into codetube.stream_channel (id, stream_id, channel_id, action, is_watching) values (42, 7, 72, false, false);
insert into codetube.stream_channel (id, stream_id, channel_id, action, is_watching) values (43, 5, 23, true, false);
insert into codetube.stream_channel (id, stream_id, channel_id, action, is_watching) values (44, 7, 7, true, true);
insert into codetube.stream_channel (id, stream_id, channel_id, action, is_watching) values (45, 9, 15, false, true);
insert into codetube.stream_channel (id, stream_id, channel_id, action, is_watching) values (46, 9, 7, true, false);
insert into codetube.stream_channel (id, stream_id, channel_id, action, is_watching) values (47, 3, 48, false, false);
insert into codetube.stream_channel (id, stream_id, channel_id, action, is_watching) values (48, 1, 85, false, true);
insert into codetube.stream_channel (id, stream_id, channel_id, action, is_watching) values (49, 1, 60, false, true);
insert into codetube.stream_channel (id, stream_id, channel_id, action, is_watching) values (50, 2, 32, false, true);
insert into codetube.stream_channel (id, stream_id, channel_id, action, is_watching) values (51, 3, 85, true, false);
insert into codetube.stream_channel (id, stream_id, channel_id, action, is_watching) values (52, 5, 28, false, false);
insert into codetube.stream_channel (id, stream_id, channel_id, action, is_watching) values (53, 10, 67, true, true);
insert into codetube.stream_channel (id, stream_id, channel_id, action, is_watching) values (54, 10, 24, false, true);
insert into codetube.stream_channel (id, stream_id, channel_id, action, is_watching) values (55, 9, 51, false, false);
insert into codetube.stream_channel (id, stream_id, channel_id, action, is_watching) values (56, 6, 16, true, true);
insert into codetube.stream_channel (id, stream_id, channel_id, action, is_watching) values (57, 7, 80, false, true);
insert into codetube.stream_channel (id, stream_id, channel_id, action, is_watching) values (58, 5, 4, false, false);
insert into codetube.stream_channel (id, stream_id, channel_id, action, is_watching) values (59, 7, 76, true, false);
insert into codetube.stream_channel (id, stream_id, channel_id, action, is_watching) values (60, 10, 45, true, true);
insert into codetube.stream_channel (id, stream_id, channel_id, action, is_watching) values (61, 9, 88, true, false);
insert into codetube.stream_channel (id, stream_id, channel_id, action, is_watching) values (62, 2, 42, false, true);
insert into codetube.stream_channel (id, stream_id, channel_id, action, is_watching) values (63, 10, 3, false, true);
insert into codetube.stream_channel (id, stream_id, channel_id, action, is_watching) values (64, 7, 74, true, true);
insert into codetube.stream_channel (id, stream_id, channel_id, action, is_watching) values (65, 5, 37, false, true);
insert into codetube.stream_channel (id, stream_id, channel_id, action, is_watching) values (66, 8, 50, false, false);
insert into codetube.stream_channel (id, stream_id, channel_id, action, is_watching) values (67, 8, 7, false, true);
insert into codetube.stream_channel (id, stream_id, channel_id, action, is_watching) values (68, 5, 88, false, false);
insert into codetube.stream_channel (id, stream_id, channel_id, action, is_watching) values (69, 5, 83, false, false);
insert into codetube.stream_channel (id, stream_id, channel_id, action, is_watching) values (70, 5, 92, false, true);
insert into codetube.stream_channel (id, stream_id, channel_id, action, is_watching) values (71, 1, 12, true, true);
insert into codetube.stream_channel (id, stream_id, channel_id, action, is_watching) values (72, 4, 37, false, true);
insert into codetube.stream_channel (id, stream_id, channel_id, action, is_watching) values (73, 5, 18, false, false);
insert into codetube.stream_channel (id, stream_id, channel_id, action, is_watching) values (74, 2, 81, false, false);
insert into codetube.stream_channel (id, stream_id, channel_id, action, is_watching) values (75, 7, 49, false, true);
insert into codetube.stream_channel (id, stream_id, channel_id, action, is_watching) values (76, 3, 86, true, true);
insert into codetube.stream_channel (id, stream_id, channel_id, action, is_watching) values (77, 10, 41, true, true);
insert into codetube.stream_channel (id, stream_id, channel_id, action, is_watching) values (78, 7, 18, false, false);
insert into codetube.stream_channel (id, stream_id, channel_id, action, is_watching) values (79, 2, 96, true, true);
insert into codetube.stream_channel (id, stream_id, channel_id, action, is_watching) values (80, 10, 66, false, false);
insert into codetube.stream_channel (id, stream_id, channel_id, action, is_watching) values (81, 4, 95, true, true);
insert into codetube.stream_channel (id, stream_id, channel_id, action, is_watching) values (82, 2, 38, false, false);
insert into codetube.stream_channel (id, stream_id, channel_id, action, is_watching) values (83, 1, 88, true, false);
insert into codetube.stream_channel (id, stream_id, channel_id, action, is_watching) values (84, 8, 76, false, false);
insert into codetube.stream_channel (id, stream_id, channel_id, action, is_watching) values (85, 3, 93, true, false);
insert into codetube.stream_channel (id, stream_id, channel_id, action, is_watching) values (86, 1, 82, true, true);
insert into codetube.stream_channel (id, stream_id, channel_id, action, is_watching) values (87, 2, 29, true, true);
insert into codetube.stream_channel (id, stream_id, channel_id, action, is_watching) values (88, 3, 8, false, true);
insert into codetube.stream_channel (id, stream_id, channel_id, action, is_watching) values (89, 1, 39, false, true);
insert into codetube.stream_channel (id, stream_id, channel_id, action, is_watching) values (90, 4, 29, true, false);
insert into codetube.stream_channel (id, stream_id, channel_id, action, is_watching) values (91, 10, 14, false, true);
insert into codetube.stream_channel (id, stream_id, channel_id, action, is_watching) values (92, 10, 54, false, false);
insert into codetube.stream_channel (id, stream_id, channel_id, action, is_watching) values (93, 7, 51, true, true);
insert into codetube.stream_channel (id, stream_id, channel_id, action, is_watching) values (94, 3, 80, true, false);
insert into codetube.stream_channel (id, stream_id, channel_id, action, is_watching) values (95, 10, 51, false, true);
insert into codetube.stream_channel (id, stream_id, channel_id, action, is_watching) values (96, 4, 26, false, true);
insert into codetube.stream_channel (id, stream_id, channel_id, action, is_watching) values (97, 9, 71, false, false);
insert into codetube.stream_channel (id, stream_id, channel_id, action, is_watching) values (98, 5, 2, true, true);
insert into codetube.stream_channel (id, stream_id, channel_id, action, is_watching) values (99, 2, 50, false, false);
insert into codetube.stream_channel (id, stream_id, channel_id, action, is_watching) values (100, 9, 79, true, false);
